{
  "test_metrics": {
    "f1_macro": 0.9356580030089747,
    "f1_weighted": 0.9529807469437203,
    "accuracy": 0.9523786583162712,
    "auc_pr": 0.9544549687775392,
    "edr": 0.9876543209876543,
    "confusion_matrix": [
      [
        5794,
        2,
        63,
        0,
        288,
        0,
        0,
        18,
        393,
        1
      ],
      [
        275,
        4554,
        0,
        0,
        47,
        0,
        0,
        40,
        0,
        0
      ],
      [
        1,
        0,
        373,
        0,
        19,
        0,
        0,
        0,
        5,
        0
      ],
      [
        0,
        63,
        0,
        2630,
        1,
        0,
        0,
        2,
        0,
        0
      ],
      [
        94,
        0,
        17,
        16,
        1785,
        0,
        0,
        1,
        1,
        0
      ],
      [
        0,
        0,
        0,
        2,
        2,
        7198,
        57,
        0,
        0,
        2
      ],
      [
        0,
        0,
        0,
        0,
        1,
        2,
        3155,
        1,
        0,
        0
      ],
      [
        183,
        1,
        3,
        0,
        35,
        2,
        0,
        5445,
        0,
        1
      ],
      [
        0,
        1,
        70,
        0,
        3,
        1,
        3,
        10,
        3638,
        5
      ],
      [
        2,
        0,
        7,
        3,
        5,
        48,
        0,
        72,
        108,
        4966
      ]
    ],
    "class_labels": [
      0,
      1,
      2,
      3,
      4,
      5,
      6,
      7,
      8,
      9
    ]
  },
  "cv_aggregate": {
    "accuracy_mean": 0.9533755091901049,
    "accuracy_std": 0.011405818204497493,
    "auc_pr_mean": 0.9660532835643355,
    "auc_pr_std": 0.010355266800568856,
    "edr_mean": 0.9885605651068261,
    "edr_std": 0.0063499716989530094,
    "f1_macro_mean": 0.9283376390304754,
    "f1_macro_std": 0.015142706524921511,
    "f1_weighted_mean": 0.9539433752807029,
    "f1_weighted_std": 0.011195302171889606
  },
  "cv_fold_results": [
    {
      "fold_idx": 0,
      "metrics": {
        "f1_macro": 0.9300528141989075,
        "f1_weighted": 0.9504301650304914,
        "accuracy": 0.9500343252843029,
        "auc_pr": 0.9670120008772312,
        "edr": 0.9885057471264368,
        "confusion_matrix": [
          [
            5091,
            1,
            1,
            0,
            115,
            0,
            0,
            19,
            0,
            16
          ],
          [
            3,
            3990,
            9,
            3,
            0,
            0,
            0,
            4,
            5,
            0
          ],
          [
            0,
            0,
            260,
            26,
            0,
            10,
            0,
            0,
            13,
            0
          ],
          [
            35,
            0,
            0,
            2088,
            45,
            0,
            0,
            0,
            1,
            1
          ],
          [
            223,
            0,
            13,
            35,
            1260,
            3,
            0,
            0,
            5,
            1
          ],
          [
            25,
            27,
            12,
            6,
            3,
            5630,
            23,
            53,
            4,
            23
          ],
          [
            20,
            1,
            0,
            0,
            21,
            2,
            2472,
            0,
            42,
            0
          ],
          [
            10,
            15,
            0,
            0,
            2,
            0,
            0,
            4152,
            0,
            399
          ],
          [
            11,
            0,
            18,
            0,
            7,
            0,
            1,
            3,
            3084,
            6
          ],
          [
            0,
            0,
            2,
            2,
            212,
            0,
            0,
            3,
            134,
            3802
          ]
        ],
        "class_labels": [
          0,
          1,
          2,
          3,
          4,
          5,
          6,
          7,
          8,
          9
        ]
      },
      "history": {
        "epochs_run": 29,
        "best_epoch": 8,
        "stopped_early": true,
        "final_train_loss": 1.0356500789388222e+33,
        "final_val_loss": 7637426219716014.0
      },
      "cost": {
        "wall_time_seconds": 74.59,
        "gpu_memory_peak_mb": 72.08,
        "param_count": 305546,
        "trainable_params": 305546,
        "model_size_mb": 1.1656
      }
    },
    {
      "fold_idx": 1,
      "metrics": {
        "f1_macro": 0.947457561017124,
        "f1_weighted": 0.9727298753805308,
        "accuracy": 0.9722604996704811,
        "auc_pr": 0.9806118861761399,
        "edr": 1.0,
        "confusion_matrix": [
          [
            4890,
            3,
            22,
            0,
            312,
            0,
            0,
            11,
            3,
            1
          ],
          [
            1,
            3923,
            1,
            0,
            0,
            0,
            0,
            83,
            0,
            0
          ],
          [
            26,
            0,
            267,
            0,
            1,
            0,
            0,
            0,
            27,
            0
          ],
          [
            1,
            0,
            0,
            2150,
            3,
            0,
            0,
            2,
            28,
            1
          ],
          [
            59,
            0,
            64,
            0,
            1409,
            0,
            2,
            0,
            1,
            5
          ],
          [
            0,
            0,
            1,
            0,
            6,
            5734,
            64,
            0,
            3,
            0
          ],
          [
            0,
            0,
            0,
            0,
            0,
            0,
            2555,
            0,
            0,
            0
          ],
          [
            14,
            131,
            0,
            0,
            1,
            0,
            0,
            4451,
            1,
            0
          ],
          [
            0,
            0,
            23,
            2,
            0,
            0,
            0,
            0,
            2937,
            5
          ],
          [
            0,
            0,
            3,
            0,
            4,
            5,
            0,
            0,
            6,
            4140
          ]
        ],
        "class_labels": [
          0,
          1,
          2,
          3,
          4,
          5,
          6,
          7,
          8,
          9
        ]
      },
      "history": {
        "epochs_run": 30,
        "best_epoch": 9,
        "stopped_early": true,
        "final_train_loss": 1.663653859901901e+32,
        "final_val_loss": 0.1428231096629467
      },
      "cost": {
        "wall_time_seconds": 71.05,
        "gpu_memory_peak_mb": 72.08,
        "param_count": 305546,
        "trainable_params": 305546,
        "model_size_mb": 1.1656
      }
    },
    {
      "fold_idx": 2,
      "metrics": {
        "f1_macro": 0.9407270201859793,
        "f1_weighted": 0.9594529628738312,
        "accuracy": 0.9591618368256799,
        "auc_pr": 0.973486007281233,
        "edr": 0.9885496183206107,