{
  "test_metrics": {
    "mae": 0.713223644350115,
    "rmse": 0.9166685040315244,
    "r2": -3.5803826644612435,
    "r2_prod": -4.708529850221468,
    "mase": 5.367622226635683
  },
  "cv_aggregate": {
    "mae_mean": 7.630909837061598,
    "mae_std": 5.8630060015982455,
    "rmse_mean": 9.090664766326162,
    "rmse_std": 6.661316099669947,
    "r2_mean": -3.270288076682521,
    "r2_std": 2.0964647338429434,
    "r2_prod_mean": -4.364469450247509,
    "r2_prod_std": 3.271427307452128,
    "mase_mean": 10.447520193158054,
    "mase_std": 9.603605160827184
  },
  "cv_fold_results": [
    {
      "fold_idx": 0,
      "metrics": {
        "mae": 6.567471082713835,
        "rmse": 8.343543906979653,
        "r2": -0.3063774277676934,
        "r2_prod": -0.4348768871102957,
        "mase": 1.8195478353559058
      }
    },
    {
      "fold_idx": 1,
      "metrics": {
        "mae": 15.284011283327056,
        "rmse": 17.596940369035423,
        "r2": -4.687653778848822,
        "r2_prod": -4.214536042773625,
        "mase": 23.84514099000537
      }
    },
    {
      "fold_idx": 2,
      "metrics": {
        "mae": 1.041247145143903,
        "rmse": 1.331510022963411,
        "r2": -4.816833023431048,
        "r2_prod": -8.443995420858606,
        "mase": 5.67787175411289
      }
    }
  ],
  "n_train": 1684,
  "n_test": 421,
  "n_cv_folds": 3,
  "well": "49/22-Z05Z"
}