{
  "test_metrics": {
    "mae": 0.7666939838467903,
    "rmse": 1.0020051857020715,
    "r2": 0.07618755653262843,
    "r2_prod": -0.2437996356084422,
    "mase": 2.290736797716037
  },
  "cv_aggregate": {
    "mae_mean": 0.8141386044733827,
    "mae_std": 0.06536809866287376,
    "rmse_mean": 1.2138432885577124,
    "rmse_std": 0.1113623903250437,
    "r2_mean": -0.9918658732404563,
    "r2_std": 0.5902130742817945,
    "r2_prod_mean": -2.2931501995911727,
    "r2_prod_std": 0.8603704232561581,
    "mase_mean": 3.513079689985472,
    "mase_std": 0.21329832951413588
  },
  "cv_fold_results": [
    {
      "fold_idx": 0,
      "metrics": {
        "mae": 0.7258205528117717,
        "rmse": 1.1145803633142988,
        "r2": -0.19846969484062815,
        "r2_prod": -1.4348891079522401,
        "mase": 3.354205187399963
      }
    },
    {
      "fold_idx": 1,
      "metrics": {
        "mae": 0.8346454888108357,
        "rmse": 1.1575855320754358,
        "r2": -1.16402201167134,
        "r2_prod": -1.9753558350247071,
        "mase": 3.370450655270115
      }
    },
    {
      "fold_idx": 2,
      "metrics": {
        "mae": 0.8819497717975405,
        "rmse": 1.3693639702834028,
        "r2": -1.6131059132094006,
        "r2_prod": -3.4692056557965705,
        "mase": 3.814583227286339
      }
    }
  ],
  "n_train": 4812,
  "n_test": 1203,
  "n_cv_folds": 3,
  "well": "49/22-Z04"
}