{
  "test_metrics": {
    "mae": 1.7340401618205492,
    "rmse": 2.3428764475596537,
    "r2": 0.2397573639602565,
    "r2_prod": 0.29213830436574884,
    "mase": 1.9789425650352659
  },
  "cv_aggregate": {
    "mae_mean": 1.63276988798109,
    "mae_std": 1.6195937892571672,
    "rmse_mean": 2.0054977936834155,
    "rmse_std": 1.8710889037925846,
    "r2_mean": -10.177137338854335,
    "r2_std": 14.171397300755102,
    "r2_prod_mean": -10.511363722840366,
    "r2_prod_std": 14.406624070238301,
    "mase_mean": 11.486482600179938,
    "mase_std": 13.096859035308958
  },
  "cv_fold_results": [
    {
      "fold_idx": 0,
      "metrics": {
        "mae": 3.9182678727640696,
        "rmse": 4.64799625714909,
        "r2": -30.215266913938528,
        "r2_prod": -30.880948294294974,
        "mase": 30.002784784470865
      }
    },
    {
      "fold_idx": 1,
      "metrics": {
        "mae": 0.3596357566155317,
        "rmse": 0.5644072845050858,
        "r2": -0.4707617466414382,
        "r2_prod": -0.6956838068911582,
        "mase": 2.617548608311496
      }
    },
    {
      "fold_idx": 2,
      "metrics": {
        "mae": 0.6204060345636679,
        "rmse": 0.804089839396071,
        "r2": 0.1546166440169605,
        "r2_prod": 0.04254093266502934,
        "mase": 1.8391144077574482
      }
    }
  ],
  "n_train": 3800,
  "n_test": 951,
  "n_cv_folds": 3,
  "well": "49/22-Z07"
}