{
  "test_metrics": {
    "mae": 1.9277132751827641,
    "rmse": 3.1963927708836137,
    "r2": -0.07835434486403914,
    "r2_prod": -0.03087706528180334,
    "mase": 4.3810896425037695
  },
  "cv_aggregate": {
    "mae_mean": 3.102204477361179,
    "mae_std": 1.2033082294618807,
    "rmse_mean": 6.106366740997807,
    "rmse_std": 2.880108000498292,
    "r2_mean": 0.670459601831768,
    "r2_std": 0.21676277853624798,
    "r2_prod_mean": 0.6948831114363778,
    "r2_prod_std": 0.2418747914561873,
    "mase_mean": 1.8775489432857722,
    "mase_std": 0.9405813703596151
  },
  "cv_fold_results": [
    {
      "fold_idx": 0,
      "metrics": {
        "mae": 1.4260272990467762,
        "rmse": 2.0371106381587185,
        "r2": 0.36564611716168793,
        "r2_prod": 0.3540808170352282,
        "mase": 3.2076632382377346
      }
    },
    {
      "fold_idx": 1,
      "metrics": {
        "mae": 3.685835618583553,
        "rmse": 8.293962824801692,
        "r2": 0.7946580490996838,
        "r2_prod": 0.8398781725325313,
        "mase": 1.224194068011819
      }
    },
    {
      "fold_idx": 2,
      "metrics": {
        "mae": 4.194750514453207,
        "rmse": 7.988026760033008,
        "r2": 0.8510746392339319,
        "r2_prod": 0.8906903447413739,
        "mase": 1.2007895236077633
      }
    }
  ],
  "n_train": 20420,
  "n_test": 5106,
  "n_cv_folds": 3
}