{
  "test_metrics": {
    "mae": 2.7753927140130275,
    "rmse": 3.4431687057190845,
    "r2": -0.82866527038791,
    "r2_prod": -0.18455545454232158,
    "mase": 2.286993273260577
  },
  "cv_aggregate": {
    "mae_mean": 0.8412934728784585,
    "mae_std": 0.21974996459772625,
    "rmse_mean": 1.1974401892592488,
    "rmse_std": 0.312611070574142,
    "r2_mean": -3.017177976481063,
    "r2_std": 3.701179734388819,
    "r2_prod_mean": -2.981040449274412,
    "r2_prod_std": 3.509843422831863,
    "mase_mean": 2.4241379253225444,
    "mase_std": 1.3153572131993168
  },
  "cv_fold_results": [
    {
      "fold_idx": 0,
      "metrics": {
        "mae": 0.7392277433310428,
        "rmse": 1.1261740975250958,
        "r2": -8.242547082398778,
        "r2_prod": -7.944625806988858,
        "mase": 4.278419481305199
      }
    },
    {
      "fold_idx": 1,
      "metrics": {
        "mae": 0.6381177411216432,
        "rmse": 0.8552116463203564,
        "r2": -0.6685680712380695,
        "r2_prod": -0.47441680776578377,
        "mase": 1.6253592555645988
      }
    },
    {
      "fold_idx": 2,
      "metrics": {
        "mae": 1.1465349341826894,
        "rmse": 1.6109348239322945,
        "r2": -0.14041877580634132,
        "r2_prod": -0.5240787330685948,
        "mase": 1.3686350390978355
      }
    }
  ],
  "n_train": 4820,
  "n_test": 1206,
  "n_cv_folds": 3,
  "well": "49/22-Z07"
}