{
  "test_metrics": {
    "mae": 4.310099105586545,
    "rmse": 5.89048039743202,
    "r2": -220.7459084413303,
    "r2_prod": -46.52943261550025,
    "mase": 19.594711524444868
  },
  "cv_aggregate": {
    "mae_mean": 8.213628886945417,
    "mae_std": 4.702807895078406,
    "rmse_mean": 9.728815654439064,
    "rmse_std": 5.121230704404083,
    "r2_mean": -6.548945728476791,
    "r2_std": 8.229116459268566,
    "r2_prod_mean": -3.995331071680855,
    "r2_prod_std": 4.288211964384188,
    "mase_mean": 3.791751231708781,
    "mase_std": 2.7930694066751816
  },
  "cv_fold_results": [
    {
      "fold_idx": 0,
      "metrics": {
        "mae": 7.846047259309084,
        "rmse": 10.012909098495442,
        "r2": -1.3773328930819875,
        "r2_prod": -1.4591134453476147,
        "mase": 2.6320128450056823
      }
    },
    {
      "fold_idx": 1,
      "metrics": {
        "mae": 14.14835579476479,
        "rmse": 15.854142710787258,
        "r2": -18.16350355824065,
        "r2_prod": -10.03406278873948,
        "mase": 7.641652568872184
      }
    },
    {
      "fold_idx": 2,
      "metrics": {
        "mae": 2.6464836067623776,
        "rmse": 3.3193951540344924,
        "r2": -0.10600073410773558,
        "r2_prod": -0.492816980955471,
        "mase": 1.1015882812484759
      }
    }
  ],
  "n_train": 2097,
  "n_test": 525,
  "n_cv_folds": 3,
  "well": "49/22-Z06"
}