{
  "test_metrics": {
    "mae": 3.339791131479185,
    "rmse": 3.4906666745724975,
    "r2": -102.45917071881662,
    "r2_prod": -6.831665199120904,
    "mase": 25.988596484078375
  },
  "cv_aggregate": {
    "mae_mean": 2.3300034136067995,
    "mae_std": 0.2245074206443882,
    "rmse_mean": 2.6855974011977555,
    "rmse_std": 0.27293779099639315,
    "r2_mean": -2.023194686966788,
    "r2_std": 0.8657266371257776,
    "r2_prod_mean": -0.8921136938775144,
    "r2_prod_std": 0.5165377527668804,
    "mase_mean": 1.5415066728381828,
    "mase_std": 0.138796565180771
  },
  "cv_fold_results": [
    {
      "fold_idx": 0,
      "metrics": {
        "mae": 2.6207087176387143,
        "rmse": 3.042025332105399,
        "r2": -0.8131252840501213,
        "r2_prod": -0.1640413440613364,
        "mase": 1.3464431935595929
      }
    },
    {
      "fold_idx": 1,
      "metrics": {
        "mae": 2.2952093096202835,
        "rmse": 2.6356873880706573,
        "r2": -2.466913098369413,
        "r2_prod": -1.3076267094525482,
        "mase": 1.620080325871273
      }
    },
    {
      "fold_idx": 2,
      "metrics": {
        "mae": 2.0740922135614004,
        "rmse": 2.3790794834172098,
        "r2": -2.78954567848083,
        "r2_prod": -1.2046730281186586,
        "mase": 1.6579964990836824
      }
    }
  ],
  "n_train": 1061,
  "n_test": 266,
  "n_cv_folds": 3,
  "well": "49/22-Z08"
}