{
  "test_metrics": {
    "mae": 6.537302334038153,
    "rmse": 8.902742345316252,
    "r2": -8.059323223783714,
    "r2_prod": -6.449067863946783,
    "mase": 3.8241709775238752
  },
  "cv_aggregate": {
    "mae_mean": 2.8299233129183654,
    "mae_std": 0.16495366722553093,
    "rmse_mean": 3.7809866895110757,
    "rmse_std": 0.22326949159270593,
    "r2_mean": -1.1931822998605826,
    "r2_std": 0.6636346196761472,
    "r2_prod_mean": -2.0739933574727756,
    "r2_prod_std": 1.0335395662372056,
    "mase_mean": 2.335357106051049,
    "mase_std": 0.38448362693424526
  },
  "cv_fold_results": [
    {
      "fold_idx": 0,
      "metrics": {
        "mae": 2.6411687739373746,
        "rmse": 3.568706730046022,
        "r2": -0.3012586027974875,
        "r2_prod": -0.6691400485145629,
        "mase": 1.853919395340612
      }
    },
    {
      "fold_idx": 1,
      "metrics": {
        "mae": 3.043016046891303,
        "rmse": 4.089553972049411,
        "r2": -1.8920679543338248,
        "r2_prod": -2.4269970051269776,
        "mase": 2.794947583824954
      }
    },
    {
      "fold_idx": 2,
      "metrics": {
        "mae": 2.805585117926418,
        "rmse": 3.684699366437795,
        "r2": -1.3862203424504353,
        "r2_prod": -3.125843018776786,
        "mase": 2.357204338987581
      }
    }
  ],
  "n_train": 5548,
  "n_test": 1388,
  "n_cv_folds": 3,
  "well": "49/22-Z02Z"
}