{
  "test_metrics": {
    "mae": 0.3007825240099973,
    "rmse": 0.42712998105588024,
    "r2": -67.61061404030414,
    "r2_prod": -28.00329907964323,
    "mase": 7.70143899529644
  },
  "cv_aggregate": {
    "mae_mean": 5.271405893215534,
    "mae_std": 1.894912786241552,
    "rmse_mean": 6.100109750839214,
    "rmse_std": 1.8534002456773462,
    "r2_mean": -310.6308137933707,
    "r2_std": 431.43280650287215,
    "r2_prod_mean": -213.242691402761,
    "r2_prod_std": 297.51310034423386,
    "mase_mean": 15.035169295811095,
    "mase_std": 16.839682759109774
  },
  "cv_fold_results": [
    {
      "fold_idx": 0,
      "metrics": {
        "mae": 6.690238715041362,
        "rmse": 7.834266684547717,
        "r2": -10.674750567704397,
        "r2_prod": -5.350599310016757,
        "mase": 4.276712571220548
      }
    },
    {
      "fold_idx": 1,
      "metrics": {
        "mae": 2.593175938826525,
        "rmse": 3.5309256753436205,
        "r2": -0.47715785248065945,
        "r2_prod": -0.3974404590899847,
        "mase": 2.0145585332655545
      }
    },
    {
      "fold_idx": 2,
      "metrics": {
        "mae": 6.5308030257787175,
        "rmse": 6.9351368926263035,
        "r2": -920.740532959927,
        "r2_prod": -633.9800344391763,
        "mase": 38.814236782947184
      }
    }
  ],
  "n_train": 2786,
  "n_test": 697,
  "n_cv_folds": 3,
  "well": "49/22-Z01Z"
}