{
  "test_metrics": {
    "mae": 2.7678537026283783,
    "rmse": 4.058206329975805,
    "r2": -1.7198232081891183,
    "r2_prod": -1.252350025722293,
    "mase": 3.8355258113986475
  },
  "cv_aggregate": {
    "mae_mean": 3.8031777417443835,
    "mae_std": 1.497876690046543,
    "rmse_mean": 6.420328992043825,
    "rmse_std": 3.275669979586477,
    "r2_mean": 0.012356949476700444,
    "r2_std": 1.0470763282197384,
    "r2_prod_mean": -0.14800275000496588,
    "r2_prod_std": 1.3362911048299302,
    "mase_mean": 1.9618717577661713,
    "mase_std": 1.2125270967287995
  },
  "cv_fold_results": [
    {
      "fold_idx": 0,
      "metrics": {
        "mae": 2.101553459767407,
        "rmse": 2.7161304763241043,
        "r2": -1.4679271406552141,
        "r2_prod": -2.0377994155389922,
        "mase": 3.6725097101626636
      }
    },
    {
      "fold_idx": 1,
      "metrics": {
        "mae": 5.7466050803742625,
        "rmse": 10.681620176639903,
        "r2": 0.718995038747236,
        "r2_prod": 0.8004023581683246,
        "mase": 1.0034931516544119
      }
    },
    {
      "fold_idx": 2,
      "metrics": {
        "mae": 3.5613746850914816,
        "rmse": 5.8632363231674685,
        "r2": 0.7860029503380794,
        "r2_prod": 0.79338880735577,
        "mase": 1.2096124114814393
      }
    }
  ],
  "n_train": 25087,
  "n_test": 6272,
  "n_cv_folds": 3
}