{
  "test_metrics": {
    "mae": 2.3993863003655105,
    "rmse": 3.1243983619874576,
    "r2": -0.43766426289059024,
    "r2_prod": 0.0442881691686311,
    "mase": 1.5712140794805682
  },
  "cv_aggregate": {
    "mae_mean": 0.9785553603739072,
    "mae_std": 0.3173689448282729,
    "rmse_mean": 1.3010503024747,
    "rmse_std": 0.35415025633678576,
    "r2_mean": -7.947736692711023,
    "r2_std": 9.603857314263674,
    "r2_prod_mean": -5.722810319384098,
    "r2_prod_std": 6.799287936809185,
    "mase_mean": 3.311302120663431,
    "mase_std": 2.6119834859007747
  },
  "cv_fold_results": [
    {
      "fold_idx": 0,
      "metrics": {
        "mae": 1.3764917542028583,
        "rmse": 1.6769344121390006,
        "r2": -21.458250132216353,
        "r2_prod": -15.316680003160446,
        "mase": 6.966081803210365
      }
    },
    {
      "fold_idx": 1,
      "metrics": {
        "mae": 0.5998108008253956,
        "rmse": 0.8264604530033381,
        "r2": -2.3969022078134015,
        "r2_prod": -1.4859853234156524,
        "mase": 1.948267423605193
      }
    },
    {
      "fold_idx": 2,
      "metrics": {
        "mae": 0.9593635260934675,
        "rmse": 1.3997560422817612,
        "r2": 0.01194226189668357,
        "r2_prod": -0.36576563157619635,
        "mase": 1.0195571351747363
      }
    }
  ],
  "n_train": 4490,
  "n_test": 1123,
  "n_cv_folds": 3,
  "well": "49/22-Z07"
}