{
  "test_metrics": {
    "mae": 2.446772043935103,
    "rmse": 3.792267419252849,
    "r2": -0.5743449196297488,
    "r2_prod": -0.4653612015014632,
    "mase": 2.8525018819788164
  },
  "cv_aggregate": {
    "mae_mean": 3.257866259030546,
    "mae_std": 1.2292055053148443,
    "rmse_mean": 6.241745259837606,
    "rmse_std": 2.8799940187778885,
    "r2_mean": 0.5846886712928913,
    "r2_std": 0.3146305828156185,
    "r2_prod_mean": 0.6000196797357856,
    "r2_prod_std": 0.36028498647728385,
    "mase_mean": 1.15746100164798,
    "mase_std": 0.46016477558049
  },
  "cv_fold_results": [
    {
      "fold_idx": 0,
      "metrics": {
        "mae": 1.541822996620668,
        "rmse": 2.1737379321005865,
        "r2": 0.1412319000393829,
        "r2_prod": 0.09130691925610068,
        "mase": 1.807322215905259
      }
    },
    {
      "fold_idx": 1,
      "metrics": {
        "mae": 3.8754385138633864,
        "rmse": 8.449056766584194,
        "r2": 0.7748231574071789,
        "r2_prod": 0.8295486010790996,
        "mase": 0.8623252377074697
      }
    },
    {
      "fold_idx": 2,
      "metrics": {
        "mae": 4.356337266607582,
        "rmse": 8.102441080828038,
        "r2": 0.838010956432112,
        "r2_prod": 0.8792035188721569,
        "mase": 0.8027355513312112
      }
    }
  ],
  "n_train": 21791,
  "n_test": 5448,
  "n_cv_folds": 3
}