{
  "test_metrics": {
    "mae": 0.6808864652543933,
    "rmse": 0.9096499280189162,
    "r2": -1.899960728003529,
    "r2_prod": -1.927673424987851,
    "mase": 3.3981133949649767
  },
  "cv_aggregate": {
    "mae_mean": 5.859923053581948,
    "mae_std": 6.292193245722779,
    "rmse_mean": 7.197002841834061,
    "rmse_std": 7.15447572441061,
    "r2_mean": -5.225769791722541,
    "r2_std": 3.845633150996214,
    "r2_prod_mean": -6.7108635207018486,
    "r2_prod_std": 6.532517766525504,
    "mase_mean": 5.8989799726787995,
    "mase_std": 3.2559482907241843
  },
  "cv_fold_results": [
    {
      "fold_idx": 0,
      "metrics": {
        "mae": 14.721645836330357,
        "rmse": 17.208346029972674,
        "r2": -3.622257745949753,
        "r2_prod": -1.3652415886587885,
        "mase": 9.746915566319096
      }
    },
    {
      "fold_idx": 1,
      "metrics": {
        "mae": 2.1290229136834338,
        "rmse": 3.460007728887512,
        "r2": -10.528070596894496,
        "r2_prod": -15.908927522024172,
        "mase": 6.165181725962404
      }
    },
    {
      "fold_idx": 2,
      "metrics": {
        "mae": 0.7291004107320559,
        "rmse": 0.9226547666419973,
        "r2": -1.5269810323233761,
        "r2_prod": -2.858421451422583,
        "mase": 1.7848426257548982
      }
    }
  ],
  "n_train": 2241,
  "n_test": 561,
  "n_cv_folds": 3,
  "well": "49/22-Z05Z"
}