{
  "test_metrics": {
    "mae": 4.296919197624676,
    "rmse": 5.475006826962061,
    "r2": -412.02250670903106,
    "r2_prod": -71.7748429752433,
    "mase": 35.26079415423591
  },
  "cv_aggregate": {
    "mae_mean": 9.519297343151022,
    "mae_std": 5.232073825863906,
    "rmse_mean": 12.058978903387121,
    "rmse_std": 7.150212179243789,
    "r2_mean": -5.193093456160711,
    "r2_std": 3.5199140065541865,
    "r2_prod_mean": -3.055243250647949,
    "r2_prod_std": 2.234728938861054,
    "mase_mean": 4.024492808693914,
    "mase_std": 1.9606553475544457
  },
  "cv_fold_results": [
    {
      "fold_idx": 0,
      "metrics": {
        "mae": 15.45386142706879,
        "rmse": 20.66213095873693,
        "r2": -6.50289042693588,
        "r2_prod": -5.992655972648071,
        "mase": 6.433964152413688
      }
    },
    {
      "fold_idx": 1,
      "metrics": {
        "mae": 10.379234478263164,
        "rmse": 12.35931903604229,
        "r2": -8.697283313404919,
        "r2_prod": -2.5963512392926393,
        "mase": 4.008071056085033
      }
    },
    {
      "fold_idx": 2,
      "metrics": {
        "mae": 2.7247961241211143,
        "rmse": 3.1554867153821435,
        "r2": -0.3791066281413349,
        "r2_prod": -0.5767225400031353,
        "mase": 1.6314432175830216
      }
    }
  ],
  "n_train": 2236,
  "n_test": 560,
  "n_cv_folds": 3,
  "well": "49/22-Z06"
}