{
  "test_metrics": {
    "mae": 1.9150952967342787,
    "rmse": 2.5913061115681986,
    "r2": -4.010735137629196,
    "r2_prod": -1.1010611179626695,
    "mase": 2.184953034557126
  },
  "cv_aggregate": {
    "mae_mean": 1.703138229869322,
    "mae_std": 0.34725214621301215,
    "rmse_mean": 2.113591611265591,
    "rmse_std": 0.40019103469941336,
    "r2_mean": -0.5129546733901749,
    "r2_std": 0.2601200957715152,
    "r2_prod_mean": -0.5681483431635691,
    "r2_prod_std": 0.3903986975905632,
    "mase_mean": 2.7911889256991915,
    "mase_std": 0.10194991196416779
  },
  "cv_fold_results": [
    {
      "fold_idx": 0,
      "metrics": {
        "mae": 1.5545377149821833,
        "rmse": 2.0450646385554783,
        "r2": -0.8704667163269464,
        "r2_prod": -1.0941012159589478,
        "mase": 2.6712672321598507
      }
    },
    {
      "fold_idx": 1,
      "metrics": {
        "mae": 2.182795730748571,
        "rmse": 2.634380879968378,
        "r2": -0.4092489730580464,
        "r2_prod": -0.15975218210884368,
        "mase": 2.7818333430437634
      }
    },
    {
      "fold_idx": 2,
      "metrics": {
        "mae": 1.372081243877212,
        "rmse": 1.661329315272917,
        "r2": -0.2591483307855318,
        "r2_prod": -0.4505916314229157,
        "mase": 2.9204662018939604
      }
    }
  ],
  "n_train": 799,
  "n_test": 200,
  "n_cv_folds": 3,
  "well": "49/22-Z08"
}