{
  "test_metrics": {
    "mae": 0.8630091842300796,
    "rmse": 1.0797726312913627,
    "r2": -0.01810137135453882,
    "r2_prod": -0.3825266545789545,
    "mase": 1.4344105145803778
  },
  "cv_aggregate": {
    "mae_mean": 0.9562591037615483,
    "mae_std": 0.11511400114549522,
    "rmse_mean": 1.3920287283918402,
    "rmse_std": 0.24967815822576284,
    "r2_mean": -1.0668051911897543,
    "r2_std": 0.9529109274098237,
    "r2_prod_mean": -3.3259693549602134,
    "r2_prod_std": 2.1194088357491356,
    "mase_mean": 1.9664031780473217,
    "mase_std": 0.32526722211448544
  },
  "cv_fold_results": [
    {
      "fold_idx": 0,
      "metrics": {
        "mae": 0.8676375933957277,
        "rmse": 1.2676100400850483,
        "r2": -0.13303647397104346,
        "r2_prod": -2.2614814197333875,
        "mase": 1.695622944520941
      }
    },
    {
      "fold_idx": 1,
      "metrics": {
        "mae": 0.8823052369523001,
        "rmse": 1.1680584671528766,
        "r2": -0.692193358231157,
        "r2_prod": -1.4316952829962042,
        "mase": 1.779758052140304
      }
    },
    {
      "fold_idx": 2,
      "metrics": {
        "mae": 1.1188344809366173,
        "rmse": 1.7404176779375957,
        "r2": -2.375185741367062,
        "r2_prod": -6.2847313621510486,
        "mase": 2.4238285374807207
      }
    }
  ],
  "n_train": 5039,
  "n_test": 1260,
  "n_cv_folds": 3,
  "well": "49/22-Z04"
}