{
  "test_metrics": {
    "mae": 0.3529345142190781,
    "rmse": 0.5395485860882683,
    "r2": -124.93067977947666,
    "r2_prod": -48.34260703892633,
    "mase": 10.472357503380383
  },
  "cv_aggregate": {
    "mae_mean": 5.722484930180486,
    "mae_std": 1.943610934415469,
    "rmse_mean": 6.76822512095699,
    "rmse_std": 2.2488840670541315,
    "r2_mean": -319.3192785857642,
    "r2_std": 440.3727520521739,
    "r2_prod_mean": -206.49055234553066,
    "r2_prod_std": 286.805900559782,
    "mase_mean": 16.160672797164093,
    "mase_std": 17.851511767100728
  },
  "cv_fold_results": [
    {
      "fold_idx": 0,
      "metrics": {
        "mae": 7.700771569693988,
        "rmse": 9.48437115941285,
        "r2": -14.833866164583252,
        "r2_prod": -6.561834399547285,
        "mase": 4.7216296258422545
      }
    },
    {
      "fold_idx": 1,
      "metrics": {
        "mae": 3.0807007917608167,
        "rmse": 3.977276550988418,
        "r2": -1.0742417657464651,
        "r2_prod": -0.8279856407968544,
        "mase": 2.3897883570419665
      }
    },
    {
      "fold_idx": 2,
      "metrics": {
        "mae": 6.385982429086655,
        "rmse": 6.843027652469703,
        "r2": -942.0497278269629,
        "r2_prod": -612.0818369962478,
        "mase": 41.370600408608055
      }
    }
  ],
  "n_train": 2940,
  "n_test": 736,
  "n_cv_folds": 3,
  "well": "49/22-Z01Z"
}