{
  "test_metrics": {
    "mae": 2.2695072961870353,
    "rmse": 2.6676142831393825,
    "r2": -6.3501021435048255,
    "r2_prod": -1.0079193873313148,
    "mase": 3.412268500161454
  },
  "cv_aggregate": {
    "mae_mean": 2.0457333690858084,
    "mae_std": 0.4363718514211796,
    "rmse_mean": 2.3697752420939406,
    "rmse_std": 0.4791417655825311,
    "r2_mean": -1.1264726303653498,
    "r2_std": 0.6009551691865452,
    "r2_prod_mean": -0.9684631334175657,
    "r2_prod_std": 0.3306508914109422,
    "mase_mean": 1.2514789726022222,
    "mase_std": 0.06410382332485214
  },
  "cv_fold_results": [
    {
      "fold_idx": 0,
      "metrics": {
        "mae": 1.999093985969206,
        "rmse": 2.3396899187497224,
        "r2": -0.3340320881040466,
        "r2_prod": -1.43472885695083,
        "mase": 1.17667617260972
      }
    },
    {
      "fold_idx": 1,
      "metrics": {
        "mae": 2.6019687810221064,
        "rmse": 2.9710656349154103,
        "r2": -1.7886800502334967,
        "r2_prod": -0.7046345996469328,
        "mase": 1.2445254846800367
      }
    },
    {
      "fold_idx": 2,
      "metrics": {
        "mae": 1.536137340266113,
        "rmse": 1.798570172616689,
        "r2": -1.2567057527585064,
        "r2_prod": -0.7660259436549344,
        "mase": 1.3332352605169098
      }
    }
  ],
  "n_train": 908,
  "n_test": 227,
  "n_cv_folds": 3,
  "well": "49/22-Z08"
}