{
  "test_metrics": {
    "mae": 1.1338450850177473,
    "rmse": 1.3795409350216785,
    "r2": -0.7539970090919665,
    "r2_prod": -0.4812491767675371,
    "mase": 1.8446498670038165
  },
  "cv_aggregate": {
    "mae_mean": 1.0784797155485804,
    "mae_std": 0.08527821288876217,
    "rmse_mean": 1.481555229775885,
    "rmse_std": 0.16886622962599573,
    "r2_mean": -0.888955698653505,
    "r2_std": 0.5479473344094014,
    "r2_prod_mean": -3.8696268320004292,
    "r2_prod_std": 1.7640175636293274,
    "mase_mean": 1.9176016460272785,
    "mase_std": 0.3520163968104345
  },
  "cv_fold_results": [
    {
      "fold_idx": 0,
      "metrics": {
        "mae": 1.1308843829291437,
        "rmse": 1.4947223715742406,
        "r2": -0.2664862637820433,
        "r2_prod": -5.4271609938636916,
        "mase": 1.847962070620855
      }
    },
    {
      "fold_idx": 1,
      "metrics": {
        "mae": 0.9582089306230361,
        "rmse": 1.2684682084338736,
        "r2": -0.8004801786450906,
        "r2_prod": -1.4031979223362758,
        "mase": 1.5255302736111787
      }
    },
    {
      "fold_idx": 2,
      "metrics": {
        "mae": 1.146345833093561,
        "rmse": 1.6814751093195406,
        "r2": -1.599900653533381,
        "r2_prod": -4.77852157980132,
        "mase": 2.379312593849802
      }
    }
  ],
  "n_train": 5273,
  "n_test": 1319,
  "n_cv_folds": 3,
  "well": "49/22-Z04"
}