{
  "test_metrics": {
    "mae": 0.7185776803551561,
    "rmse": 0.9057202318468339,
    "r2": -2.7409306484880793,
    "r2_prod": -4.527658094723367,
    "mase": 2.5262949030603776
  },
  "cv_aggregate": {
    "mae_mean": 7.818315418131642,
    "mae_std": 6.202332166447529,
    "rmse_mean": 9.153471368479172,
    "rmse_std": 6.832841163078904,
    "r2_mean": -5.063173593765544,
    "r2_std": 3.9778661773600543,
    "r2_prod_mean": -6.3679688708225894,
    "r2_prod_std": 4.224271321134595,
    "mase_mean": 6.424887996700558,
    "mase_std": 6.221241940922129
  },
  "cv_fold_results": [
    {
      "fold_idx": 0,
      "metrics": {
        "mae": 6.352013029571047,
        "rmse": 8.014237304426937,
        "r2": -0.3331750479647746,
        "r2_prod": -0.45892631799167605,
        "mase": 1.3359624119681612
      }
    },
    {
      "fold_idx": 1,
      "metrics": {
        "mae": 16.040849392948708,
        "rmse": 18.033213962148476,
        "r2": -10.065494292851897,
        "r2_prod": -8.56149450108396,
        "mase": 15.18488811306577
      }
    },
    {
      "fold_idx": 2,
      "metrics": {
        "mae": 1.0620838318751693,
        "rmse": 1.4129628388621045,
        "r2": -4.790851440479963,
        "r2_prod": -10.083485793392132,
        "mase": 2.753813465067742
      }
    }
  ],
  "n_train": 1795,
  "n_test": 449,
  "n_cv_folds": 3,
  "well": "49/22-Z05Z"
}