{
  "test_metrics": {
    "mae": 0.38953541905323247,
    "rmse": 0.5903933097809904,
    "r2": -145.40442419964972,
    "r2_prod": -50.10468902409898,
    "mase": 12.073025174749903
  },
  "cv_aggregate": {
    "mae_mean": 5.693414017795078,
    "mae_std": 2.399466661451643,
    "rmse_mean": 6.92616494926845,
    "rmse_std": 3.0472884746902014,
    "r2_mean": -211.70512444733936,
    "r2_std": 286.92360187543255,
    "r2_prod_mean": -133.2850885271399,
    "r2_prod_std": 181.07008928105174,
    "mase_mean": 14.519126743601957,
    "mase_std": 14.291418353088469
  },
  "cv_fold_results": [
    {
      "fold_idx": 0,
      "metrics": {
        "mae": 8.997521681892366,
        "rmse": 11.178874946572178,
        "r2": -15.254886433565897,
        "r2_prod": -9.023265987906633,
        "mase": 5.066386462217121
      }
    },
    {
      "fold_idx": 1,
      "metrics": {
        "mae": 3.3717970467020186,
        "rmse": 4.1958283026385255,
        "r2": -2.451450757873793,
        "r2_prod": -1.5118599678371272,
        "mase": 3.774516511544742
      }
    },
    {
      "fold_idx": 2,
      "metrics": {
        "mae": 4.710923324790848,
        "rmse": 5.403791598594645,
        "r2": -617.4090361505783,
        "r2_prod": -389.32013962567595,
        "mase": 34.716477257044005
      }
    }
  ],
  "n_train": 3098,
  "n_test": 775,
  "n_cv_folds": 3,
  "well": "49/22-Z01Z"
}