{
  "test_metrics": {
    "mae": 2.4682545568316203,
    "rmse": 3.6498125041600304,
    "r2": -0.6636668299597588,
    "r2_prod": -0.4146132280325525,
    "mase": 2.905336961606061
  },
  "cv_aggregate": {
    "mae_mean": 3.806421118022461,
    "mae_std": 0.7275406557834001,
    "rmse_mean": 6.6789983661866925,
    "rmse_std": 2.286499602491197,
    "r2_mean": -0.07048201232185307,
    "r2_std": 1.226284387147767,
    "r2_prod_mean": -0.2282711124124818,
    "r2_prod_std": 1.5213638144041348,
    "mase_mean": 1.7892367068009414,
    "mase_std": 1.2747564225871626
  },
  "cv_fold_results": [
    {
      "fold_idx": 0,
      "metrics": {
        "mae": 2.7891184521697507,
        "rmse": 3.454996352919389,
        "r2": -1.804709662112804,
        "r2_prod": -2.379794822510059,
        "mase": 3.5914907059276726
      }
    },
    {
      "fold_idx": 1,
      "metrics": {
        "mae": 4.181676149413367,
        "rmse": 8.506589057464305,
        "r2": 0.7976020027497115,
        "r2_prod": 0.8530654474190398,
        "mase": 0.9257434336622911
      }
    },
    {
      "fold_idx": 2,
      "metrics": {
        "mae": 4.448468752484265,
        "rmse": 8.075409688176384,
        "r2": 0.7956616223975334,
        "r2_prod": 0.8419160378535739,
        "mase": 0.8504759808128608
      }
    }
  ],
  "n_train": 23260,
  "n_test": 5815,
  "n_cv_folds": 3
}