{
  "test_metrics": {
    "mae": 2.5615377467584275,
    "rmse": 3.411074232069132,
    "r2": -0.37344724735788515,
    "r2_prod": -0.4529196941419482,
    "mase": 1.2892110860436323
  },
  "cv_aggregate": {
    "mae_mean": 3.0006395426908843,
    "mae_std": 0.8683178612879628,
    "rmse_mean": 3.883840755012324,
    "rmse_std": 1.0488665086984352,
    "r2_mean": -1.5475503714685288,
    "r2_std": 0.35086499574253827,
    "r2_prod_mean": -2.5779994363204066,
    "r2_prod_std": 0.6373785734085808,
    "mase_mean": 2.492907750128897,
    "mase_std": 0.07721675755353957
  },
  "cv_fold_results": [
    {
      "fold_idx": 0,
      "metrics": {
        "mae": 4.114364009177989,
        "rmse": 5.192309488440262,
        "r2": -1.6334891242653646,
        "r2_prod": -3.473073418695166,
        "mase": 2.5992815028875165
      }
    },
    {
      "fold_idx": 1,
      "metrics": {
        "mae": 1.9958071967070254,
        "rmse": 2.6245331614613194,
        "r2": -1.081354972793703,
        "r2_prod": -2.222707191961115,
        "mase": 2.4183407424670325
      }
    },
    {
      "fold_idx": 2,
      "metrics": {
        "mae": 2.8917474221876387,
        "rmse": 3.8346796151353897,
        "r2": -1.9278070173465185,
        "r2_prod": -2.0382176983049387,
        "mase": 2.4611010050321434
      }
    }
  ],
  "n_train": 5056,
  "n_test": 1265,
  "n_cv_folds": 3,
  "well": "49/22-Z02Z"
}