{
  "test_metrics": {
    "mae": 2.1221159014872595,
    "rmse": 2.7435272684596708,
    "r2": 0.04833339324184638,
    "r2_prod": -0.16254574282272505,
    "mase": 2.903021243606362
  },
  "cv_aggregate": {
    "mae_mean": 2.6621903029882965,
    "mae_std": 0.7617292378989697,
    "rmse_mean": 3.552134841386536,
    "rmse_std": 0.9552381422276133,
    "r2_mean": -1.463942826356197,
    "r2_std": 0.32203872100343217,
    "r2_prod_mean": -2.3696938869123794,
    "r2_prod_std": 0.7031696585705774,
    "mase_mean": 4.386212602084771,
    "mase_std": 0.43679729137984386
  },
  "cv_fold_results": [
    {
      "fold_idx": 0,
      "metrics": {
        "mae": 3.6037996466665407,
        "rmse": 4.676265158500492,
        "r2": -1.6506222628075529,
        "r2_prod": -3.3639571980842655,
        "mase": 4.9999989430309
      }
    },
    {
      "fold_idx": 1,
      "metrics": {
        "mae": 1.7382013080216112,
        "rmse": 2.3412491104378907,
        "r2": -1.0108441641931338,
        "r2_prod": -1.8566970447680808,
        "mase": 4.019007273748442
      }
    },
    {
      "fold_idx": 2,
      "metrics": {
        "mae": 2.644569954276737,
        "rmse": 3.6388902552212246,
        "r2": -1.7303620520679046,
        "r2_prod": -1.8884274178847917,
        "mase": 4.139631589474969
      }
    }
  ],
  "n_train": 4816,
  "n_test": 1204,
  "n_cv_folds": 3,
  "well": "49/22-Z02Z"
}