{
  "test_metrics": {
    "mae": 0.6918351025823717,
    "rmse": 0.8832174484078562,
    "r2": -2.0210775574598,
    "r2_prod": -4.153537523225555,
    "mase": 2.452506647144223
  },
  "cv_aggregate": {
    "mae_mean": 6.716860550497113,
    "mae_std": 4.415124985425355,
    "rmse_mean": 8.227593965098968,
    "rmse_std": 5.384204549590417,
    "r2_mean": -65.83748067448592,
    "r2_std": 89.56137669650772,
    "r2_prod_mean": -137.047911700306,
    "r2_prod_std": 186.91611585989617,
    "mase_mean": 11.806844038496036,
    "mase_std": 13.742970032538144
  },
  "cv_fold_results": [
    {
      "fold_idx": 0,
      "metrics": {
        "mae": 7.164038841079156,
        "rmse": 8.65770375627135,
        "r2": -0.4184707530188796,
        "r2_prod": -0.6394962874323773,
        "mase": 1.5937267754055917
      }
    },
    {
      "fold_idx": 1,
      "metrics": {
        "mae": 11.886787571652148,
        "rmse": 14.596287403357143,
        "r2": -192.47315424297156,
        "r2_prod": -401.34140954171386,
        "mase": 31.233773293758897
      }
    },
    {
      "fold_idx": 2,
      "metrics": {
        "mae": 1.0997552387600358,
        "rmse": 1.4287907356684129,
        "r2": -4.620817027467286,
        "r2_prod": -9.162829271771788,
        "mase": 2.5930320463236187
      }
    }
  ],
  "n_train": 1952,
  "n_test": 489,
  "n_cv_folds": 3,
  "well": "49/22-Z05Z"
}