{
  "test_metrics": {
    "mae": 1.547927650410216,
    "rmse": 1.846884619496905,
    "r2": -2.6276545503739084,
    "r2_prod": -0.8141788276549646,
    "mase": 3.152454035318669
  },
  "cv_aggregate": {
    "mae_mean": 1.167309635814147,
    "mae_std": 0.15459603518406909,
    "rmse_mean": 1.5985291052376256,
    "rmse_std": 0.23326965376159367,
    "r2_mean": -1.1987314331543562,
    "r2_std": 0.9844796875173714,
    "r2_prod_mean": -5.4463477475664135,
    "r2_prod_std": 3.556839634775679,
    "mase_mean": 2.258292822595963,
    "mase_std": 0.543797962964751
  },
  "cv_fold_results": [
    {
      "fold_idx": 0,
      "metrics": {
        "mae": 1.241868735039183,
        "rmse": 1.6604873323627385,
        "r2": -0.5857926064845791,
        "r2_prod": -6.5350298564411435,
        "mase": 2.2103410381082638
      }
    },
    {
      "fold_idx": 1,
      "metrics": {
        "mae": 0.9520396182433298,
        "rmse": 1.286938194671245,
        "r2": -0.42259755868158244,
        "r2_prod": -0.6490382320857699,
        "mase": 1.6175508750308805
      }
    },
    {
      "fold_idx": 2,
      "metrics": {
        "mae": 1.3080205541599281,
        "rmse": 1.8481617886788932,
        "r2": -2.5878041342969067,
        "r2_prod": -9.154975154172327,
        "mase": 2.9469865546487446
      }
    }
  ],
  "n_train": 5542,
  "n_test": 1386,
  "n_cv_folds": 3,
  "well": "49/22-Z04"
}