{
  "test_metrics": {
    "mae": 3.2316969350835323,
    "rmse": 4.227341232155028,
    "r2": -1.014703434560293,
    "r2_prod": -1.0774487542699496,
    "mase": 1.5748506433311698
  },
  "cv_aggregate": {
    "mae_mean": 2.783209823026579,
    "mae_std": 0.5241862629374983,
    "rmse_mean": 3.7118953677854445,
    "rmse_std": 0.6800999073759237,
    "r2_mean": -1.0108755351858203,
    "r2_std": 0.08967118421241757,
    "r2_prod_mean": -1.7477149098079952,
    "r2_prod_std": 0.28512714191758626,
    "mase_mean": 2.115689823969335,
    "mase_std": 0.1347301598132313
  },
  "cv_fold_results": [
    {
      "fold_idx": 0,
      "metrics": {
        "mae": 3.523680633145945,
        "rmse": 4.669077413688225,
        "r2": -1.1316184603252628,
        "r2_prod": -2.1247929343921674,
        "mase": 2.094280485536935
      }
    },
    {
      "fold_idx": 1,
      "metrics": {
        "mae": 2.4435373350306753,
        "rmse": 3.3148869671879364,
        "r2": -0.9840784890468319,
        "r2_prod": -1.6828907030927307,
        "mase": 2.2903595934839327
      }
    },
    {
      "fold_idx": 2,
      "metrics": {
        "mae": 2.382411500903117,
        "rmse": 3.1517217224801723,
        "r2": -0.9169296561853666,
        "r2_prod": -1.435461091939087,
        "mase": 1.9624293928871381
      }
    }
  ],
  "n_train": 5304,
  "n_test": 1326,
  "n_cv_folds": 3,
  "well": "49/22-Z02Z"
}