{
  "test_metrics": {
    "mae": 3.572900466426153,
    "rmse": 4.522918265931258,
    "r2": -6549.668016822889,
    "r2_prod": -511.9421811774786,
    "mase": 307.76040572799013
  },
  "cv_aggregate": {
    "mae_mean": 8.527966550262446,
    "mae_std": 5.506052361380237,
    "rmse_mean": 10.04493802319083,
    "rmse_std": 6.443840311824583,
    "r2_mean": -8.21128619764997,
    "r2_std": 7.233612326855693,
    "r2_prod_mean": -5.668810868167863,
    "r2_prod_std": 5.588983794734674,
    "mase_mean": 5.276661215727368,
    "mase_std": 3.176984747763994
  },
  "cv_fold_results": [
    {
      "fold_idx": 0,
      "metrics": {
        "mae": 16.313009100036357,
        "rmse": 19.140758106329958,
        "r2": -18.175104688068032,
        "r2_prod": -13.508173662015203,
        "mase": 9.540545574032263
      }
    },
    {
      "fold_idx": 1,
      "metrics": {
        "mae": 4.775991648678517,
        "rmse": 5.980928495999474,
        "r2": -1.2220250250599207,
        "r2_prod": -0.8754000929228938,
        "mase": 1.9182135267871712
      }
    },
    {
      "fold_idx": 2,
      "metrics": {
        "mae": 4.494898902072466,
        "rmse": 5.01312746724306,
        "r2": -5.236728879821956,
        "r2_prod": -2.6228588495654925,
        "mase": 4.3712245463626695
      }
    }
  ],
  "n_train": 2444,
  "n_test": 612,
  "n_cv_folds": 3,
  "well": "49/22-Z06"
}