{
  "test_metrics": {
    "mae": 3.099224006028706,
    "rmse": 4.319951224007535,
    "r2": -20.726809023511407,
    "r2_prod": -5.170361661523864,
    "mase": 12.530375080911469
  },
  "cv_aggregate": {
    "mae_mean": 8.724906785258403,
    "mae_std": 6.10404904280881,
    "rmse_mean": 10.443209685657228,
    "rmse_std": 6.97283837693837,
    "r2_mean": -9.423080957447555,
    "r2_std": 12.633588256905234,
    "r2_prod_mean": -9.254726712618968,
    "r2_prod_std": 12.334351439866245,
    "mase_mean": 7.211326344676277,
    "mase_std": 6.891338262643877
  },
  "cv_fold_results": [
    {
      "fold_idx": 0,
      "metrics": {
        "mae": 5.780103978434844,
        "rmse": 7.096697969700533,
        "r2": -0.40298424634741004,
        "r2_prod": -0.5783983441931437,
        "mase": 2.6803254041676254
      }
    },
    {
      "fold_idx": 1,
      "metrics": {
        "mae": 17.224770347744094,
        "rmse": 20.149606713039997,
        "r2": -27.289390760697767,
        "r2_prod": -26.698055248934935,
        "mase": 16.94933224705319
      }
    },
    {
      "fold_idx": 2,
      "metrics": {
        "mae": 3.16984602959627,
        "rmse": 4.083324374231157,
        "r2": -0.5768678652974877,
        "r2_prod": -0.4877265447288268,
        "mase": 2.0043213828080173
      }
    }
  ],
  "n_train": 1922,
  "n_test": 481,
  "n_cv_folds": 3,
  "well": "49/22-Z06"
}