{
  "test_metrics": {
    "mae": 1.9735493041501404,
    "rmse": 2.6393370857135956,
    "r2": 0.0031870683923804766,
    "r2_prod": 0.1338252439918176,
    "mase": 1.2325168136713154
  },
  "cv_aggregate": {
    "mae_mean": 1.0820637273478906,
    "mae_std": 0.6058024794425136,
    "rmse_mean": 1.3892238658833724,
    "rmse_std": 0.6935198610569676,
    "r2_mean": -4.897316047418692,
    "r2_std": 6.26346670593602,
    "r2_prod_mean": -4.342242868854783,
    "r2_prod_std": 5.595511717886071,
    "mase_mean": 3.9438688325623033,
    "mase_std": 3.631654895507641
  },
  "cv_fold_results": [
    {
      "fold_idx": 0,
      "metrics": {
        "mae": 1.8985261472488026,
        "rmse": 2.295973417280574,
        "r2": -13.732009875955775,
        "r2_prod": -12.229979694542163,
        "mase": 9.071319808331817
      }
    },
    {
      "fold_idx": 1,
      "metrics": {
        "mae": 0.4490285943551401,
        "rmse": 0.6121074728393281,
        "r2": -1.034641542379331,
        "r2_prod": -0.9482225295931301,
        "mase": 1.6357030997391204
      }
    },
    {
      "fold_idx": 2,
      "metrics": {
        "mae": 0.8986364404397289,
        "rmse": 1.259590707530215,
        "r2": 0.07470327607902993,
        "r2_prod": 0.15147361757094235,
        "mase": 1.124583589615974
      }
    }
  ],
  "n_train": 4108,
  "n_test": 1027,
  "n_cv_folds": 3,
  "well": "49/22-Z07"
}