{
  "test_metrics": {
    "mae": 0.37237701566994913,
    "rmse": 0.5608584867875388,
    "r2": -80.32584424416427,
    "r2_prod": -31.341676188679003,
    "mase": 9.22917870622301
  },
  "cv_aggregate": {
    "mae_mean": 5.400476162915081,
    "mae_std": 2.2214359835424706,
    "rmse_mean": 6.220356893647145,
    "rmse_std": 2.257803213157147,
    "r2_mean": -218.41231843553533,
    "r2_std": 298.271568722911,
    "r2_prod_mean": -163.79899231066324,
    "r2_prod_std": 223.942859338434,
    "mase_mean": 17.884277998505635,
    "mase_std": 15.89960035390121
  },
  "cv_fold_results": [
    {
      "fold_idx": 0,
      "metrics": {
        "mae": 8.093620633703672,
        "rmse": 9.097022429467637,
        "r2": -14.631432374345147,
        "r2_prod": -10.569644412893169,
        "mase": 8.535100378247513
      }
    },
    {
      "fold_idx": 1,
      "metrics": {
        "mae": 2.6530483360833297,
        "rmse": 3.5819784723215564,
        "r2": -0.45294370828561314,
        "r2_prod": -0.3799570016014633,
        "mase": 4.848965750488952
      }
    },
    {
      "fold_idx": 2,
      "metrics": {
        "mae": 5.45475951895824,
        "rmse": 5.982069779152239,
        "r2": -640.1525792239752,
        "r2_prod": -480.4473755174951,
        "mase": 40.268767866780436
      }
    }
  ],
  "n_train": 2586,
  "n_test": 647,
  "n_cv_folds": 3,
  "well": "49/22-Z01Z"
}