{
  "test_metrics": {
    "mae": 0.17927232751888583,
    "rmse": 0.3632180471275997,
    "r2": -1.1704071511913363,
    "r2_prod": -1.0834457224723741,
    "mase": 2.8220354104136325
  },
  "cv_aggregate": {
    "mae_mean": 2.4859043930593523,
    "mae_std": 0.91533639400834,
    "rmse_mean": 2.7203083094608522,
    "rmse_std": 0.9093141099297763,
    "r2_mean": -205.9969599067698,
    "r2_std": 288.03949420103123,
    "r2_prod_mean": -2.7730809121852737,
    "r2_prod_std": 2.8575741209773757,
    "mase_mean": 54.946926650429795,
    "mase_std": 74.89757393021046
  },
  "cv_fold_results": [
    {
      "fold_idx": 0,
      "metrics": {
        "mae": 2.1402201108584413,
        "rmse": 2.4697632355195003,
        "r2": -2.2603376879146375,
        "r2_prod": -1.1193294776918705,
        "mase": 1.5312553139868457
      }
    },
    {
      "fold_idx": 1,
      "metrics": {
        "mae": 1.57840498905765,
        "rmse": 1.7532445428057335,
        "r2": -2.3842292075157596,
        "r2_prod": -0.40661599147887983,
        "mase": 2.442740423582579
      }
    },
    {
      "fold_idx": 2,
      "metrics": {
        "mae": 3.739088079261965,
        "rmse": 3.9379171500573227,
        "r2": -613.346312824879,
        "r2_prod": -6.793297267385071,
        "mase": 160.86678421371997
      }
    }
  ],
  "n_train": 1390,
  "n_test": 348,
  "n_cv_folds": 3,
  "well": "49/22-Z08"
}