{
  "test_metrics": {
    "mae": 1.5435135738489218,
    "rmse": 2.7477199335816236,
    "r2": -0.16456180143277055,
    "r2_prod": -0.987450198005116,
    "mase": 1.271893935137825
  },
  "cv_aggregate": {
    "mae_mean": 0.5949563610002001,
    "mae_std": 0.390627676831896,
    "rmse_mean": 1.0569708278311072,
    "rmse_std": 0.6665747301184978,
    "r2_mean": -0.4575736590667685,
    "r2_std": 0.18650808729081003,
    "r2_prod_mean": -0.8601675677162214,
    "r2_prod_std": 0.13545314293751232,
    "mase_mean": 1.2646737045723024,
    "mase_std": 0.1732007158101069
  },
  "cv_fold_results": [
    {
      "fold_idx": 0,
      "metrics": {
        "mae": 0.24393247666883155,
        "rmse": 0.42176370393909673,
        "r2": -0.296340258324711,
        "r2_prod": -0.706900448219201,
        "mase": 1.4118050488746159
      }
    },
    {
      "fold_idx": 1,
      "metrics": {
        "mae": 0.4010476116334327,
        "rmse": 0.7713607140647225,
        "r2": -0.3574122003555178,
        "r2_prod": -0.8372861865850338,
        "mase": 1.0215143781219778
      }
    },
    {
      "fold_idx": 2,
      "metrics": {
        "mae": 1.139888994698336,
        "rmse": 1.9777880654895021,
        "r2": -0.7189685185200767,
        "r2_prod": -1.0363160683444295,
        "mase": 1.3607016867203137
      }
    }
  ],
  "n_train": 4820,
  "n_test": 1206,
  "n_cv_folds": 3,
  "well": "49/22-Z07"
}