{
  "test_metrics": {
    "mae": 0.08752423305136489,
    "rmse": 0.2836768134623045,
    "r2": -0.1087970652949859,
    "r2_prod": -0.8550834372990224,
    "mase": 0.7182294623640064
  },
  "cv_aggregate": {
    "mae_mean": 2.3269257462469333,
    "mae_std": 0.31788674623698304,
    "rmse_mean": 3.9990043877003347,
    "rmse_std": 0.8464559063174095,
    "r2_mean": -0.0024567555481782577,
    "r2_std": 0.5179723313182345,
    "r2_prod_mean": -0.31376328661573316,
    "r2_prod_std": 0.7363877564519046,
    "mase_mean": 1.0590854655566344,
    "mase_std": 0.08077864405959241
  },
  "cv_fold_results": [
    {
      "fold_idx": 0,
      "metrics": {
        "mae": 2.639116840341719,
        "rmse": 4.173570543717586,
        "r2": 0.693878451528126,
        "r2_prod": 0.7181632211337563,
        "mase": 1.0987534232090352
      }
    },
    {
      "fold_idx": 1,
      "metrics": {
        "mae": 2.4509739403854356,
        "rmse": 4.937331564559249,
        "r2": -0.5475531877437181,
        "r2_prod": -0.7082927983453826,
        "mase": 0.9464742058049562
      }
    },
    {
      "fold_idx": 2,
      "metrics": {
        "mae": 1.8906864580136458,
        "rmse": 2.886111054824168,
        "r2": -0.15369553042894268,
        "r2_prod": -0.9511602826355732,
        "mase": 1.1320287676559113
      }
    }
  ],
  "n_train": 2236,
  "n_test": 560,
  "n_cv_folds": 3,
  "well": "49/22-Z06"
}