{
  "test_metrics": {
    "mae": 0.7387824579862841,
    "rmse": 1.6228754458057355,
    "r2": 0.7220212537800019,
    "r2_prod": 0.7337626063424602,
    "mase": 1.6790215725626108
  },
  "cv_aggregate": {
    "mae_mean": 3.4203054314405517,
    "mae_std": 1.931410779106646,
    "rmse_mean": 8.754235185110817,
    "rmse_std": 4.9516244969798375,
    "r2_mean": 0.5774777738316074,
    "r2_std": 0.043391692784366796,
    "r2_prod_mean": 0.6325704934380769,
    "r2_prod_std": 0.050544249393544356,
    "mase_mean": 1.5160044706662736,
    "mase_std": 0.06836765324782319
  },
  "cv_fold_results": [
    {
      "fold_idx": 0,
      "metrics": {
        "mae": 0.7168753653149978,
        "rmse": 1.7598867487776382,
        "r2": 0.526552517597707,
        "r2_prod": 0.5659640509844875,
        "mase": 1.6125180473447145
      }
    },
    {
      "fold_idx": 1,
      "metrics": {
        "mae": 4.434202755301606,
        "rmse": 11.956121066208459,
        "r2": 0.5732887205093374,
        "r2_prod": 0.6434066701798324,
        "mase": 1.4727527950603414
      }
    },
    {
      "fold_idx": 2,
      "metrics": {
        "mae": 5.109838173705051,
        "rmse": 12.546697740346357,
        "r2": 0.6325920833877778,
        "r2_prod": 0.6883407591499108,
        "mase": 1.462742569593765
      }
    }
  ],
  "n_train": 20420,
  "n_test": 5106,
  "n_cv_folds": 3
}