{
  "test_metrics": {
    "mae": 0.2530046650712459,
    "rmse": 0.39115706788401017,
    "r2": 0.16597415843855523,
    "r2_prod": -0.05017696558633178,
    "mase": 1.9040780187768003
  },
  "cv_aggregate": {
    "mae_mean": 2.2284510383229925,
    "mae_std": 2.3200792256222713,
    "rmse_mean": 3.6944757155499466,
    "rmse_std": 3.3144137714660027,
    "r2_mean": 0.26130826430961174,
    "r2_std": 0.4878885722610266,
    "r2_prod_mean": 0.008097477546275397,
    "r2_prod_std": 0.6853200961846032,
    "mase_mean": 1.5630983528460864,
    "mase_std": 0.20868323377105352
  },
  "cv_fold_results": [
    {
      "fold_idx": 0,
      "metrics": {
        "mae": 5.495997150137183,
        "rmse": 8.26379240651949,
        "r2": -0.28152284942590233,
        "r2_prod": -0.6567577354084924,
        "mase": 1.5226910924626418
      }
    },
    {
      "fold_idx": 1,
      "metrics": {
        "mae": 0.8525698689149378,
        "rmse": 2.3148127877030746,
        "r2": 0.9015783655235792,
        "r2_prod": 0.9512386917866299,
        "mase": 1.3301252106692822
      }
    },
    {
      "fold_idx": 2,
      "metrics": {
        "mae": 0.33678609591685654,
        "rmse": 0.504821952427275,
        "r2": 0.16386927683115837,
        "r2_prod": -0.27018852373931135,
        "mase": 1.836478755406335
      }
    }
  ],
  "n_train": 1684,
  "n_test": 421,
  "n_cv_folds": 3,
  "well": "49/22-Z05Z"
}