{
  "test_metrics": {
    "mae": 0.5425624409593979,
    "rmse": 1.1237323658580527,
    "r2": -0.3042867595746872,
    "r2_prod": -1.5823627831492804,
    "mase": 0.8157579972388361
  },
  "cv_aggregate": {
    "mae_mean": 1.3903275222500058,
    "mae_std": 0.31332938492460766,
    "rmse_mean": 2.0556405780569773,
    "rmse_std": 0.42399693699254776,
    "r2_mean": -0.570335831584827,
    "r2_std": 0.3776463645652636,
    "r2_prod_mean": -2.471271031829942,
    "r2_prod_std": 1.201812528232086,
    "mase_mean": 0.8454537658121956,
    "mase_std": 0.01381920002392846
  },
  "cv_fold_results": [
    {
      "fold_idx": 0,
      "metrics": {
        "mae": 1.4645373573526717,
        "rmse": 2.1287827727055784,
        "r2": -0.10436430860916346,
        "r2_prod": -0.7965301730278664,
        "mase": 0.8620336134212355
      }
    },
    {
      "fold_idx": 1,
      "metrics": {
        "mae": 1.7315513380330252,
        "rmse": 2.5344797720444467,
        "r2": -1.0293261723091103,
        "r2_prod": -3.057718522029395,
        "mase": 0.8282035449200911
      }
    },
    {
      "fold_idx": 2,
      "metrics": {
        "mae": 0.9748938713643198,
        "rmse": 1.5036591894209073,
        "r2": -0.5773170138362074,
        "r2_prod": -3.5595644004325644,
        "mase": 0.8461241390952602
      }
    }
  ],
  "n_train": 908,
  "n_test": 227,
  "n_cv_folds": 3,
  "well": "49/22-Z08"
}