{
  "test_metrics": {
    "mae": 0.01804779680944641,
    "rmse": 0.052060255718804134,
    "r2": -0.13837130497629158,
    "r2_prod": -1.1150355021526641,
    "mase": 0.5593624984316028
  },
  "cv_aggregate": {
    "mae_mean": 1.0491019823923666,
    "mae_std": 0.6799411581229682,
    "rmse_mean": 2.1551511983669465,
    "rmse_std": 1.3299833298760433,
    "r2_mean": -0.5699562300785034,
    "r2_std": 0.235246011676102,
    "r2_prod_mean": -1.0089074394544897,
    "r2_prod_std": 0.29616291361105435,
    "mase_mean": 1.0851065875375,
    "mase_std": 0.30920522385182275
  },
  "cv_fold_results": [
    {
      "fold_idx": 0,
      "metrics": {
        "mae": 1.6885990064729857,
        "rmse": 3.124087151439475,
        "r2": -0.26950385856783043,
        "r2_prod": -0.7790790256314404,
        "mase": 0.9508279556275213
      }
    },
    {
      "fold_idx": 1,
      "metrics": {
        "mae": 1.3512559023367126,
        "rmse": 3.066804930620724,
        "r2": -0.84390512334737,
        "r2_prod": -0.8205843098660885,
        "mase": 1.5126467115453734
      }
    },
    {
      "fold_idx": 2,
      "metrics": {
        "mae": 0.10745103836740179,
        "rmse": 0.2745615130406411,
        "r2": -0.5964597083203096,
        "r2_prod": -1.42705898286594,
        "mase": 0.7918450954396044
      }
    }
  ],
  "n_train": 3098,
  "n_test": 775,
  "n_cv_folds": 3,
  "well": "49/22-Z01Z"
}