{
  "test_metrics": {
    "mae": 1.580119414542509,
    "rmse": 2.80240159358266,
    "r2": -0.15660593612372842,
    "r2_prod": -0.7635582319622705,
    "mase": 1.0347253674873362
  },
  "cv_aggregate": {
    "mae_mean": 0.5188384433624779,
    "mae_std": 0.35804982236906735,
    "rmse_mean": 0.9244538898352879,
    "rmse_std": 0.6716572243497111,
    "r2_mean": -0.43258248069778965,
    "r2_std": 0.23943291119728238,
    "r2_prod_mean": -0.7320844291650604,
    "r2_prod_std": 0.16205796330616407,
    "mase_mean": 1.0734809872357747,
    "mase_std": 0.03878023754510849
  },
  "cv_fold_results": [
    {
      "fold_idx": 0,
      "metrics": {
        "mae": 0.21996355445703217,
        "rmse": 0.40347627759976756,
        "r2": -0.30010902070311873,
        "r2_prod": -0.5721465696445913,
        "mase": 1.1131807432874647
      }
    },
    {
      "fold_idx": 1,
      "metrics": {
        "mae": 0.3142916176362856,
        "rmse": 0.4971041348111408,
        "r2": -0.22894838002906592,
        "r2_prod": -0.6698946939575168,
        "mase": 1.0208621107028073
      }
    },
    {
      "fold_idx": 2,
      "metrics": {
        "mae": 1.0222601579941157,
        "rmse": 1.8727812570949551,
        "r2": -0.7686900413611844,
        "r2_prod": -0.9542120238930734,
        "mase": 1.086400107717052
      }
    }
  ],
  "n_train": 4490,
  "n_test": 1123,
  "n_cv_folds": 3,
  "well": "49/22-Z07"
}