{
  "test_metrics": {
    "mae": 0.576262620733933,
    "rmse": 0.95630126134041,
    "r2": 0.20142474473147653,
    "r2_prod": -0.3599490962072691,
    "mase": 0.9578080713913074
  },
  "cv_aggregate": {
    "mae_mean": 0.49933936111429206,
    "mae_std": 0.011040860046988529,
    "rmse_mean": 1.0572215872974065,
    "rmse_std": 0.14648653493532024,
    "r2_mean": -0.08830594682496266,
    "r2_std": 0.024769963279830713,
    "r2_prod_mean": -1.8674770392281566,
    "r2_prod_std": 1.012022626227592,
    "mase_mean": 1.0207512409315147,
    "mase_std": 0.025972214819544755
  },
  "cv_fold_results": [
    {
      "fold_idx": 0,
      "metrics": {
        "mae": 0.5045482680927832,
        "rmse": 1.262139690554685,
        "r2": -0.12327837575745826,
        "r2_prod": -2.9092504344231993,
        "mase": 0.9860379800373906
      }
    },
    {
      "fold_idx": 1,
      "metrics": {
        "mae": 0.5094825094360873,
        "rmse": 0.9284208274076323,
        "r2": -0.06908090164602276,
        "r2_prod": -0.4966986786566221,
        "mase": 1.0277119080984742
      }
    },
    {
      "fold_idx": 2,
      "metrics": {
        "mae": 0.4839873058140057,
        "rmse": 0.9811042439299024,
        "r2": -0.07255856307140696,
        "r2_prod": -2.1964820046046474,
        "mase": 1.0485038346586788
      }
    }
  ],
  "n_train": 5039,
  "n_test": 1260,
  "n_cv_folds": 3,
  "well": "49/22-Z04"
}