{
  "test_metrics": {
    "mae": 0.2991139839841269,
    "rmse": 0.8629069014061572,
    "r2": 0.1331057042397269,
    "r2_prod": 0.11447013329424793,
    "mase": 1.2093383388797039
  },
  "cv_aggregate": {
    "mae_mean": 2.2590217128787216,
    "mae_std": 0.5224791727365106,
    "rmse_mean": 3.873325901699552,
    "rmse_std": 0.579969717468826,
    "r2_mean": 0.1131715012951426,
    "r2_std": 0.3225841271780323,
    "r2_prod_mean": -0.12730082905570117,
    "r2_prod_std": 0.5260425499216904,
    "mase_mean": 1.4561272706013755,
    "mase_std": 0.10894174135007531
  },
  "cv_fold_results": [
    {
      "fold_idx": 0,
      "metrics": {
        "mae": 2.911053291843677,
        "rmse": 4.633470343844674,
        "r2": 0.4019287509455697,
        "r2_prod": 0.21640341743777924,
        "mase": 1.3499013374370485
      }
    },
    {
      "fold_idx": 1,
      "metrics": {
        "mae": 1.6319779447306506,
        "rmse": 3.2264529495968532,
        "r2": 0.27466084919927525,
        "r2_prod": 0.2722328102948891,
        "mase": 1.6058812887874305
      }
    },
    {
      "fold_idx": 2,
      "metrics": {
        "mae": 2.2340339020618365,
        "rmse": 3.7600544116571286,
        "r2": -0.3370750962594171,
        "r2_prod": -0.8705387148997719,
        "mase": 1.4125991855796476
      }
    }
  ],
  "n_train": 1922,
  "n_test": 481,
  "n_cv_folds": 3,
  "well": "49/22-Z06"
}