{
  "test_metrics": {
    "mae": 1.944932309177319,
    "rmse": 3.1745606642794963,
    "r2": -0.18958890027332842,
    "r2_prod": -0.8765718487319423,
    "mase": 0.9788761839519793
  },
  "cv_aggregate": {
    "mae_mean": 1.2286547201638574,
    "mae_std": 0.3276233341153065,
    "rmse_mean": 2.3487271339493137,
    "rmse_std": 0.7829437458917397,
    "r2_mean": 0.09008108444825895,
    "r2_std": 0.1689331062595202,
    "r2_prod_mean": -0.3964841114205931,
    "r2_prod_std": 0.4084442136893181,
    "mase_mean": 1.0260494045696789,
    "mase_std": 0.016334874578351557
  },
  "cv_fold_results": [
    {
      "fold_idx": 0,
      "metrics": {
        "mae": 1.6312259641369964,
        "rmse": 3.4223416866876697,
        "r2": -0.1440819196211911,
        "r2_prod": -0.9550405759150604,
        "mase": 1.03053970580942
      }
    },
    {
      "fold_idx": 1,
      "metrics": {
        "mae": 0.8287290500256521,
        "rmse": 1.5773666483550257,
        "r2": 0.24819132311492953,
        "r2_prod": 0.01027361142418215,
        "mase": 1.0041797772098289
      }
    },
    {
      "fold_idx": 2,
      "metrics": {
        "mae": 1.2260091463289238,
        "rmse": 2.0464730668052455,
        "r2": 0.1661338498510384,
        "r2_prod": -0.24468536977090105,
        "mase": 1.043428730689788
      }
    }
  ],
  "n_train": 5056,
  "n_test": 1265,
  "n_cv_folds": 3,
  "well": "49/22-Z02Z"
}