{
  "test_metrics": {
    "mae": 0.024101464546843282,
    "rmse": 0.06669608031819278,
    "r2": -0.15006559531068153,
    "r2_prod": -0.8324627849264856,
    "mase": 0.5973427843937293
  },
  "cv_aggregate": {
    "mae_mean": 0.8216820316992823,
    "mae_std": 0.49146213992436205,
    "rmse_mean": 1.8163739921039488,
    "rmse_std": 1.0985392150505224,
    "r2_mean": -0.09395631303254015,
    "r2_std": 0.1942386850092239,
    "r2_prod_mean": -0.524201217853915,
    "r2_prod_std": 0.5775431373301538,
    "mase_mean": 1.4269244575121902,
    "mase_std": 0.4093162032699068
  },
  "cv_fold_results": [
    {
      "fold_idx": 0,
      "metrics": {
        "mae": 1.2517107742584475,
        "rmse": 2.467798367619332,
        "r2": -0.15032243580160687,
        "r2_prod": -0.4593820324570168,
        "mase": 1.3199873809678377
      }
    },
    {
      "fold_idx": 1,
      "metrics": {
        "mae": 1.0795408071496524,
        "rmse": 2.71210247942795,
        "r2": 0.16705747073234323,
        "r2_prod": 0.1485012146741932,
        "mase": 1.9730723820327136
      }
    },
    {
      "fold_idx": 2,
      "metrics": {
        "mae": 0.13379451368974712,
        "rmse": 0.2692211292645641,
        "r2": -0.2986039740283568,
        "r2_prod": -1.2617228357789214,
        "mase": 0.9877136095360194
      }
    }
  ],
  "n_train": 2586,
  "n_test": 647,
  "n_cv_folds": 3,
  "well": "49/22-Z01Z"
}