{
  "test_metrics": {
    "mae": 6.54905097324817,
    "rmse": 10.980299306356551,
    "r2": -0.3838336132532012,
    "r2_prod": -0.3860559755089026,
    "mase": 1.7606297861372913
  },
  "cv_aggregate": {
    "mae_mean": 3.2924865018941567,
    "mae_std": 1.030653040569379,
    "rmse_mean": 7.056480457728667,
    "rmse_std": 1.1228270736541712,
    "r2_mean": -0.3167426041799574,
    "r2_std": 0.03320295630045904,
    "r2_prod_mean": -0.3149622983053753,
    "r2_prod_std": 0.03146410395315266,
    "mase_mean": 1.1409561612456072,
    "mase_std": 0.18783132257626473
  },
  "cv_fold_results": [
    {
      "fold_idx": 0,
      "metrics": {
        "mae": 3.0402773575291495,
        "rmse": 6.789660114191353,
        "r2": -0.28495019075970873,
        "r2_prod": -0.2846627921901832,
        "mase": 1.1803502005045323
      }
    },
    {
      "fold_idx": 1,
      "metrics": {
        "mae": 4.661837407542544,
        "rmse": 8.545514520627219,
        "r2": -0.3027124630119613,
        "r2_prod": -0.3018907880453279,
        "mase": 1.348760769883445
      }
    },
    {
      "fold_idx": 2,
      "metrics": {
        "mae": 2.1753447406107775,
        "rmse": 5.834266738367429,
        "r2": -0.36256515876820217,
        "r2_prod": -0.3583333146806149,
        "mase": 0.8937575133488442
      }
    }
  ],
  "n_train": 27395,
  "n_test": 6849,
  "n_cv_folds": 3
}