{
  "test_metrics": {
    "mae": 4.1051749552124095,
    "rmse": 8.723569102290439,
    "r2": -0.2542174171836229,
    "r2_prod": -0.250657413267825,
    "mase": 0.9067564694738742
  },
  "cv_aggregate": {
    "mae_mean": 2.3168498327968514,
    "mae_std": 0.16565109065848288,
    "rmse_mean": 6.129517953515923,
    "rmse_std": 0.33907777475329387,
    "r2_mean": -0.264109394775143,
    "r2_std": 0.03847295312256519,
    "r2_prod_mean": -0.2583146352663808,
    "r2_prod_std": 0.04223470471714436,
    "mase_mean": 0.8603947283313748,
    "mase_std": 0.03164286270949803
  },
  "cv_fold_results": [
    {
      "fold_idx": 0,
      "metrics": {
        "mae": 2.118876734985068,
        "rmse": 5.658698337384047,
        "r2": -0.21741133598902418,
        "r2_prod": -0.20525657585280532,
        "mase": 0.8765233459787637
      }
    },
    {
      "fold_idx": 1,
      "metrics": {
        "mae": 2.524304880178669,
        "rmse": 6.4437140090908205,
        "r2": -0.2632774262118982,
        "r2_prod": -0.26108893550163637,
        "mase": 0.8884802038814006
      }
    },
    {
      "fold_idx": 2,
      "metrics": {
        "mae": 2.307367883226817,
        "rmse": 6.286141514072901,
        "r2": -0.3116394221245067,
        "r2_prod": -0.30859839444470083,
        "mase": 0.8161806351339602
      }
    }
  ],
  "n_train": 17594,
  "n_test": 4399,
  "n_cv_folds": 3
}