{
  "test_metrics": {
    "mae": 0.6780795157506321,
    "rmse": 3.184526776188142,
    "r2": -0.12055518776476948,
    "r2_prod": -0.12085776979085328,
    "mase": 0.8338205923985835
  },
  "cv_aggregate": {
    "mae_mean": 0.6738046682077323,
    "mae_std": 0.03313657508377543,
    "rmse_mean": 3.4070224854461943,
    "rmse_std": 0.15775850923442128,
    "r2_mean": -0.1436934724980632,
    "r2_std": 0.08392331428103547,
    "r2_prod_mean": -0.1437134010493283,
    "r2_prod_std": 0.08393602385340086,
    "mase_mean": 0.9579766389688832,
    "mase_std": 0.054786423011147334
  },
  "cv_fold_results": [
    {
      "fold_idx": 0,
      "metrics": {
        "mae": 0.7201427674909489,
        "rmse": 3.627306460189067,
        "r2": -0.2272551478004845,
        "r2_prod": -0.22729201885903216,
        "mase": 1.0276026445448057
      }
    },
    {
      "fold_idx": 1,
      "metrics": {
        "mae": 0.6445829886800243,
        "rmse": 3.2662561824511975,
        "r2": -0.028921067968481484,
        "r2_prod": -0.02892515287654862,
        "mase": 0.9525998847562885
      }
    },
    {
      "fold_idx": 2,
      "metrics": {
        "mae": 0.656688248452224,
        "rmse": 3.327504813698318,
        "r2": -0.17490420172522358,
        "r2_prod": -0.17492303141240417,
        "mase": 0.8937273876055554
      }
    }
  ],
  "n_train": 31697,
  "n_test": 7925,
  "n_cv_folds": 3
}