{
  "test_metrics": {
    "mae": 1.8852377147967767,
    "rmse": 4.709496001322019,
    "r2": -0.2614023893053805,
    "r2_prod": -0.2622390261808558,
    "mase": 0.619092429271728
  },
  "cv_aggregate": {
    "mae_mean": 0.3014074400029368,
    "mae_std": 0.14201448024964503,
    "rmse_mean": 1.2765559476082473,
    "rmse_std": 0.84157466376776,
    "r2_mean": -0.019390141278267475,
    "r2_std": 0.006990312976069121,
    "r2_prod_mean": -0.017453749132203693,
    "r2_prod_std": 0.009287675027826766,
    "mase_mean": 0.6330731667359321,
    "mase_std": 0.04180649445505425
  },
  "cv_fold_results": [
    {
      "fold_idx": 0,
      "metrics": {
        "mae": 0.22156872099298447,
        "rmse": 1.2410773845852459,
        "r2": -0.013454759119467363,
        "r2_prod": -0.01195274070544583,
        "mase": 0.650843500117001
      }
    },
    {
      "fold_idx": 1,
      "metrics": {
        "mae": 0.18172885744410494,
        "rmse": 0.26403903490488434,
        "r2": -0.015511290002080402,
        "r2_prod": -0.009874899984876562,
        "mase": 0.6730227817749699
      }
    },
    {
      "fold_idx": 2,
      "metrics": {
        "mae": 0.5009247415717211,
        "rmse": 2.324551423334612,
        "r2": -0.029204374713254655,
        "r2_prod": -0.030533606706288685,
        "mase": 0.5753532183158252
      }
    }
  ],
  "n_train": 1479,
  "n_test": 370,
  "n_cv_folds": 3,
  "well": "well_15"
}