{
  "test_metrics": {
    "mae": 0.9291272535769964,
    "rmse": 3.743860928647681,
    "r2": -0.1260165804930573,
    "r2_prod": -0.12609681456474253,
    "mase": 0.9587916700066694
  },
  "cv_aggregate": {
    "mae_mean": 0.8810756137549417,
    "mae_std": 0.05024179718417988,
    "rmse_mean": 3.9153252826613483,
    "rmse_std": 0.19244391488875634,
    "r2_mean": -0.24218065020030813,
    "r2_std": 0.20166278091161535,
    "r2_prod_mean": -0.2419466793276637,
    "r2_prod_std": 0.20200729756900984,
    "mase_mean": 1.050035275394949,
    "mase_std": 0.06579293477080388
  },
  "cv_fold_results": [
    {
      "fold_idx": 0,
      "metrics": {
        "mae": 0.9520341596739703,
        "rmse": 4.177092124693735,
        "r2": -0.45154086034221175,
        "r2_prod": -0.45156754818458333,
        "mase": 1.127823656634305
      }
    },
    {
      "fold_idx": 1,
      "metrics": {
        "mae": 0.8424307686137775,
        "rmse": 3.7199392967670053,
        "r2": 0.030213624261642757,
        "r2_prod": 0.030955221009849043,
        "mase": 1.055354105558218
      }
    },
    {
      "fold_idx": 2,
      "metrics": {
        "mae": 0.8487619129770775,
        "rmse": 3.848944426523305,
        "r2": -0.3052147145203554,
        "r2_prod": -0.30522771080825684,
        "mase": 0.9669280639923236
      }
    }
  ],
  "n_train": 31687,
  "n_test": 7922,
  "n_cv_folds": 3
}