{
  "test_metrics": {
    "mae": 0.4956104507357437,
    "rmse": 3.3643010563955014,
    "r2": -0.7504031611349016,
    "r2_prod": -0.7504031611349016,
    "mase": 2.417599624392679
  },
  "cv_aggregate": {
    "mae_mean": 0.23483838477237004,
    "mae_std": 0.26372269535397397,
    "rmse_mean": 1.2455987074275252,
    "rmse_std": 1.430228542956833,
    "r2_mean": -0.010750046111927722,
    "r2_std": 0.5265267273492005,
    "r2_prod_mean": -0.010750046111927722,
    "r2_prod_std": 0.5265267273492005,
    "mase_mean": 1.7830071018344504,
    "mase_std": 0.38439901363316165
  },
  "cv_fold_results": [
    {
      "fold_idx": 0,
      "metrics": {
        "mae": 0.0811187450696924,
        "rmse": 0.4560654462277669,
        "r2": -0.5357479323256185,
        "r2_prod": -0.5357479323256185,
        "mase": 1.3250770066532882
      }
    },
    {
      "fold_idx": 1,
      "metrics": {
        "mae": 0.6059807123342533,
        "rmse": 3.25306755782097,
        "r2": -0.20555680658088127,
        "r2_prod": -0.20555680658088127,
        "mase": 1.7582618353486223
      }
    },
    {
      "fold_idx": 2,
      "metrics": {
        "mae": 0.017415696913164348,
        "rmse": 0.027663118233838723,
        "r2": 0.7090546005707166,
        "r2_prod": 0.7090546005707166,
        "mase": 2.2656824635014408
      }
    }
  ],
  "n_train": 1656,
  "n_test": 414,
  "n_cv_folds": 3,
  "well": "well_34"
}