{
  "test_metrics": {
    "mae": 0.24878152946822296,
    "rmse": 2.0454926080404876,
    "r2": -0.020621179099465925,
    "r2_prod": -0.020621179099465925,
    "mase": 0.5578666116515001
  },
  "cv_aggregate": {
    "mae_mean": 0.39610650709697176,
    "mae_std": 0.5242106958101299,
    "rmse_mean": 1.6139544199305194,
    "rmse_std": 2.2158015535139555,
    "r2_mean": 0.19647643706972526,
    "r2_std": 0.41526625035337283,
    "r2_prod_mean": 0.19647643706972526,
    "r2_prod_std": 0.41526625035337283,
    "mase_mean": 2.2356678471546614,
    "mase_std": 0.8511029933940213
  },
  "cv_fold_results": [
    {
      "fold_idx": 0,
      "metrics": {
        "mae": 1.1374442352514182,
        "rmse": 4.747516156011694,
        "r2": -0.2238777394350686,
        "r2_prod": -0.2238777394350686,
        "mase": 3.4043439977180143
      }
    },
    {
      "fold_idx": 1,
      "metrics": {
        "mae": 0.022427657353026525,
        "rmse": 0.03111361857011273,
        "r2": 0.7618237137460067,
        "r2_prod": 0.7618237137460067,
        "mase": 1.9007521032202652
      }
    },
    {
      "fold_idx": 2,
      "metrics": {
        "mae": 0.028447628686470643,
        "rmse": 0.06323348520975074,
        "r2": 0.0514833368982377,
        "r2_prod": 0.0514833368982377,
        "mase": 1.4019074405257046
      }
    }
  ],
  "n_train": 771,
  "n_test": 193,
  "n_cv_folds": 3,
  "well": "well_28"
}