{
  "test_metrics": {
    "mae": 0.0526552549835776,
    "rmse": 0.12226858931630465,
    "r2": 0.12511791790670979,
    "r2_prod": 0.12511791790670979,
    "mase": 1.3360530573593477
  },
  "cv_aggregate": {
    "mae_mean": 0.48682670914472975,
    "mae_std": 0.2379230293402956,
    "rmse_mean": 2.2945517864034928,
    "rmse_std": 0.7321107732587091,
    "r2_mean": 0.0021960344092790316,
    "r2_std": 0.020670137364209765,
    "r2_prod_mean": 0.0021960344092790316,
    "r2_prod_std": 0.020670137364209765,
    "mase_mean": 0.9835599510037835,
    "mase_std": 0.23584891233765337
  },
  "cv_fold_results": [
    {
      "fold_idx": 0,
      "metrics": {
        "mae": 0.8125817072140623,
        "rmse": 3.3283791962139015,
        "r2": 0.021056008247532843,
        "r2_prod": 0.021056008247532843,
        "mase": 1.2724574062751737
      }
    },
    {
      "fold_idx": 1,
      "metrics": {
        "mae": 0.3969136724210515,
        "rmse": 1.8264227258623003,
        "r2": -0.026575821811914757,
        "r2_prod": -0.026575821811914757,
        "mase": 0.9834745131254484
      }
    },
    {
      "fold_idx": 2,
      "metrics": {
        "mae": 0.25098474779907537,
        "rmse": 1.7288534371342763,
        "r2": 0.012107916792219009,
        "r2_prod": 0.012107916792219009,
        "mase": 0.6947479336107284
      }
    }
  ],
  "n_train": 840,
  "n_test": 210,
  "n_cv_folds": 3,
  "well": "well_29"
}