{
  "test_metrics": {
    "mae": 0.3751325213483402,
    "rmse": 2.595867996630597,
    "r2": -0.030144416990260936,
    "r2_prod": -0.030144416990260936,
    "mase": 1.6009713136712789
  },
  "cv_aggregate": {
    "mae_mean": 0.07124503352404878,
    "mae_std": 0.04224456647956167,
    "rmse_mean": 0.4776729338317081,
    "rmse_std": 0.5909707511086096,
    "r2_mean": 0.5027871786585058,
    "r2_std": 0.35979023057255527,
    "r2_prod_mean": 0.5027871786585058,
    "r2_prod_std": 0.35979023057255527,
    "mase_mean": 1.785465898748236,
    "mase_std": 0.2883575659194353
  },
  "cv_fold_results": [
    {
      "fold_idx": 0,
      "metrics": {
        "mae": 0.04787890105132841,
        "rmse": 0.0660828821509816,
        "r2": 0.5805382296436812,
        "r2_prod": 0.5805382296436812,
        "mase": 1.8832112231613243
      }
    },
    {
      "fold_idx": 1,
      "metrics": {
        "mae": 0.035310634629223944,
        "rmse": 0.0535355307426631,
        "r2": 0.8993879390601147,
        "r2_prod": 0.8993879390601147,
        "mase": 2.0794627706228157
      }
    },
    {
      "fold_idx": 2,
      "metrics": {
        "mae": 0.13054556489159397,
        "rmse": 1.3134003886014798,
        "r2": 0.028435367271721135,
        "r2_prod": 0.028435367271721135,
        "mase": 1.393723702460567
      }
    }
  ],
  "n_train": 606,
  "n_test": 152,
  "n_cv_folds": 3,
  "well": "well_24"
}