{
  "test_metrics": {
    "f1_macro": 0.9641861554211308,
    "f1_weighted": 0.9664870637856143,
    "accuracy": 0.9662049861495845,
    "auc_pr": 0.9844512942012628,
    "edr": 1.0,
    "confusion_matrix": [
      [
        6150,
        1,
        0,
        0,
        12,
        0,
        0,
        0,
        396,
        0
      ],
      [
        275,
        4594,
        0,
        0,
        32,
        0,
        15,
        0,
        0,
        0
      ],
      [
        0,
        0,
        371,
        0,
        0,
        0,
        0,
        0,
        27,
        0
      ],
      [
        0,
        124,
        0,
        2418,
        0,
        0,
        0,
        0,
        154,
        0
      ],
      [
        104,
        0,
        0,
        13,
        1796,
        0,
        0,
        0,
        0,
        1
      ],
      [
        0,
        0,
        0,
        0,
        0,
        7249,
        12,
        0,
        0,
        0
      ],
      [
        0,
        0,
        0,
        0,
        0,
        0,
        3159,
        0,
        0,
        0
      ],
      [
        213,
        0,
        0,
        0,
        0,
        0,
        0,
        5457,
        0,
        0
      ],
      [
        5,
        0,
        0,
        0,
        0,
        0,
        0,
        1,
        3707,
        18
      ],
      [
        0,
        0,
        0,
        0,
        0,
        0,
        0,
        0,
        0,
        5211
      ]
    ],
    "class_labels": [
      0,
      1,
      2,
      3,
      4,
      5,
      6,
      7,
      8,
      9
    ]
  },
  "cv_aggregate": {
    "f1_macro_mean": 0.9627019634355843,
    "f1_macro_std": 0.01528769818711924,
    "f1_weighted_mean": 0.9782637512828053,
    "f1_weighted_std": 0.016377445291552585,
    "accuracy_mean": 0.9782122308121235,
    "accuracy_std": 0.01627451922868074,
    "auc_pr_mean": 0.9879136535480756,
    "auc_pr_std": 0.005465296123198598,
    "edr_mean": 1.0,
    "edr_std": 0.0
  },
  "cv_fold_results": [
    {
      "fold_idx": 0,
      "metrics": {
        "f1_macro": 0.9446348741879987,
        "f1_weighted": 0.9792659526186301,
        "accuracy": 0.9780019699728383,
        "auc_pr": 0.9895760383333835,
        "edr": 1.0,
        "confusion_matrix": [
          [
            5208,
            0,
            0,
            0,
            35,
            0,
            0,
            0,
            0,
            0
          ],
          [
            0,
            3995,
            6,
            0,
            0,
            0,
            0,
            0,
            13,
            0
          ],
          [
            22,
            0,
            269,
            0,
            0,
            0,
            0,
            0,
            18,
            0
          ],
          [
            0,
            0,
            0,
            2098,
            72,
            0,
            0,
            0,
            0,
            0
          ],
          [
            68,
            0,
            28,
            14,
            1430,
            0,
            0,
            0,
            0,
            0
          ],
          [
            151,
            3,
            256,
            0,
            0,
            5388,
            2,
            1,
            0,
            5
          ],
          [
            19,
            0,
            0,
            0,
            0,
            5,
            2534,
            0,
            0,
            0
          ],
          [
            9,
            2,
            0,
            0,
            0,
            0,
            0,
            4564,
            0,
            3
          ],
          [
            0,
            0,
            0,
            0,
            0,
            0,
            0,
            0,
            3130,
            0
          ],
          [
            0,
            0,
            0,
            0,
            0,
            2,
            0,
            3,
            0,
            4150
          ]
        ],
        "class_labels": [
          0,
          1,
          2,
          3,
          4,
          5,
          6,
          7,
          8,
          9
        ]
      }
    },
    {
      "fold_idx": 1,
      "metrics": {
        "f1_macro": 0.9853156025570831,
        "f1_weighted": 0.993862251443019,
        "accuracy": 0.9939188784374813,
        "auc_pr": 0.9978677731327872,
        "edr": 1.0,
        "confusion_matrix": [
          [
            5191,
            0,
            0,
            0,
            51,
            0,
            0,
            0,
            0,
            0
          ],
          [
            0,
            3989,
            0,
            0,
            0,
            0,
            0,
            19,
            0,
            0
          ],
          [
            26,
            0,
            268,
            0,
            0,
            0,
            0,
            0,
            27,
            0
          ],
          [
            0,
            0,
            0,
            2184,
            0,
            0,
            0,
            0,
            1,
            0
          ],
          [
            24,
            0,
            0,
            0,
            1516,
            0,
            0,
            0,
            0,
            0
          ],
          [
            0,
            0,
            0,
            0,
            0,
            5776,
            22,
            0,
            10,
            0
          ],
          [
            0,
            0,
            0,
            0,
            0,
            0,
            2555,
            0,
            0,
            0
          ],
          [
            12,
            8,
            0,
            0,
            0,
            0,
            0,
            4578,
            0,
            0
          ],
          [
            0,
            0,
            0,
            0,
            0,
            0,
            0,
            0,
            2967,
            0
          ],
          [
            0,
            0,
            0,
            0,
            0,
            2,
            0,
            0,
            1,
            4155
          ]
        ],
        "class_labels": [
          0,
          1,
          2,
          3,
          4,
          5,
          6,
          7,
          8,
          9
        ]
      }
    },
    {
      "fold_idx": 2,
      "metrics": {
        "f1_macro": 0.9724679352408374,
        "f1_weighted": 0.988030680741526,
        "accuracy": 0.9882003269430821,
        "auc_pr": 0.9839353297787203,
        "edr": 1.0,