{
  "test_metrics": {
    "f1_macro": 0.9624729820556011,
    "f1_weighted": 0.9670669266508847,
    "accuracy": 0.9669276165241479,
    "auc_pr": 0.9308909064405217,
    "edr": 1.0,
    "confusion_matrix": [
      [
        6096,
        0,
        3,
        0,
        46,
        0,
        0,
        14,
        395,
        5
      ],
      [
        274,
        4587,
        0,
        0,
        34,
        0,
        14,
        7,
        0,
        0
      ],
      [
        0,
        0,
        352,
        0,
        2,
        0,
        19,
        0,
        25,
        0
      ],
      [
        0,
        79,
        0,
        2617,
        0,
        0,
        0,
        0,
        0,
        0
      ],
      [
        91,
        0,
        6,
        20,
        1794,
        0,
        0,
        0,
        0,
        3
      ],
      [
        0,
        0,
        0,
        0,
        0,
        7208,
        46,
        0,
        0,
        7
      ],
      [
        0,
        0,
        0,
        0,
        0,
        11,
        3148,
        0,
        0,
        0
      ],
      [
        209,
        0,
        0,
        0,
        4,
        0,
        0,
        5439,
        1,
        17
      ],
      [
        0,
        0,
        2,
        0,
        0,
        0,
        0,
        0,
        3696,
        33
      ],
      [
        2,
        3,
        0,
        0,
        0,
        1,
        0,
        0,
        0,
        5205
      ]
    ],
    "class_labels": [
      0,
      1,
      2,
      3,
      4,
      5,
      6,
      7,
      8,
      9
    ]
  },
  "cv_aggregate": {
    "accuracy_mean": 0.9512620173384037,
    "accuracy_std": 0.013630340939310122,
    "auc_pr_mean": 0.8673297115947403,
    "auc_pr_std": 0.024526147920992048,
    "edr_mean": 1.0,
    "edr_std": 0.0,
    "f1_macro_mean": 0.9217591423538385,
    "f1_macro_std": 0.0157991896986308,
    "f1_weighted_mean": 0.9525915261687269,
    "f1_weighted_std": 0.01309636486829673
  },
  "cv_fold_results": [
    {
      "fold_idx": 0,
      "metrics": {
        "f1_macro": 0.9187828330730188,
        "f1_weighted": 0.9524441511096661,
        "accuracy": 0.9506312867504403,
        "auc_pr": 0.8621752885843641,
        "edr": 1.0,
        "confusion_matrix": [
          [
            4817,
            2,
            11,
            0,
            383,
            0,
            0,
            13,
            0,
            17
          ],
          [
            0,
            3980,
            16,
            2,
            0,
            0,
            0,
            5,
            11,
            0
          ],
          [
            21,
            0,
            260,
            1,
            7,
            0,
            0,
            0,
            20,
            0
          ],
          [
            3,
            0,
            0,
            2098,
            69,
            0,
            0,
            0,
            0,
            0
          ],
          [
            88,
            1,
            1,
            24,
            1409,
            13,
            0,
            0,
            3,
            1
          ],
          [
            32,
            0,
            17,
            10,
            1,
            5730,
            1,
            1,
            2,
            12
          ],
          [
            16,
            0,
            0,
            0,
            12,
            13,
            2517,
            0,
            0,
            0
          ],
          [
            0,
            79,
            0,
            1,
            0,
            0,
            0,
            4093,
            0,
            405
          ],
          [
            0,
            0,
            52,
            0,
            29,
            0,
            5,
            15,
            3015,
            14
          ],
          [
            1,
            0,
            103,
            4,
            109,
            4,
            0,
            3,
            1,
            3930
          ]
        ],
        "class_labels": [
          0,
          1,
          2,
          3,
          4,
          5,
          6,
          7,
          8,
          9
        ]
      },
      "history": {
        "epochs_run": 37,
        "best_epoch": 16,
        "stopped_early": true,
        "final_train_loss": 0.03108132293159924,
        "final_val_loss": 0.47278761562995936
      },
      "cost": {
        "wall_time_seconds": 102.18,
        "gpu_memory_peak_mb": 222.12,
        "param_count": 590987,
        "trainable_params": 590987,
        "model_size_mb": 2.2544
      }
    },
    {
      "fold_idx": 1,
      "metrics": {
        "f1_macro": 0.9463558472433748,
        "f1_weighted": 0.9690654183790511,
        "accuracy": 0.9681564915223774,
        "auc_pr": 0.9052430708896612,
        "edr": 1.0,
        "confusion_matrix": [
          [
            4804,
            3,
            2,
            0,
            426,
            0,
            1,
            5,
            0,
            1
          ],
          [
            1,
            3884,
            1,
            0,
            0,
            0,
            0,
            122,
            0,
            0
          ],
          [
            27,
            0,
            292,
            0,
            0,
            0,
            0,
            0,
            2,
            0
          ],
          [
            0,
            0,
            0,
            2140,
            18,
            0,
            0,
            0,
            27,
            0
          ],
          [
            28,
            6,
            9,
            0,
            1472,
            0,
            11,
            0,
            0,
            14
          ],
          [
            0,
            0,
            3,
            0,
            7,
            5719,
            79,
            0,
            0,
            0
          ],
          [
            0,
            0,
            0,
            0,
            0,
            2,
            2553,
            0,
            0,
            0
          ],
          [
            28,
            103,
            0,
            0,
            0,
            0,
            0,
            4466,
            1,
            0
          ],
          [
            0,
            2,
            108,
            0,
            0,
            0,
            0,
            0,
            2857,
            0
          ],
          [
            0,
            0,
            0,
            0,
            16,
            0,
            0,
            0,
            10,
            4132
          ]
        ],
        "class_labels": [
          0,
          1,
          2,
          3,
          4,
          5,
          6,
          7,
          8,
          9
        ]
      },
      "history": {
        "epochs_run": 24,
        "best_epoch": 3,
        "stopped_early": true,
        "final_train_loss": 0.043349316735567085,
        "final_val_loss": 0.10211869210285796
      },
      "cost": {
        "wall_time_seconds": 66.19,
        "gpu_memory_peak_mb": 222.11,
        "param_count": 590987,
        "trainable_params": 590987,
        "model_size_mb": 2.2544
      }
    },
    {
      "fold_idx": 2,
      "metrics": {
        "f1_macro": 0.9110894442836228,
        "f1_weighted": 0.9508020391991112,
        "accuracy": 0.9489968791796701,
        "auc_pr": 0.8538130530065537,
        "edr": 1.0,