{
  "cdf": {
    "status": "ok",
    "elapsed": 2.6,
    "aggregate": {
      "error_mean_mean": 3698.999522775957,
      "error_mean_std": 0.0,
      "error_p50_mean": 3698.9423968839556,
      "error_p50_std": 0.0,
      "error_p95_mean": 3729.626127636232,
      "error_p95_std": 0.0,
      "error_p99_mean": 3759.2705570788376,
      "error_p99_std": 0.0,
      "error_std_mean": 21.910776300829916,
      "error_std_std": 0.0
    }
  },
  "ganymede": {
    "status": "ok",
    "elapsed": 33.8,
    "aggregate": {
      "mae_mean": 2.566839824224402,
      "mae_std": 2.1810016858191053,
      "mase_mean": 2.2874471779045678,
      "mase_std": 0.11204182630645328,
      "r2_mean": 0.2303659093947903,
      "r2_std": 0.22516568585880634,
      "rmse_mean": 6.362816359187112,
      "rmse_std": 6.223774730426212
    }
  },
  "3w": {
    "status": "ok",
    "elapsed": 399.9,
    "aggregate": {
      "accuracy_mean": 0.7154861944777912,
      "accuracy_std": 0.0,
      "auc_pr_mean": 0.3705723788474446,
      "auc_pr_std": 0.0,
      "edr_mean": 0.3333333333333333,
      "edr_std": 0.0,
      "f1_macro_mean": 0.18108621344473982,
      "f1_macro_std": 0.0,
      "f1_weighted_mean": 0.6478234286498497,
      "f1_weighted_std": 0.0
    }
  }
}