{
  "test_metrics": {
    "f1_macro": 0.9639043586085855,
    "f1_weighted": 0.9686528429257877,
    "accuracy": 0.9684692279898832,
    "auc_pr": 0.9337086522006585,
    "edr": 1.0,
    "confusion_matrix": [
      [
        6049,
        0,
        4,
        0,
        105,
        0,
        0,
        4,
        396,
        1
      ],
      [
        275,
        4592,
        0,
        1,
        40,
        0,
        8,
        0,
        0,
        0
      ],
      [
        0,
        0,
        355,
        0,
        8,
        0,
        11,
        0,
        24,
        0
      ],
      [
        0,
        37,
        0,
        2659,
        0,
        0,
        0,
        0,
        0,
        0
      ],
      [
        84,
        0,
        3,
        8,
        1817,
        0,
        0,
        0,
        0,
        2
      ],
      [
        0,
        0,
        0,
        0,
        0,
        7215,
        39,
        0,
        0,
        7
      ],
      [
        0,
        0,
        0,
        0,
        0,
        0,
        3159,
        0,
        0,
        0
      ],
      [
        201,
        0,
        0,
        0,
        17,
        0,
        0,
        5432,
        17,
        3
      ],
      [
        0,
        2,
        4,
        0,
        0,
        2,
        0,
        0,
        3723,
        0
      ],
      [
        0,
        0,
        1,
        0,
        0,
        5,
        0,
        0,
        0,
        5205
      ]
    ],
    "class_labels": [
      0,
      1,
      2,
      3,
      4,
      5,
      6,
      7,
      8,
      9
    ]
  },
  "cv_aggregate": {
    "accuracy_mean": 0.9555327467405232,
    "accuracy_std": 0.013173542056316033,
    "auc_pr_mean": 0.8814310657668101,
    "auc_pr_std": 0.021394796737459823,
    "edr_mean": 1.0,
    "edr_std": 0.0,
    "f1_macro_mean": 0.9322694146130288,
    "f1_macro_std": 0.01314554431093023,
    "f1_weighted_mean": 0.9561721374515887,
    "f1_weighted_std": 0.013077036400889738
  },
  "cv_fold_results": [
    {
      "fold_idx": 0,
      "metrics": {
        "f1_macro": 0.9192813420776617,
        "f1_weighted": 0.9515968458570941,
        "accuracy": 0.9504820463839059,
        "auc_pr": 0.8616299427750362,
        "edr": 1.0,
        "confusion_matrix": [
          [
            5093,
            1,
            4,
            1,
            127,
            0,
            0,
            1,
            0,
            16
          ],
          [
            0,
            3997,
            6,
            0,
            0,
            1,
            0,
            6,
            4,
            0
          ],
          [
            0,
            1,
            262,
            31,
            0,
            0,
            0,
            0,
            14,
            1
          ],
          [
            12,
            0,
            0,
            2074,
            83,
            0,
            0,
            0,
            1,
            0
          ],
          [
            161,
            8,
            24,
            23,
            1310,
            1,
            0,
            0,
            5,
            8
          ],
          [
            3,
            0,
            2,
            1,
            4,
            5574,
            2,
            5,
            1,
            214
          ],
          [
            17,
            1,
            4,
            0,
            4,
            1,
            2531,
            0,
            0,
            0
          ],
          [
            10,
            47,
            0,
            0,
            1,
            1,
            0,
            4145,
            0,
            374
          ],
          [
            8,
            0,
            41,
            0,
            3,
            0,
            0,
            3,
            3066,
            9
          ],
          [
            0,
            1,
            128,
            1,
            85,
            1,
            0,
            3,
            144,
            3792
          ]
        ],
        "class_labels": [
          0,
          1,
          2,
          3,
          4,
          5,
          6,
          7,
          8,
          9
        ]
      },
      "history": {
        "epochs_run": 56,
        "best_epoch": 35,
        "stopped_early": true,
        "final_train_loss": 5.166703071926648e+32,
        "final_val_loss": 1892772497706289.0
      },
      "cost": {
        "wall_time_seconds": 101.98,
        "gpu_memory_peak_mb": 73.59,
        "param_count": 230026,
        "trainable_params": 230026,
        "model_size_mb": 0.8775
      }
    },
    {
      "fold_idx": 1,
      "metrics": {
        "f1_macro": 0.9540161352579307,
        "f1_weighted": 0.9746642848722932,
        "accuracy": 0.974117788029477,
        "auc_pr": 0.9173128957926364,
        "edr": 1.0,
        "confusion_matrix": [
          [
            4893,
            7,
            22,
            0,
            310,
            1,
            1,
            6,
            2,
            0
          ],
          [
            1,
            3938,
            2,
            0,
            0,
            0,
            0,
            67,
            0,
            0
          ],
          [
            26,
            0,
            277,
            0,
            0,
            1,
            0,
            0,
            17,
            0
          ],
          [
            0,
            0,
            0,
            2169,
            5,
            0,
            0,
            0,
            11,
            0
          ],
          [
            42,
            0,
            34,
            0,
            1452,
            1,
            1,
            0,
            0,
            10
          ],
          [
            0,
            1,
            0,
            0,
            7,
            5753,
            45,
            0,
            2,
            0
          ],
          [
            0,
            0,
            0,
            0,
            0,
            7,
            2548,
            0,
            0,
            0
          ],
          [
            0,
            126,
            0,
            0,
            0,
            0,
            0,
            4472,
            0,
            0
          ],
          [
            0,
            0,
            27,
            0,
            0,
            0,
            0,
            0,
            2940,
            0
          ],
          [
            0,
            0,
            0,
            0,
            56,
            6,
            0,
            0,
            20,
            4076
          ]
        ],
        "class_labels": [
          0,
          1,
          2,
          3,
          4,
          5,
          6,
          7,
          8,
          9
        ]
      },
      "history": {
        "epochs_run": 38,
        "best_epoch": 17,
        "stopped_early": true,
        "final_train_loss": 3.8406155299436036e+20,
        "final_val_loss": 0.12893708825619887
      },
      "cost": {
        "wall_time_seconds": 67.29,
        "gpu_memory_peak_mb": 73.59,
        "param_count": 230026,
        "trainable_params": 230026,
        "model_size_mb": 0.8775
      }
    },
    {
      "fold_idx": 2,
      "metrics": {
        "f1_macro": 0.9384341338574826,
        "f1_weighted": 0.960410190280042,
        "accuracy": 0.9602318323673651,
        "auc_pr": 0.8898472432870891,
        "edr": 1.0,