{
  "cdf": {
    "status": "ok",
    "elapsed": 1.7,
    "aggregate": {
      "error_mean_mean": 3327.7390914689045,
      "error_mean_std": 0.0,
      "error_p50_mean": 3327.7000328980653,
      "error_p50_std": 0.0,
      "error_p95_mean": 3355.5104857307265,
      "error_p95_std": 0.0,
      "error_p99_mean": 3381.3275081436946,
      "error_p99_std": 0.0,
      "error_std_mean": 19.894494922184858,
      "error_std_std": 0.0
    }
  },
  "ganymede": {
    "status": "ok",
    "elapsed": 11.0,
    "aggregate": {
      "mae_mean": 7.573915026471032,
      "mae_std": 2.794821845924069,
      "mase_mean": 9.762530792725855,
      "mase_std": 3.421824702584481,
      "r2_mean": -37.312259976524054,
      "r2_std": 48.29985369314493,
      "rmse_mean": 18.819193228969215,
      "rmse_std": 9.064820221484913
    }
  },
  "3w": {
    "status": "ok",
    "elapsed": 422.4,
    "aggregate": {
      "accuracy_mean": 0.7154861944777912,
      "accuracy_std": 0.0,
      "auc_pr_mean": 0.37643491131392315,
      "auc_pr_std": 0.0,
      "edr_mean": 0.3333333333333333,
      "edr_std": 0.0,
      "f1_macro_mean": 0.22896657702650788,
      "f1_macro_std": 0.0,
      "f1_weighted_mean": 0.6552896994372086,
      "f1_weighted_std": 0.0
    }
  }
}