{
  "test_metrics": {
    "error_mean": 24.883854904818566,
    "error_std": 20.99467930569682,
    "error_p50": 19.065597229080186,
    "error_p95": 64.8879068101957,
    "error_p99": 90.24242635169134
  },
  "cv_aggregate": {
    "error_mean_mean": 23.650403009151038,
    "error_mean_std": 3.6546654777173297,
    "error_p50_mean": 15.803878931137552,
    "error_p50_std": 1.6847417661170314,
    "error_p95_mean": 70.23812902046163,
    "error_p95_std": 15.551422593169681,
    "error_p99_mean": 117.2661369957137,
    "error_p99_std": 35.55641491179128,
    "error_std_mean": 25.310976499410287,
    "error_std_std": 7.023291175753903
  },
  "cv_fold_results": [
    {
      "fold_idx": 0,
      "metrics": {
        "error_mean": 26.6293641473148,
        "error_std": 33.74200545760462,
        "error_p50": 16.080391382909035,
        "error_p95": 83.2274967613326,
        "error_p99": 162.62011616172384
      }
    },
    {
      "fold_idx": 1,
      "metrics": {
        "error_mean": 18.503161850034484,
        "error_std": 16.54812857765682,
        "error_p50": 13.616186715580458,
        "error_p95": 48.3737554564657,
        "error_p99": 75.78355270193126
      }
    },
    {
      "fold_idx": 2,
      "metrics": {
        "error_mean": 25.818683030103834,
        "error_std": 25.642795462969424,
        "error_p50": 17.71505869492316,
        "error_p95": 79.11313484358658,
        "error_p99": 113.39474212348598
      }
    }
  ],
  "n_train": 3456,
  "n_test": 864,
  "n_cv_folds": 3
}