{
  "test_metrics": {
    "mae": 0.7396909341343113,
    "rmse": 1.3885877293654683,
    "r2": 0.7964890135836689,
    "r2_prod": 0.825946946929642,
    "mase": 1.681086254843852
  },
  "cv_aggregate": {
    "mae_mean": 3.542515754996014,
    "mae_std": 1.9695072988003632,
    "rmse_mean": 8.227164410794858,
    "rmse_std": 4.626211317561233,
    "r2_mean": 0.6208374942689213,
    "r2_std": 0.05307558499421598,
    "r2_prod_mean": 0.6933858571160393,
    "r2_prod_std": 0.0718910523408137,
    "mase_mean": 1.5869307797531278,
    "mase_std": 0.1055608209742669
  },
  "cv_fold_results": [
    {
      "fold_idx": 0,
      "metrics": {
        "mae": 0.7641535982568038,
        "rmse": 1.6847701931522139,
        "r2": 0.5661059348872728,
        "r2_prod": 0.6083023782341938,
        "mase": 1.7188642932248903
      }
    },
    {
      "fold_idx": 1,
      "metrics": {
        "mae": 4.76150196111196,
        "rmse": 11.52192330678368,
        "r2": 0.6037187947624213,
        "r2_prod": 0.6877291907116823,
        "mase": 1.581460232852153
      }
    },
    {
      "fold_idx": 2,
      "metrics": {
        "mae": 5.101891705619278,
        "rmse": 11.474799732448682,
        "r2": 0.6926877531570699,
        "r2_prod": 0.7841260024022422,
        "mase": 1.46046781318234
      }
    }
  ],
  "n_train": 20420,
  "n_test": 5106,
  "n_cv_folds": 3
}