{
  "test_metrics": {
    "mae": 1.651859027992768,
    "rmse": 2.5075996006854444,
    "r2": 0.10021173011634354,
    "r2_prod": -0.04999538214410548,
    "mase": 1.0316154866435276
  },
  "cv_aggregate": {
    "mae_mean": 0.4062340421074396,
    "mae_std": 0.20680245556165933,
    "rmse_mean": 0.6826651310588118,
    "rmse_std": 0.3738104921652133,
    "r2_mean": 0.2356825239705713,
    "r2_std": 0.19639522938479903,
    "r2_prod_mean": 0.07720719050616176,
    "r2_prod_std": 0.3176221632052844,
    "mase_mean": 1.0113130207109244,
    "mase_std": 0.09937737802713885
  },
  "cv_fold_results": [
    {
      "fold_idx": 0,
      "metrics": {
        "mae": 0.22853626198755844,
        "rmse": 0.41936138195827033,
        "r2": 0.5085207805630192,
        "r2_prod": 0.5181387449004329,
        "mase": 1.0919657457939476
      }
    },
    {
      "fold_idx": 1,
      "metrics": {
        "mae": 0.2939150727940501,
        "rmse": 0.4173223231996101,
        "r2": 0.05425124739905496,
        "r2_prod": -0.21748985431719348,
        "mase": 1.070661872479867
      }
    },
    {
      "fold_idx": 2,
      "metrics": {
        "mae": 0.6962507915407102,
        "rmse": 1.2113116880185548,
        "r2": 0.1442755439496397,
        "r2_prod": -0.06902731906475412,
        "mase": 0.8713114438589584
      }
    }
  ],
  "n_train": 4108,
  "n_test": 1027,
  "n_cv_folds": 3,
  "well": "49/22-Z07"
}