{
  "test_metrics": {
    "mae": 2.1353421977768674,
    "rmse": 3.0574208526534647,
    "r2": -0.10341806158667954,
    "r2_prod": -0.8218019819767104,
    "mase": 1.0747086734733688
  },
  "cv_aggregate": {
    "mae_mean": 1.2964883607269853,
    "mae_std": 0.2812885492263308,
    "rmse_mean": 2.1913740086558833,
    "rmse_std": 0.5439900905529154,
    "r2_mean": 0.18133097367808845,
    "r2_std": 0.10175868203568543,
    "r2_prod_mean": 0.029193827051601118,
    "r2_prod_std": 0.1627167555755073,
    "mase_mean": 1.102168398727481,
    "mase_std": 0.13460686645566078
  },
  "cv_fold_results": [
    {
      "fold_idx": 0,
      "metrics": {
        "mae": 1.494745760559429,
        "rmse": 2.859999412691234,
        "r2": 0.20100828585484043,
        "r2_prod": 0.08831187347745084,
        "mase": 0.9443172743769689
      }
    },
    {
      "fold_idx": 1,
      "metrics": {
        "mae": 0.8986869729942512,
        "rmse": 1.5275269689151465,
        "r2": 0.29495019135069855,
        "r2_prod": 0.19223258746461103,
        "mase": 1.0889485342583427
      }
    },
    {
      "fold_idx": 2,
      "metrics": {
        "mae": 1.4960323486272757,
        "rmse": 2.18659564436127,
        "r2": 0.04803444382872635,
        "r2_prod": -0.19296297978725852,
        "mase": 1.2732393875471317
      }
    }
  ],
  "n_train": 5056,
  "n_test": 1265,
  "n_cv_folds": 3,
  "well": "49/22-Z02Z"
}