{
  "test_metrics": {
    "mae": 0.3191878799511173,
    "rmse": 0.45778458502517333,
    "r2": 0.044317027650031315,
    "r2_prod": -0.5791310471151812,
    "mase": 1.122164988259323
  },
  "cv_aggregate": {
    "mae_mean": 2.4245203398971724,
    "mae_std": 2.440338689878265,
    "rmse_mean": 3.6409724899270905,
    "rmse_std": 2.854825849432828,
    "r2_mean": 0.22329117859132988,
    "r2_std": 0.3583927498792914,
    "r2_prod_mean": 0.1018095784166833,
    "r2_prod_std": 0.5861230727756171,
    "mase_mean": 1.087374695122303,
    "mase_std": 0.11904257634115804
  },
  "cv_fold_results": [
    {
      "fold_idx": 0,
      "metrics": {
        "mae": 5.859735982502356,
        "rmse": 7.437772136750871,
        "r2": -0.14828190017295784,
        "r2_prod": -0.384088616592116,
        "mase": 1.2324261584849303
      }
    },
    {
      "fold_idx": 1,
      "metrics": {
        "mae": 0.993878541976518,
        "rmse": 2.9313873187187762,
        "r2": 0.7076043166247191,
        "r2_prod": 0.9263406501304717,
        "mase": 0.9408438473666195
      }
    },
    {
      "fold_idx": 2,
      "metrics": {
        "mae": 0.419946495212643,
        "rmse": 0.5537580143116233,
        "r2": 0.11055111932222839,
        "r2_prod": -0.23682329828830584,
        "mase": 1.0888540795153587
      }
    }
  ],
  "n_train": 1795,
  "n_test": 449,
  "n_cv_folds": 3,
  "well": "49/22-Z05Z"
}