{
  "test_metrics": {
    "mae": 0.8681116035965305,
    "rmse": 1.591041526839933,
    "r2": 0.7228818268200761,
    "r2_prod": 0.7630600691976557,
    "mase": 1.0120640331676243
  },
  "cv_aggregate": {
    "mae_mean": 3.9627168127080394,
    "mae_std": 2.190489336450141,
    "rmse_mean": 9.093643853922243,
    "rmse_std": 5.175645639448277,
    "r2_mean": 0.5018409795806237,
    "r2_std": 0.08150402703249746,
    "r2_prod_mean": 0.6017202545446261,
    "r2_prod_std": 0.10362904734930543,
    "mase_mean": 1.0853714226174742,
    "mase_std": 0.0700805092902581
  },
  "cv_fold_results": [
    {
      "fold_idx": 0,
      "metrics": {
        "mae": 0.8726764020292356,
        "rmse": 1.7798891498800082,
        "r2": 0.42423210212652707,
        "r2_prod": 0.487984946226935,
        "mase": 1.0229497498354827
      }
    },
    {
      "fold_idx": 1,
      "metrics": {
        "mae": 5.317729136811841,
        "rmse": 13.00093241682456,
        "r2": 0.46684158209973925,
        "r2_prod": 0.5785461763809094,
        "mase": 1.1832498504521123
      }
    },
    {
      "fold_idx": 2,
      "metrics": {
        "mae": 5.697744899283042,
        "rmse": 12.500109995062163,
        "r2": 0.6144492545156048,
        "r2_prod": 0.7386296410260338,
        "mase": 1.0499146675648277
      }
    }
  ],
  "n_train": 21791,
  "n_test": 5448,
  "n_cv_folds": 3
}