{
  "test_metrics": {
    "mae": 0.6396195489838027,
    "rmse": 0.9219164730826707,
    "r2": 0.21667350690206044,
    "r2_prod": -0.35625285235275195,
    "mase": 1.0405955201080623
  },
  "cv_aggregate": {
    "mae_mean": 0.7318506838499887,
    "mae_std": 0.03124202242608556,
    "rmse_mean": 1.2314861649360864,
    "rmse_std": 0.14280810301067925,
    "r2_mean": -0.2568758428568407,
    "r2_std": 0.12451004338734613,
    "r2_prod_mean": -2.5269328830010043,
    "r2_prod_std": 1.1859161746818456,
    "mase_mean": 1.2865877610276797,
    "mase_std": 0.10104886196530054
  },
  "cv_fold_results": [
    {
      "fold_idx": 0,
      "metrics": {
        "mae": 0.7451536379421146,
        "rmse": 1.4334433846526695,
        "r2": -0.16477087844170968,
        "r2_prod": -3.5326449730411067,
        "mase": 1.2176449515869305
      }
    },
    {
      "fold_idx": 1,
      "metrics": {
        "mae": 0.7616871432655172,
        "rmse": 1.1315995631015627,
        "r2": -0.4328961403266618,
        "r2_prod": -0.8617502255271172,
        "mase": 1.2126549429219302
      }
    },
    {
      "fold_idx": 2,
      "metrics": {
        "mae": 0.6887112703423341,
        "rmse": 1.1294155470540268,
        "r2": -0.1729605098021505,
        "r2_prod": -3.1864034504347885,
        "mase": 1.4294633885741783
      }
    }
  ],
  "n_train": 5273,
  "n_test": 1319,
  "n_cv_folds": 3,
  "well": "49/22-Z04"
}