{
  "test_metrics": {
    "mae": 0.037285519236290664,
    "rmse": 0.24879381499625075,
    "r2": -0.018322952766454348,
    "r2_prod": -1.384693290966959,
    "mase": 0.5869341745975054
  },
  "cv_aggregate": {
    "mae_mean": 0.6125662606802531,
    "mae_std": 0.48029806290935884,
    "rmse_mean": 0.9204206493905347,
    "rmse_std": 0.5970148805774063,
    "r2_mean": -0.15718163207388866,
    "r2_std": 0.17243821102165965,
    "r2_prod_mean": -1.6351437509952393,
    "r2_prod_std": 0.9307373083102698,
    "mase_mean": 0.8169962356330668,
    "mase_std": 0.14888735585967688
  },
  "cv_fold_results": [
    {
      "fold_idx": 0,
      "metrics": {
        "mae": 1.1903626446528635,
        "rmse": 1.6175621672988822,
        "r2": -0.39853681365822835,
        "r2_prod": -2.949648098490299,
        "mase": 0.851664329266128
      }
    },
    {
      "fold_idx": 1,
      "metrics": {
        "mae": 0.6329298475364934,
        "rmse": 0.9843246526371722,
        "r2": -0.06672261458223128,
        "r2_prod": -1.0367698069545392,
        "mase": 0.9795225779110114
      }
    },
    {
      "fold_idx": 2,
      "metrics": {
        "mae": 0.014406289851402496,
        "rmse": 0.15937512823554967,
        "r2": -0.0062854679812063274,
        "r2_prod": -0.9190133475408797,
        "mase": 0.6198017997220607
      }
    }
  ],
  "n_train": 1390,
  "n_test": 348,
  "n_cv_folds": 3,
  "well": "49/22-Z08"
}