{
  "test_metrics": {
    "mae": 1.6661563987708061,
    "rmse": 2.5721559250031323,
    "r2": -0.020498090233287636,
    "r2_prod": -0.4514898133945773,
    "mase": 1.372954701851615
  },
  "cv_aggregate": {
    "mae_mean": 0.5866372364694811,
    "mae_std": 0.35924798184611373,
    "rmse_mean": 0.968945828386418,
    "rmse_std": 0.5712569345504471,
    "r2_mean": -0.2821703289013331,
    "r2_std": 0.050978421677182646,
    "r2_prod_mean": -0.7140400653665898,
    "r2_prod_std": 0.08866715760556187,
    "mase_mean": 1.285584683190375,
    "mase_std": 0.1883311462663925
  },
  "cv_fold_results": [
    {
      "fold_idx": 0,
      "metrics": {
        "mae": 0.2608842916646457,
        "rmse": 0.41482280895794493,
        "r2": -0.25402403159358,
        "r2_prod": -0.5921979493183755,
        "mase": 1.5099168637731724
      }
    },
    {
      "fold_idx": 1,
      "metrics": {
        "mae": 0.4118712457485649,
        "rmse": 0.7368781919966776,
        "r2": -0.23876270967635604,
        "r2_prod": -0.7492965305740475,
        "mase": 1.0490834186832887
      }
    },
    {
      "fold_idx": 2,
      "metrics": {
        "mae": 1.0871561719952327,
        "rmse": 1.7551364842046315,
        "r2": -0.3537242454340632,
        "r2_prod": -0.8006257162073467,
        "mase": 1.297753767114664
      }
    }
  ],
  "n_train": 4820,
  "n_test": 1206,
  "n_cv_folds": 3,
  "well": "49/22-Z07"
}