{
  "test_metrics": {
    "mae": 0.09358278344993042,
    "rmse": 0.26530103911770636,
    "r2": 0.030199753654269412,
    "r2_prod": -0.5952767150402887,
    "mase": 0.7679463149859911
  },
  "cv_aggregate": {
    "mae_mean": 2.7148745116099255,
    "mae_std": 0.8020375091172424,
    "rmse_mean": 4.238769629950693,
    "rmse_std": 1.1231571320903166,
    "r2_mean": 0.05462979104916995,
    "r2_std": 0.2857254385670319,
    "r2_prod_mean": -0.3485641036462522,
    "r2_prod_std": 0.6100905105688106,
    "mase_mean": 1.239346220315527,
    "mase_std": 0.31753343076715834
  },
  "cv_fold_results": [
    {
      "fold_idx": 0,
      "metrics": {
        "mae": 3.849126337674917,
        "rmse": 5.5665233977486315,
        "r2": 0.4554390915205625,
        "r2_prod": 0.5132790097246422,
        "mase": 1.6025212204461399
      }
    },
    {
      "fold_idx": 1,
      "metrics": {
        "mae": 2.1468291706790295,
        "rmse": 4.329892987191951,
        "r2": -0.19018733331496063,
        "r2_prod": -0.8146350924827415,
        "mase": 0.829024903462585
      }
    },
    {
      "fold_idx": 2,
      "metrics": {
        "mae": 2.14866802647583,
        "rmse": 2.819892504911497,
        "r2": -0.10136238505809203,
        "r2_prod": -0.7443362281806574,
        "mase": 1.2864925370378562
      }
    }
  ],
  "n_train": 2236,
  "n_test": 560,
  "n_cv_folds": 3,
  "well": "49/22-Z06"
}