{
  "test_metrics": {
    "mae": 0.02191825655399015,
    "rmse": 0.054912698455102195,
    "r2": -0.1340096881853443,
    "r2_prod": -1.1012760047437054,
    "mase": 0.5612098518336821
  },
  "cv_aggregate": {
    "mae_mean": 0.9069240574071761,
    "mae_std": 0.5548254158482111,
    "rmse_mean": 1.826220964585425,
    "rmse_std": 1.162845541459537,
    "r2_mean": -0.022385499425335704,
    "r2_std": 0.02945619436821111,
    "r2_prod_mean": -0.38918130116623734,
    "r2_prod_std": 0.245627200536748,
    "mase_mean": 0.871432653429292,
    "mase_std": 0.14457775916283647
  },
  "cv_fold_results": [
    {
      "fold_idx": 0,
      "metrics": {
        "mae": 1.2068342708279591,
        "rmse": 2.2712093861073606,
        "r2": 0.018782564183006167,
        "r2_prod": -0.395694252060103,
        "mase": 0.7714647439748055
      }
    },
    {
      "fold_idx": 1,
      "metrics": {
        "mae": 1.3848919244930424,
        "rmse": 2.9747860554128485,
        "r2": -0.04848260514896263,
        "r2_prod": -0.08514705298955261,
        "mase": 1.0758798901244366
      }
    },
    {
      "fold_idx": 2,
      "metrics": {
        "mae": 0.12904597690052685,
        "rmse": 0.2326674522360658,
        "r2": -0.03745645731005065,
        "r2_prod": -0.6867025984490565,
        "mase": 0.766953326188634
      }
    }
  ],
  "n_train": 2786,
  "n_test": 697,
  "n_cv_folds": 3,
  "well": "49/22-Z01Z"
}