{
  "test_metrics": {
    "mae": 0.2642465420183449,
    "rmse": 0.38522546675051295,
    "r2": 0.19107711297861973,
    "r2_prod": 0.0008067335163947087,
    "mase": 1.9886828254855504
  },
  "cv_aggregate": {
    "mae_mean": 2.312583710365219,
    "mae_std": 2.372740632682765,
    "rmse_mean": 3.398124427370193,
    "rmse_std": 2.8565343504427885,
    "r2_mean": 0.36455217650542293,
    "r2_std": 0.38154931522310354,
    "r2_prod_mean": 0.19466805103345822,
    "r2_prod_std": 0.5338910884741305,
    "mase_mean": 1.6525170750969398,
    "mase_std": 0.2089769012794846
  },
  "cv_fold_results": [
    {
      "fold_idx": 0,
      "metrics": {
        "mae": 5.651724546995698,
        "rmse": 7.282488292346445,
        "r2": 0.004761548981013997,
        "r2_prod": -0.23374977515724704,
        "mase": 1.565836078453571
      }
    },
    {
      "fold_idx": 1,
      "metrics": {
        "mae": 0.930156148196084,
        "rmse": 2.416916358334904,
        "r2": 0.892704361240797,
        "r2_prod": 0.9473035293906492,
        "mase": 1.4511703822576496
      }
    },
    {
      "fold_idx": 2,
      "metrics": {
        "mae": 0.3558704359038752,
        "rmse": 0.4949686314292302,
        "r2": 0.1961906192944579,
        "r2_prod": -0.1295496011330275,
        "mase": 1.940544764579599
      }
    }
  ],
  "n_train": 1684,
  "n_test": 421,
  "n_cv_folds": 3,
  "well": "49/22-Z05Z"
}