{
  "test_metrics": {
    "mae": 0.3891378105021183,
    "rmse": 0.5396379859033364,
    "r2": -0.12779877808160145,
    "r2_prod": -1.3233105428776892,
    "mase": 1.3794660943761023
  },
  "cv_aggregate": {
    "mae_mean": 2.3251890855396176,
    "mae_std": 2.596228734629767,
    "rmse_mean": 3.2120044038956745,
    "rmse_std": 3.3937068052462336,
    "r2_mean": -0.08704637241243411,
    "r2_std": 0.16549730132151982,
    "r2_prod_mean": -0.9223319901832747,
    "r2_prod_std": 0.2200901851860825,
    "mase_mean": 1.2550929633425005,
    "mase_std": 0.057542369497450264
  },
  "cv_fold_results": [
    {
      "fold_idx": 0,
      "metrics": {
        "mae": 5.996608707712438,
        "rmse": 8.008076443475856,
        "r2": -0.2135882511582068,
        "r2_prod": -0.6801713850178774,
        "mase": 1.3340178733134873
      }
    },
    {
      "fold_idx": 1,
      "metrics": {
        "mae": 0.45610365132480046,
        "rmse": 0.9693342855440797,
        "r2": 0.146736736056023,
        "r2_prod": -1.2127587288144257,
        "mase": 1.1984598831317752
      }
    },
    {
      "fold_idx": 2,
      "metrics": {
        "mae": 0.522854897581614,
        "rmse": 0.6586024826670889,
        "r2": -0.19428760213511853,
        "r2_prod": -0.874065856717521,
        "mase": 1.2328011335822393
      }
    }
  ],
  "n_train": 1952,
  "n_test": 489,
  "n_cv_folds": 3,
  "well": "49/22-Z05Z"
}