{
  "test_metrics": {
    "mae": 0.015904924381829756,
    "rmse": 0.05798714687859915,
    "r2": -0.07674184857263366,
    "r2_prod": 0.08818169830747169,
    "mase": 1.37000905197931
  },
  "cv_aggregate": {
    "mae_mean": 2.756815876912802,
    "mae_std": 0.9164125078618633,
    "rmse_mean": 4.3259252707793605,
    "rmse_std": 1.4139776424361348,
    "r2_mean": -0.5581782309236268,
    "r2_std": 0.23113056224042067,
    "r2_prod_mean": -1.0269883823882002,
    "r2_prod_std": 0.6513242749111166,
    "mase_mean": 1.6768586188595747,
    "mase_std": 0.5183751072552389
  },
  "cv_fold_results": [
    {
      "fold_idx": 0,
      "metrics": {
        "mae": 3.9519967889142906,
        "rmse": 5.940081425323772,
        "r2": -0.8467336830682224,
        "r2_prod": -0.7789564245058345,
        "mase": 2.311296784170979
      }
    },
    {
      "fold_idx": 1,
      "metrics": {
        "mae": 2.593247041962177,
        "rmse": 4.541038022816277,
        "r2": -0.28091998567434406,
        "r2_prod": -1.919245910280309,
        "mase": 1.041543185187321
      }
    },
    {
      "fold_idx": 2,
      "metrics": {
        "mae": 1.7252037998619396,
        "rmse": 2.4966563641980315,
        "r2": -0.546881024028314,
        "r2_prod": -0.3827628123784572,
        "mase": 1.6777358872204247
      }
    }
  ],
  "n_train": 2444,
  "n_test": 612,
  "n_cv_folds": 3,
  "well": "49/22-Z06"
}