{
  "test_metrics": {
    "mae": 0.3534315811998601,
    "rmse": 0.854242566417955,
    "r2": 0.15042704856710265,
    "r2_prod": 0.27856442767901435,
    "mase": 1.4289481074162946
  },
  "cv_aggregate": {
    "mae_mean": 2.53346595431836,
    "mae_std": 0.7223175581060803,
    "rmse_mean": 4.001593574783014,
    "rmse_std": 0.7832012158234674,
    "r2_mean": 0.10273861473326207,
    "r2_std": 0.19256857791768017,
    "r2_prod_mean": -0.18506676019885082,
    "r2_prod_std": 0.35446240012085106,
    "mase_mean": 1.6206789465519,
    "mase_std": 0.1739828058169395
  },
  "cv_fold_results": [
    {
      "fold_idx": 0,
      "metrics": {
        "mae": 3.5337337958759494,
        "rmse": 5.106826681992646,
        "r2": 0.27348867695667867,
        "r2_prod": 0.10464286079367457,
        "mase": 1.6386481108280584
      }
    },
    {
      "fold_idx": 1,
      "metrics": {
        "mae": 1.853854553108769,
        "rmse": 3.386119636991116,
        "r2": 0.20109517586926984,
        "r2_prod": 0.024361707597027937,
        "mase": 1.824209909565969
      }
    },
    {
      "fold_idx": 2,
      "metrics": {
        "mae": 2.2128095139703614,
        "rmse": 3.5118344053652795,
        "r2": -0.1663680086261623,
        "r2_prod": -0.684204848987255,
        "mase": 1.399178819261673
      }
    }
  ],
  "n_train": 1922,
  "n_test": 481,
  "n_cv_folds": 3,
  "well": "49/22-Z06"
}