{
  "test_metrics": {
    "mae": 0.025267652598049077,
    "rmse": 0.06600631144765351,
    "r2": -0.12640071405269593,
    "r2_prod": -0.7884563976514054,
    "mase": 0.6262461739068453
  },
  "cv_aggregate": {
    "mae_mean": 0.8390943530215681,
    "mae_std": 0.4931549726183888,
    "rmse_mean": 1.713936896544852,
    "rmse_std": 1.0572150320830178,
    "r2_mean": 0.07656538904865066,
    "r2_std": 0.0905074585432466,
    "r2_prod_mean": -0.19425170677245238,
    "r2_prod_std": 0.29766931293275006,
    "mase_mean": 1.4891003601533417,
    "mase_std": 0.48616788540627365
  },
  "cv_fold_results": [
    {
      "fold_idx": 0,
      "metrics": {
        "mae": 1.1905576991853277,
        "rmse": 2.2425354919264753,
        "r2": 0.050097795618330276,
        "r2_prod": -0.23070300631726837,
        "mase": 1.2554986116259597
      }
    },
    {
      "fold_idx": 1,
      "metrics": {
        "mae": 1.1850502087870773,
        "rmse": 2.660832496388651,
        "r2": 0.19825194023063708,
        "r2_prod": 0.18717362205254484,
        "mase": 2.1659114901394827
      }
    },
    {
      "fold_idx": 2,
      "metrics": {
        "mae": 0.1416751510922988,
        "rmse": 0.23844270131942963,
        "r2": -0.018653568703015377,
        "r2_prod": -0.5392257360526336,
        "mase": 1.0458909786945827
      }
    }
  ],
  "n_train": 2586,
  "n_test": 647,
  "n_cv_folds": 3,
  "well": "49/22-Z01Z"
}