{
  "test_metrics": {
    "mae": 0.5990083381629382,
    "rmse": 0.8756218747331469,
    "r2": 0.3304861016971147,
    "r2_prod": -0.021551131017746306,
    "mase": 0.9956138060671749
  },
  "cv_aggregate": {
    "mae_mean": 0.5601648120475667,
    "mae_std": 0.029662617944535258,
    "rmse_mean": 1.0324589413213925,
    "rmse_std": 0.06542569670440725,
    "r2_mean": -0.06159802432144679,
    "r2_std": 0.13645000465493265,
    "r2_prod_mean": -1.329469692231816,
    "r2_prod_std": 0.5259923239483644,
    "mase_mean": 1.1470900515496876,
    "mase_std": 0.09052933865900761
  },
  "cv_fold_results": [
    {
      "fold_idx": 0,
      "metrics": {
        "mae": 0.5218497886300264,
        "rmse": 1.1245523429328554,
        "r2": 0.10827303529816235,
        "r2_prod": -1.616242582378176,
        "mase": 1.0198503176093858
      }
    },
    {
      "fold_idx": 1,
      "metrics": {
        "mae": 0.5941133883011964,
        "rmse": 0.9941508914709623,
        "r2": -0.22581642102744848,
        "r2_prod": -0.5916735657210526,
        "mase": 1.1984266242891837
      }
    },
    {
      "fold_idx": 2,
      "metrics": {
        "mae": 0.5645312592114772,
        "rmse": 0.97867358956036,
        "r2": -0.06725068723505423,
        "r2_prod": -1.7804929285962197,
        "mase": 1.2229932127504934
      }
    }
  ],
  "n_train": 5039,
  "n_test": 1260,
  "n_cv_folds": 3,
  "well": "49/22-Z04"
}