{
  "test_metrics": {
    "mae": 0.09726651302777478,
    "rmse": 0.35990413409304,
    "r2": -0.09983086654613715,
    "r2_prod": -1.2123493073619795,
    "mase": 0.756879714622341
  },
  "cv_aggregate": {
    "mae_mean": 1.3823209259429292,
    "mae_std": 0.42251593207988847,
    "rmse_mean": 1.8518930998402217,
    "rmse_std": 0.5684774821583672,
    "r2_mean": -0.267804091294562,
    "r2_std": 0.10063472778987453,
    "r2_prod_mean": -1.6485421745090019,
    "r2_prod_std": 0.7615809688129375,
    "mase_mean": 0.8803347250379293,
    "mase_std": 0.09585909578170712
  },
  "cv_fold_results": [
    {
      "fold_idx": 0,
      "metrics": {
        "mae": 1.9648457545894962,
        "rmse": 2.633375996778559,
        "r2": -0.35871355142350536,
        "r2_prod": -1.0418930095592023,
        "mase": 1.0094800596707139
      }
    },
    {
      "fold_idx": 1,
      "metrics": {
        "mae": 1.206289528710189,
        "rmse": 1.6245937907547612,
        "r2": -0.3171788144622547,
        "r2_prod": -2.722574841206691,
        "mase": 0.8514630559298411
      }
    },
    {
      "fold_idx": 2,
      "metrics": {
        "mae": 0.9758274945291022,
        "rmse": 1.2977095119873454,
        "r2": -0.1275199079979259,
        "r2_prod": -1.1811586727611125,
        "mase": 0.780061059513233
      }
    }
  ],
  "n_train": 1061,
  "n_test": 266,
  "n_cv_folds": 3,
  "well": "49/22-Z08"
}