{
  "test_metrics": {
    "mae": 0.4998171762646808,
    "rmse": 0.8617839380852278,
    "r2": 0.2329139282077064,
    "r2_prod": -0.42299085330045916,
    "mase": 0.7514892810756844
  },
  "cv_aggregate": {
    "mae_mean": 1.3980659553373644,
    "mae_std": 0.27235173219882225,
    "rmse_mean": 1.8865715714237823,
    "rmse_std": 0.377003009287891,
    "r2_mean": -0.2890365303210283,
    "r2_std": 0.11916787837376025,
    "r2_prod_mean": -2.0424822259153017,
    "r2_prod_std": 1.1458863796286287,
    "mase_mean": 0.8590828893208867,
    "mase_std": 0.07696611868962172
  },
  "cv_fold_results": [
    {
      "fold_idx": 0,
      "metrics": {
        "mae": 1.599779800948041,
        "rmse": 2.170977593081439,
        "r2": -0.14857762204332592,
        "r2_prod": -0.466592769079774,
        "mase": 0.9416379551986094
      }
    },
    {
      "fold_idx": 1,
      "metrics": {
        "mae": 1.5813689213521451,
        "rmse": 2.134921776753568,
        "r2": -0.43991923094278285,
        "r2_prod": -2.50329898640067,
        "mase": 0.7563710747254367
      }
    },
    {
      "fold_idx": 2,
      "metrics": {
        "mae": 1.0130491437119067,
        "rmse": 1.3538153444363403,
        "r2": -0.27861273797697605,
        "r2_prod": -3.1575549222654606,
        "mase": 0.8792396380386138
      }
    }
  ],
  "n_train": 908,
  "n_test": 227,
  "n_cv_folds": 3,
  "well": "49/22-Z08"
}