{
  "test_metrics": {
    "mae": 2.1510862696147033,
    "rmse": 3.2881676028456512,
    "r2": -0.23582232903664435,
    "r2_prod": -1.6287887100240717,
    "mase": 1.258335818366426
  },
  "cv_aggregate": {
    "mae_mean": 1.9551764685313369,
    "mae_std": 0.4106455332485478,
    "rmse_mean": 2.8434034425223356,
    "rmse_std": 0.44016497812337035,
    "r2_mean": -0.2029392748400056,
    "r2_std": 0.3760237170984815,
    "r2_prod_mean": -0.7137347284946735,
    "r2_prod_std": 1.2266613968845168,
    "mase_mean": 1.604433513267268,
    "mase_std": 0.38272584164030815
  },
  "cv_fold_results": [
    {
      "fold_idx": 0,
      "metrics": {
        "mae": 1.7360489198168405,
        "rmse": 3.1761411301169735,
        "r2": -0.030721838056659623,
        "r2_prod": 0.12983597059360708,
        "mase": 1.2185873146268213
      }
    },
    {
      "fold_idx": 1,
      "metrics": {
        "mae": 1.598980681514631,
        "rmse": 2.221422883127019,
        "r2": 0.14666592619443863,
        "r2_prod": 0.17723985075235493,
        "mase": 1.4686308331984066
      }
    },
    {
      "fold_idx": 2,
      "metrics": {
        "mae": 2.5304998042625395,
        "rmse": 3.1326463143230137,
        "r2": -0.7247619126577958,
        "r2_prod": -2.4482800068299824,
        "mase": 2.126082391976576
      }
    }
  ],
  "n_train": 5548,
  "n_test": 1388,
  "n_cv_folds": 3,
  "well": "49/22-Z02Z"
}