{
  "test_metrics": {
    "mae": 0.019215786830875957,
    "rmse": 0.05142047353266612,
    "r2": -0.11056373939892183,
    "r2_prod": -1.058762270566509,
    "mase": 0.5955624747183511
  },
  "cv_aggregate": {
    "mae_mean": 0.9913554202060201,
    "mae_std": 0.6331151625001697,
    "rmse_mean": 1.8349551209073223,
    "rmse_std": 1.1520508837069383,
    "r2_mean": -0.11500903709619255,
    "r2_std": 0.0241464362568003,
    "r2_prod_mean": -0.586456108135254,
    "r2_prod_std": 0.34209158761123293,
    "mase_mean": 1.0553614783004852,
    "mase_std": 0.2586210526180505
  },
  "cv_fold_results": [
    {
      "fold_idx": 0,
      "metrics": {
        "mae": 1.589974454263276,
        "rmse": 2.8916911337754843,
        "r2": -0.08765597653923152,
        "r2_prod": -0.5534507691189192,
        "mase": 0.8952937636774101
      }
    },
    {
      "fold_idx": 1,
      "metrics": {
        "mae": 1.268668528929879,
        "rmse": 2.3805115099990766,
        "r2": -0.11098152448947318,
        "r2_prod": -0.18496001308917842,
        "mase": 1.4201952975807912
      }
    },
    {
      "fold_idx": 2,
      "metrics": {
        "mae": 0.1154232774249049,
        "rmse": 0.2326627189474057,
        "r2": -0.14638961025987296,
        "r2_prod": -1.0209575421976642,
        "mase": 0.8505953736432541
      }
    }
  ],
  "n_train": 3098,
  "n_test": 775,
  "n_cv_folds": 3,
  "well": "49/22-Z01Z"
}