{
  "test_metrics": {
    "mae": 2.331959555331622,
    "rmse": 3.2946588504247525,
    "r2": -0.22376328352691965,
    "r2_prod": -1.2875676093035735,
    "mase": 1.136396165762786
  },
  "cv_aggregate": {
    "mae_mean": 1.6208259187244654,
    "mae_std": 0.2663574977987727,
    "rmse_mean": 2.5725450389354134,
    "rmse_std": 0.4703252520663482,
    "r2_mean": 0.003968658284281982,
    "r2_std": 0.26423739634216414,
    "r2_prod_mean": -0.1822076233401446,
    "r2_prod_std": 0.4946473469668668,
    "mase_mean": 1.2573125423419718,
    "mase_std": 0.251784256402461
  },
  "cv_fold_results": [
    {
      "fold_idx": 0,
      "metrics": {
        "mae": 1.6514987535111685,
        "rmse": 3.1142487009773596,
        "r2": 0.051682189131655454,
        "r2_prod": 0.10918959036256703,
        "mase": 0.9815593328272434
      }
    },
    {
      "fold_idx": 1,
      "metrics": {
        "mae": 1.280352825677558,
        "rmse": 1.9674378848533562,
        "r2": 0.3010864505269101,
        "r2_prod": 0.22284756659683047,
        "mase": 1.2000914965754117
      }
    },
    {
      "fold_idx": 2,
      "metrics": {
        "mae": 1.9306261769846695,
        "rmse": 2.6359485309755244,
        "r2": -0.3408626648057196,
        "r2_prod": -0.8786600269798313,
        "mase": 1.5902867976232595
      }
    }
  ],
  "n_train": 5304,
  "n_test": 1326,
  "n_cv_folds": 3,
  "well": "49/22-Z02Z"
}