{
  "test_metrics": {
    "mae": 1.484654511579332,
    "rmse": 2.2989307705261615,
    "r2": 0.26800985255416887,
    "r2_prod": 0.20786843787593579,
    "mase": 1.6943356169163704
  },
  "cv_aggregate": {
    "mae_mean": 0.3451245082379299,
    "mae_std": 0.1374628552401984,
    "rmse_mean": 0.5971098950355737,
    "rmse_std": 0.18889094131992948,
    "r2_mean": 0.24880664462133828,
    "r2_std": 0.30317356538921264,
    "r2_prod_mean": 0.08832281788504588,
    "r2_prod_std": 0.5593542187438275,
    "mase_mean": 1.7673676841016739,
    "mase_std": 0.12428036800251728
  },
  "cv_fold_results": [
    {
      "fold_idx": 0,
      "metrics": {
        "mae": 0.24762022944250384,
        "rmse": 0.47252709929923803,
        "r2": 0.6773817330139502,
        "r2_prod": 0.8622672810374551,
        "mase": 1.8960665001711277
      }
    },
    {
      "fold_idx": 1,
      "metrics": {
        "mae": 0.24822726875396178,
        "rmse": 0.4547576347464888,
        "r2": 0.04518968303140747,
        "r2_prod": -0.15696953153926874,
        "mase": 1.8066805925710767
      }
    },
    {
      "fold_idx": 2,
      "metrics": {
        "mae": 0.539526026517324,
        "rmse": 0.8640449510609939,
        "r2": 0.023848517818657156,
        "r2_prod": -0.4403292958430487,
        "mase": 1.5993559595628173
      }
    }
  ],
  "n_train": 3800,
  "n_test": 951,
  "n_cv_folds": 3,
  "well": "49/22-Z07"
}