{
  "cdf": {
    "status": "ok",
    "elapsed": 17.0,
    "aggregate": {
      "error_mean_mean": 27.700022538467675,
      "error_mean_std": 0.0,
      "error_std_mean": 36.81111197242096,
      "error_std_std": 0.0,
      "error_p50_mean": 19.365277485537735,
      "error_p50_std": 0.0,
      "error_p95_mean": 85.46900825399716,
      "error_p95_std": 0.0,
      "error_p99_mean": 274.06630717031,
      "error_p99_std": 0.0
    }
  },
  "ganymede": {
    "status": "ok",
    "elapsed": 1.8,
    "aggregate": {
      "mae_mean": 0.9482791077431352,
      "mae_std": 1.2165237279573373,
      "rmse_mean": 1.180880044748585,
      "rmse_std": 1.4906299617619903,
      "r2_mean": -0.2664784794314978,
      "r2_std": 0.3532511853262512,
      "mase_mean": 1.2048265123901125,
      "mase_std": 0.1694196882751066
    }
  }
}