{
  "test_metrics": {
    "error_mean": 24.80873302120912,
    "error_std": 19.19347170137855,
    "error_p50": 19.660306218333666,
    "error_p95": 60.916722147095236,
    "error_p99": 82.89200215800656
  },
  "cv_aggregate": {
    "error_mean_mean": 24.829753604079386,
    "error_mean_std": 3.857607056528131,
    "error_p50_mean": 17.61196697942726,
    "error_p50_std": 1.3229847147017757,
    "error_p95_mean": 68.65821723076722,
    "error_p95_std": 16.347991756408764,
    "error_p99_mean": 144.3969985198406,
    "error_p99_std": 69.0889378871622,
    "error_std_mean": 26.269749874830296,
    "error_std_std": 10.034282536326458
  },
  "cv_fold_results": [
    {
      "fold_idx": 0,
      "metrics": {
        "error_mean": 28.446066574104343,
        "error_std": 38.452145024691745,
        "error_p50": 17.440000846316117,
        "error_p95": 83.11980637328011,
        "error_p99": 235.24156286603593
      }
    },
    {
      "fold_idx": 1,
      "metrics": {
        "error_mean": 19.484167447541918,
        "error_std": 13.875999218987568,
        "error_p50": 16.08448992258377,
        "error_p95": 45.80589644385955,
        "error_p99": 67.82394020670563
      }
    },
    {
      "fold_idx": 2,
      "metrics": {
        "error_mean": 26.5590267905919,
        "error_std": 26.48110538081158,
        "error_p50": 19.31141016938189,
        "error_p95": 77.04894887516198,
        "error_p99": 130.12549248678027
      }
    }
  ],
  "n_train": 3456,
  "n_test": 864,
  "n_cv_folds": 3
}