{
  "test_metrics": {
    "mae": 1.4567464316154166,
    "rmse": 2.6252535342195795,
    "r2": 0.04545599873865214,
    "r2_prod": -0.15372614406719665,
    "mase": 1.6624860158719423
  },
  "cv_aggregate": {
    "mae_mean": 0.34966310973737125,
    "mae_std": 0.16638090299142433,
    "rmse_mean": 0.6708326042576314,
    "rmse_std": 0.24990788826581867,
    "r2_mean": 0.07601947591311613,
    "r2_std": 0.40258257944062004,
    "r2_prod_mean": -0.10957448762782045,
    "r2_prod_std": 0.6312900818816801,
    "mase_mean": 1.7343999507289505,
    "mase_std": 0.0853727765479782
  },
  "cv_fold_results": [
    {
      "fold_idx": 0,
      "metrics": {
        "mae": 0.24022133157536707,
        "rmse": 0.5217749323140642,
        "r2": 0.6066293672774966,
        "r2_prod": 0.6987169260368388,
        "mase": 1.8394119917101255
      }
    },
    {
      "fold_idx": 1,
      "metrics": {
        "mae": 0.22399336653688096,
        "rmse": 0.4678415549017249,
        "r2": -0.010542757209079268,
        "r2_prod": -0.18540709059395066,
        "mase": 1.630298194949557
      }
    },
    {
      "fold_idx": 2,
      "metrics": {
        "mae": 0.5847746310998658,
        "rmse": 1.0228813255571052,
        "r2": -0.368028182329069,
        "r2_prod": -0.8420332983263494,
        "mase": 1.733489665527169
      }
    }
  ],
  "n_train": 3800,
  "n_test": 951,
  "n_cv_folds": 3,
  "well": "49/22-Z07"
}