{
  "test_metrics": {
    "mae": 0.8382748499817911,
    "rmse": 1.4247129845871511,
    "r2": -0.5146726137087596,
    "r2_prod": -1.767082774607048,
    "mase": 0.9563968855147625
  },
  "cv_aggregate": {
    "mae_mean": 1.3541338167911057,
    "mae_std": 0.34360834037858373,
    "rmse_mean": 2.018904567637762,
    "rmse_std": 0.45259529944121923,
    "r2_mean": -0.39172804695444946,
    "r2_std": 0.3871892665562309,
    "r2_prod_mean": -1.4245922088214795,
    "r2_prod_std": 1.1479148924586984,
    "mase_mean": 2.2487426107193893,
    "mase_std": 0.5184350504933548
  },
  "cv_fold_results": [
    {
      "fold_idx": 0,
      "metrics": {
        "mae": 0.9347934456770935,
        "rmse": 1.456113456482515,
        "r2": 0.051742390097063606,
        "r2_prod": -0.035853578509428274,
        "mase": 1.6063187635840914
      }
    },
    {
      "fold_idx": 1,
      "metrics": {
        "mae": 1.7764428445949103,
        "rmse": 2.5643330407046867,
        "r2": -0.3353018540649395,
        "r2_prod": -1.3908704149794944,
        "mase": 2.2639626179820755
      }
    },
    {
      "fold_idx": 2,
      "metrics": {
        "mae": 1.3511651601013128,
        "rmse": 2.0362672057260847,
        "r2": -0.8916246768954723,
        "r2_prod": -2.8470526329755157,
        "mase": 2.8759464505920014
      }
    }
  ],
  "n_train": 799,
  "n_test": 200,
  "n_cv_folds": 3,
  "well": "49/22-Z08"
}