{
  "test_metrics": {
    "mae": 0.08867748868899009,
    "rmse": 0.3810548762487964,
    "r2": -0.2328983757907559,
    "r2_prod": -1.48990304980543,
    "mase": 0.6900441913979467
  },
  "cv_aggregate": {
    "mae_mean": 1.3186304272240743,
    "mae_std": 0.313993929355376,
    "rmse_mean": 2.0146654256051693,
    "rmse_std": 0.4105903648196146,
    "r2_mean": -0.5882686110315177,
    "r2_std": 0.235169832805324,
    "r2_prod_mean": -2.440868517107981,
    "r2_prod_std": 0.7560806222505351,
    "mase_mean": 0.8501326276980197,
    "mase_std": 0.04144748173151915
  },
  "cv_fold_results": [
    {
      "fold_idx": 0,
      "metrics": {
        "mae": 1.7438520264152222,
        "rmse": 2.5560773898707265,
        "r2": -0.28011845628027765,
        "r2_prod": -1.734366752370561,
        "mase": 0.8959399706417772
      }
    },
    {
      "fold_idx": 1,
      "metrics": {
        "mae": 1.2168267808002853,
        "rmse": 1.925705104319188,
        "r2": -0.8506944474613141,
        "r2_prod": -3.489193714446909,
        "mase": 0.8589008066954719
      }
    },
    {
      "fold_idx": 2,
      "metrics": {
        "mae": 0.9952124744567155,
        "rmse": 1.5622137826255924,
        "r2": -0.6339929293529614,
        "r2_prod": -2.0990450845064728,
        "mase": 0.7955571057568099
      }
    }
  ],
  "n_train": 1061,
  "n_test": 266,
  "n_cv_folds": 3,
  "well": "49/22-Z08"
}