{
  "test_metrics": {
    "mae": 0.885937948902927,
    "rmse": 1.8203320541602515,
    "r2": 0.5861657019594047,
    "r2_prod": 0.583825591677553,
    "mase": 1.042821236372471
  },
  "cv_aggregate": {
    "mae_mean": 3.929294339168155,
    "mae_std": 2.1842265806734416,
    "rmse_mean": 9.541158086231095,
    "rmse_std": 5.501170645364529,
    "r2_mean": 0.39996802787748037,
    "r2_std": 0.09651046895241136,
    "r2_prod_mean": 0.42596867146922096,
    "r2_prod_std": 0.18906469824044472,
    "mase_mean": 1.1174710400351324,
    "mase_std": 0.01827586983837821
  },
  "cv_fold_results": [
    {
      "fold_idx": 0,
      "metrics": {
        "mae": 0.8598582676521158,
        "rmse": 1.762014779131406,
        "r2": 0.270522640058693,
        "r2_prod": 0.16323800309351855,
        "mase": 1.1072218801913012
      }
    },
    {
      "fold_idx": 1,
      "metrics": {
        "mae": 5.163695399485671,
        "rmse": 13.3412045487163,
        "r2": 0.502165041066273,
        "r2_prod": 0.6003181550876259,
        "mase": 1.1431437870138859
      }
    },
    {
      "fold_idx": 2,
      "metrics": {
        "mae": 5.764329350366678,
        "rmse": 13.520254930845581,
        "r2": 0.42721640250747517,
        "r2_prod": 0.5143498562265183,
        "mase": 1.1020474529002104
      }
    }
  ],
  "n_train": 23260,
  "n_test": 5815,
  "n_cv_folds": 3
}