{
  "test_metrics": {
    "mae": 0.020791449204358266,
    "rmse": 0.05559936144264576,
    "r2": -0.16254775208195515,
    "r2_prod": -1.1624381104894659,
    "mase": 0.5323583150258017
  },
  "cv_aggregate": {
    "mae_mean": 0.9162070074779232,
    "mae_std": 0.5656219869539327,
    "rmse_mean": 2.011817871095588,
    "rmse_std": 1.2789614043225879,
    "r2_mean": -0.24193589362878942,
    "r2_std": 0.02976809252794544,
    "r2_prod_mean": -0.7558982524324879,
    "r2_prod_std": 0.3897509978943775,
    "mase_mean": 0.8565321036283597,
    "mase_std": 0.14833582979712337
  },
  "cv_fold_results": [
    {
      "fold_idx": 0,
      "metrics": {
        "mae": 1.2712236998440334,
        "rmse": 2.511575264889426,
        "r2": -0.19989516345877578,
        "r2_prod": -0.6836933501245976,
        "mase": 0.8126254696612664
      }
    },
    {
      "fold_idx": 1,
      "metrics": {
        "mae": 1.3594761651516383,
        "rmse": 3.267361148640221,
        "r2": -0.26486459678855145,
        "r2_prod": -0.3187686256357454,
        "mase": 1.0561351693386116
      }
    },
    {
      "fold_idx": 2,
      "metrics": {
        "mae": 0.11792115743809808,
        "rmse": 0.2565171997571164,
        "r2": -0.26104792063904103,
        "r2_prod": -1.2652327815371205,
        "mase": 0.7008356718852012
      }
    }
  ],
  "n_train": 2786,
  "n_test": 697,
  "n_cv_folds": 3,
  "well": "49/22-Z01Z"
}