{
  "test_metrics": {
    "mae": 0.5164067492479097,
    "rmse": 0.8923581319530794,
    "r2": 0.26730666527262903,
    "r2_prod": -0.12178135263149414,
    "mase": 1.5429258191851112
  },
  "cv_aggregate": {
    "mae_mean": 0.39510983290775786,
    "mae_std": 0.002223251894147527,
    "rmse_mean": 0.9091256289623892,
    "rmse_std": 0.1260289182254662,
    "r2_mean": -0.052735391960262556,
    "r2_std": 0.06394925407440169,
    "r2_prod_mean": -1.0349471272496216,
    "r2_prod_std": 0.6391403679862409,
    "mase_mean": 1.7096300654995584,
    "mase_std": 0.08516393935321527
  },
  "cv_fold_results": [
    {
      "fold_idx": 0,
      "metrics": {
        "mae": 0.3919837763152908,
        "rmse": 1.0859524069876747,
        "r2": -0.13769504456599146,
        "r2_prod": -1.851104406618552,
        "mase": 1.8114587838549991
      }
    },
    {
      "fold_idx": 1,
      "metrics": {
        "mae": 0.3969645821541569,
        "rmse": 0.8013692755047815,
        "r2": -0.0371005599178551,
        "r2_prod": -0.29046681324677515,
        "mase": 1.6030153567914855
      }
    },
    {
      "fold_idx": 2,
      "metrics": {
        "mae": 0.3963811402538261,
        "rmse": 0.8400552043947114,
        "r2": 0.016589428603058898,
        "r2_prod": -0.9632701618835375,
        "mase": 1.7144160558521904
      }
    }
  ],
  "n_train": 4812,
  "n_test": 1203,
  "n_cv_folds": 3,
  "well": "49/22-Z04"
}