{
  "test_metrics": {
    "mae": 0.5000140609075147,
    "rmse": 0.7869473263596272,
    "r2": -1.1703754387771297,
    "r2_prod": -2.211029673219199,
    "mase": 2.495429950139835
  },
  "cv_aggregate": {
    "mae_mean": 1.8329938615152723,
    "mae_std": 1.7008070209404258,
    "rmse_mean": 3.10865171448789,
    "rmse_std": 3.035392491957701,
    "r2_mean": -0.30923162587320113,
    "r2_std": 0.38482397229255394,
    "r2_prod_mean": -2.143286089614181,
    "r2_prod_std": 1.1328555638958013,
    "mase_mean": 2.0619152532223763,
    "mase_std": 0.5524278554536785
  },
  "cv_fold_results": [
    {
      "fold_idx": 0,
      "metrics": {
        "mae": 4.2381337056682895,
        "rmse": 7.395886424648905,
        "r2": 0.14619957882963264,
        "r2_prod": -0.5567166652679398,
        "mase": 2.8059859506997116
      }
    },
    {
      "fold_idx": 1,
      "metrics": {
        "mae": 0.6547864366643942,
        "rmse": 1.1524517421196576,
        "r2": -0.2789335700324118,
        "r2_prod": -2.743851603802934,
        "mase": 1.8961173915912157
      }
    },
    {
      "fold_idx": 2,
      "metrics": {
        "mae": 0.606061442213133,
        "rmse": 0.7776169766951077,
        "r2": -0.7949608864168243,
        "r2_prod": -3.12928999977167,
        "mase": 1.4836424173762015
      }
    }
  ],
  "n_train": 2241,
  "n_test": 561,
  "n_cv_folds": 3,
  "well": "49/22-Z05Z"
}