{
  "test_metrics": {
    "mae": 0.9949632350653862,
    "rmse": 1.9324270600355014,
    "r2": 0.38329332643514025,
    "r2_prod": 0.36147542887542206,
    "mase": 1.3787604329889562
  },
  "cv_aggregate": {
    "mae_mean": 4.347636821250885,
    "mae_std": 2.9720184231710434,
    "rmse_mean": 9.486665193038258,
    "rmse_std": 6.839630190880376,
    "r2_mean": 0.27879183141186764,
    "r2_std": 0.19103894622200823,
    "r2_prod_mean": 0.3082079888109757,
    "r2_prod_std": 0.23536004243922107,
    "mase_mean": 1.4609114872291913,
    "mase_std": 0.11453045949001817
  },
  "cv_fold_results": [
    {
      "fold_idx": 0,
      "metrics": {
        "mae": 0.9242068405755236,
        "rmse": 1.6270403626590835,
        "r2": 0.11442014129118716,
        "r2_prod": 0.037318717036819105,
        "mase": 1.6150712609461868
      }
    },
    {
      "fold_idx": 1,
      "metrics": {
        "mae": 8.171089398757474,
        "rmse": 18.299154626654197,
        "r2": 0.1752890147947208,
        "r2_prod": 0.2761540390510754,
        "mase": 1.426865451605919
      }
    },
    {
      "fold_idx": 2,
      "metrics": {
        "mae": 3.9476142244196573,
        "rmse": 8.533800589801494,
        "r2": 0.546666338149695,
        "r2_prod": 0.6111512103450327,
        "mase": 1.3407977491354675
      }
    }
  ],
  "n_train": 25087,
  "n_test": 6272,
  "n_cv_folds": 3
}