{
  "test_metrics": {
    "mae": 0.659752907321772,
    "rmse": 1.0493205115104989,
    "r2": -0.014789557265180164,
    "r2_prod": -0.8975886304123382,
    "mase": 1.0733504328128203
  },
  "cv_aggregate": {
    "mae_mean": 0.6582285518038687,
    "mae_std": 0.06525718755619206,
    "rmse_mean": 1.2363548697842568,
    "rmse_std": 0.20221752160268971,
    "r2_mean": -0.2504863955419299,
    "r2_std": 0.11000551034890194,
    "r2_prod_mean": -3.0899189634173347,
    "r2_prod_std": 1.7872366080919144,
    "mase_mean": 1.1490640310227906,
    "mase_std": 0.023932317256970183
  },
  "cv_fold_results": [
    {
      "fold_idx": 0,
      "metrics": {
        "mae": 0.7070039985647508,
        "rmse": 1.5223265258778398,
        "r2": -0.31369650394468684,
        "r2_prod": -5.214826595129397,
        "mase": 1.155305168987201
      }
    },
    {
      "fold_idx": 1,
      "metrics": {
        "mae": 0.7016896871947682,
        "rmse": 1.0951148933982524,
        "r2": -0.3419877185411959,
        "r2_prod": -0.8421813387312356,
        "mase": 1.1171351323143708
      }
    },
    {
      "fold_idx": 2,
      "metrics": {
        "mae": 0.5659919696520872,
        "rmse": 1.0916231900766777,
        "r2": -0.09577496413990705,
        "r2_prod": -3.212748956391372,
        "mase": 1.1747517917668002
      }
    }
  ],
  "n_train": 5273,
  "n_test": 1319,
  "n_cv_folds": 3,
  "well": "49/22-Z04"
}