{
  "test_metrics": {
    "mae": 0.14910751689690654,
    "rmse": 0.4223847891158016,
    "r2": -0.1401729282452997,
    "r2_prod": -0.8850334578729653,
    "mase": 0.6778774009939075
  },
  "cv_aggregate": {
    "mae_mean": 2.2959928455520964,
    "mae_std": 0.5377695882475693,
    "rmse_mean": 3.9569681583362013,
    "rmse_std": 0.44755388180250083,
    "r2_mean": 0.05730335937621911,
    "r2_std": 0.3222535843122595,
    "r2_prod_mean": -0.17946700311630318,
    "r2_prod_std": 0.6513405894144566,
    "mase_mean": 0.9455327357997355,
    "mase_std": 0.04810272715961943
  },
  "cv_fold_results": [
    {
      "fold_idx": 0,
      "metrics": {
        "mae": 3.0138470334651473,
        "rmse": 4.5714094982399605,
        "r2": 0.5044702821714826,
        "r2_prod": 0.4871254755313743,
        "mase": 1.01101661037676
      }
    },
    {
      "fold_idx": 1,
      "metrics": {
        "mae": 1.719561225808839,
        "rmse": 3.7812887197062337,
        "r2": -0.09010683721341728,
        "r2_prod": 0.03778893100567848,
        "mase": 0.9287502837182904
      }
    },
    {
      "fold_idx": 2,
      "metrics": {
        "mae": 2.154570277382304,
        "rmse": 3.518206257062409,
        "r2": -0.242453366829408,
        "r2_prod": -1.0633154158859623,
        "mase": 0.8968313133041564
      }
    }
  ],
  "n_train": 2097,
  "n_test": 525,
  "n_cv_folds": 3,
  "well": "49/22-Z06"
}