{
  "test_metrics": {
    "mae": 2.175184237914366,
    "rmse": 3.435891334259537,
    "r2": -0.3309304330780185,
    "r2_prod": -1.3980260858690832,
    "mase": 1.059997383806262
  },
  "cv_aggregate": {
    "mae_mean": 1.4871989933583019,
    "mae_std": 0.3089210015483615,
    "rmse_mean": 2.654643645528314,
    "rmse_std": 0.7268292335851723,
    "r2_mean": -0.023746567186010054,
    "r2_std": 0.26083151566261625,
    "r2_prod_mean": -0.6047817519178773,
    "r2_prod_std": 0.4372925690192857,
    "mase_mean": 1.1245822992732148,
    "mase_std": 0.08202444996228542
  },
  "cv_fold_results": [
    {
      "fold_idx": 0,
      "metrics": {
        "mae": 1.8605517142063066,
        "rmse": 3.6495948123741164,
        "r2": -0.3023767201743077,
        "r2_prod": -0.9779498013599595,
        "mase": 1.1058088269241775
      }
    },
    {
      "fold_idx": 1,
      "metrics": {
        "mae": 1.1040434045843082,
        "rmse": 1.9336166499310632,
        "r2": 0.3249092548131045,
        "r2_prod": 0.00888117831820312,
        "mase": 1.0348343637158255
      }
    },
    {
      "fold_idx": 2,
      "metrics": {
        "mae": 1.4970018612842912,
        "rmse": 2.3807194742797635,
        "r2": -0.09377223619682695,
        "r2_prod": -0.8452766327118757,
        "mase": 1.2331037071796414
      }
    }
  ],
  "n_train": 5304,
  "n_test": 1326,
  "n_cv_folds": 3,
  "well": "49/22-Z02Z"
}