{
  "test_metrics": {
    "mae": 0.018754734145918047,
    "rmse": 0.05160691056682727,
    "r2": -0.15208932347940474,
    "r2_prod": -1.2129349167126784,
    "mase": 0.5564949670379737
  },
  "cv_aggregate": {
    "mae_mean": 0.9929311391239879,
    "mae_std": 0.6256598884570606,
    "rmse_mean": 2.1019165758712366,
    "rmse_std": 1.3398088595045787,
    "r2_mean": -0.32741953774320715,
    "r2_std": 0.11155755382791975,
    "r2_prod_mean": -0.8527393849558847,
    "r2_prod_std": 0.26532327534548533,
    "mase_mean": 0.9000092851779243,
    "mase_std": 0.1765133533963348
  },
  "cv_fold_results": [
    {
      "fold_idx": 0,
      "metrics": {
        "mae": 1.4119013883170544,
        "rmse": 2.6991251184048237,
        "r2": -0.28237759286118047,
        "r2_prod": -0.7699743160126975,
        "mase": 0.8656892836662242
      }
    },
    {
      "fold_idx": 1,
      "metrics": {
        "mae": 1.4583707449637286,
        "rmse": 3.360597807508173,
        "r2": -0.4808834333417442,
        "r2_prod": -0.5771722101955461,
        "mase": 1.1313002015274989
      }
    },
    {
      "fold_idx": 2,
      "metrics": {
        "mae": 0.10852128409118082,
        "rmse": 0.24602680170071387,
        "r2": -0.2189975870266967,
        "r2_prod": -1.2110716286594108,
        "mase": 0.70303837034005
      }
    }
  ],
  "n_train": 2940,
  "n_test": 736,
  "n_cv_folds": 3,
  "well": "49/22-Z01Z"
}