{
  "test_metrics": {
    "mae": 0.31693270621060643,
    "rmse": 0.4742804996377675,
    "r2": 0.12884159368677894,
    "r2_prod": -0.8344861057008188,
    "mase": 1.12350409191094
  },
  "cv_aggregate": {
    "mae_mean": 2.0709066750647938,
    "mae_std": 2.3043721924495317,
    "rmse_mean": 3.1094567839363747,
    "rmse_std": 3.292393048646485,
    "r2_mean": -0.0033719427557639494,
    "r2_std": 0.1370908720852486,
    "r2_prod_mean": -0.9591018137687742,
    "r2_prod_std": 0.30051842364300335,
    "mase_mean": 1.1280762838772909,
    "mase_std": 0.050902068981420065
  },
  "cv_fold_results": [
    {
      "fold_idx": 0,
      "metrics": {
        "mae": 5.3297649282647805,
        "rmse": 7.761723586889755,
        "r2": -0.1400693966395743,
        "r2_prod": -0.5345991110129711,
        "mase": 1.185670438312939
      }
    },
    {
      "fold_idx": 1,
      "metrics": {
        "mae": 0.4325912576334795,
        "rmse": 0.9479082413227902,
        "r2": 0.18404069723246963,
        "r2_prod": -1.1536027866133307,
        "mase": 1.136678618032053
      }
    },
    {
      "fold_idx": 2,
      "metrics": {
        "mae": 0.4503638392961209,
        "rmse": 0.6187385235965782,
        "r2": -0.054087128860187184,
        "r2_prod": -1.1891035436800212,
        "mase": 1.061879795286881
      }
    }
  ],
  "n_train": 1952,
  "n_test": 489,
  "n_cv_folds": 3,
  "well": "49/22-Z05Z"
}