{
  "test_metrics": {
    "mae": 1.7011222148911151,
    "rmse": 2.8783660390960897,
    "r2": -0.047510324593515785,
    "r2_prod": -0.46707453462826054,
    "mase": 2.3271084884376956
  },
  "cv_aggregate": {
    "mae_mean": 1.0109422097645013,
    "mae_std": 0.25017733266300174,
    "rmse_mean": 2.0871132699263915,
    "rmse_std": 0.6866574460128567,
    "r2_mean": 0.14842361385139488,
    "r2_std": 0.2132385284021734,
    "r2_prod_mean": -0.22750246984087638,
    "r2_prod_std": 0.4345805625650827,
    "mase_mean": 1.682639048260836,
    "mase_std": 0.1258469494561865
  },
  "cv_fold_results": [
    {
      "fold_idx": 0,
      "metrics": {
        "mae": 1.3302304901751232,
        "rmse": 3.049653211698014,
        "r2": -0.12732852683016516,
        "r2_prod": -0.8288739213503395,
        "mase": 1.8455940110364637
      }
    },
    {
      "fold_idx": 1,
      "metrics": {
        "mae": 0.7192969628900324,
        "rmse": 1.4945539571516977,
        "r2": 0.18058037339779076,
        "r2_prod": -0.03661055548335712,
        "mase": 1.6631328675793753
      }
    },
    {
      "fold_idx": 2,
      "metrics": {
        "mae": 0.9832991762283484,
        "rmse": 1.717132640929464,
        "r2": 0.392018994986559,
        "r2_prod": 0.18297706731106755,
        "mase": 1.5391902661666688
      }
    }
  ],
  "n_train": 4816,
  "n_test": 1204,
  "n_cv_folds": 3,
  "well": "49/22-Z02Z"
}