{
  "test_metrics": {
    "mae": 0.7716573716205022,
    "rmse": 1.1759113221311777,
    "r2": -0.47060330827435015,
    "r2_prod": -1.4497782334989648,
    "mase": 1.571529776862493
  },
  "cv_aggregate": {
    "mae_mean": 0.8463611644858103,
    "mae_std": 0.10288057522386217,
    "rmse_mean": 1.3943203033477438,
    "rmse_std": 0.16849887597377625,
    "r2_mean": -0.5406087898452695,
    "r2_std": 0.0513966831430372,
    "r2_prod_mean": -3.590701383542926,
    "r2_prod_std": 1.2978485350393025,
    "mase_mean": 1.5949753828580917,
    "mase_std": 0.08279059216299058
  },
  "cv_fold_results": [
    {
      "fold_idx": 0,
      "metrics": {
        "mae": 0.8307303791319405,
        "rmse": 1.6117577744677172,
        "r2": -0.4940832695855215,
        "r2_prod": -5.226638321615965,
        "mase": 1.478576114198277
      }
    },
    {
      "fold_idx": 1,
      "metrics": {
        "mae": 0.9794497707780473,
        "rmse": 1.3700321097814707,
        "r2": -0.6122343510786619,
        "r2_prod": -2.0520395117048738,
        "mase": 1.6641217480992427
      }
    },
    {
      "fold_idx": 2,
      "metrics": {
        "mae": 0.7289033435474433,
        "rmse": 1.2011710257940442,
        "r2": -0.515508748871625,
        "r2_prod": -3.4934263173079385,
        "mase": 1.642228286276755
      }
    }
  ],
  "n_train": 5542,
  "n_test": 1386,
  "n_cv_folds": 3,
  "well": "49/22-Z04"
}