{
  "test_metrics": {
    "mae": 0.8350535082988276,
    "rmse": 1.7642689226597135,
    "r2": 0.6592533886393133,
    "r2_prod": 0.6676255504677933,
    "mase": 0.9735241621219856
  },
  "cv_aggregate": {
    "mae_mean": 3.6532131460965567,
    "mae_std": 2.0230545734048255,
    "rmse_mean": 9.139668448954273,
    "rmse_std": 5.10356115193176,
    "r2_mean": 0.4711059771273873,
    "r2_std": 0.10925201377330995,
    "r2_prod_mean": 0.5424757906458358,
    "r2_prod_std": 0.11608106332500863,
    "mase_mean": 1.0073493615094726,
    "mase_std": 0.02128421415629379
  },
  "cv_fold_results": [
    {
      "fold_idx": 0,
      "metrics": {
        "mae": 0.8354483088940023,
        "rmse": 1.933098931539609,
        "r2": 0.32084375684495625,
        "r2_prod": 0.3800534518172666,
        "mase": 0.9793110442729333
      }
    },
    {
      "fold_idx": 1,
      "metrics": {
        "mae": 4.632822106247491,
        "rmse": 12.398683705290455,
        "r2": 0.5150930246381284,
        "r2_prod": 0.6030361058141069,
        "mase": 1.0308509371869023
      }
    },
    {
      "fold_idx": 2,
      "metrics": {
        "mae": 5.491369023148176,
        "rmse": 13.087222710032755,
        "r2": 0.577381149899077,
        "r2_prod": 0.6443378143061338,
        "mase": 1.0118861030685824
      }
    }
  ],
  "n_train": 21791,
  "n_test": 5448,
  "n_cv_folds": 3
}