{
  "test_metrics": {
    "mae": 2.0744984984572206,
    "rmse": 3.333256499904331,
    "r2": -0.26994705425624166,
    "r2_prod": -1.548398707299396,
    "mase": 1.2135337399664865
  },
  "cv_aggregate": {
    "mae_mean": 1.955996741181611,
    "mae_std": 0.3058318002350327,
    "rmse_mean": 3.0420292545783236,
    "rmse_std": 0.523450521064576,
    "r2_mean": -0.3475342410005719,
    "r2_std": 0.32083478812834426,
    "r2_prod_mean": -1.3670136178035701,
    "r2_prod_std": 1.3621358476915661,
    "mase_mean": 1.594555188885594,
    "mase_std": 0.25926561118002706
  },
  "cv_fold_results": [
    {
      "fold_idx": 0,
      "metrics": {
        "mae": 1.955547733638631,
        "rmse": 3.6223088435259228,
        "r2": -0.3406420781284605,
        "r2_prod": -0.6758191593762075,
        "mase": 1.3726604326395835
      }
    },
    {
      "fold_idx": 1,
      "metrics": {
        "mae": 1.581655517948252,
        "rmse": 2.3538224167660076,
        "r2": 0.04191510318989655,
        "r2_prod": -0.15543109925878862,
        "mase": 1.452718027185211
      }
    },
    {
      "fold_idx": 2,
      "metrics": {
        "mae": 2.3307869719579504,
        "rmse": 3.1499565034430397,
        "r2": -0.7438757480631517,
        "r2_prod": -3.2697905947757144,
        "mase": 1.9582871068319874
      }
    }
  ],
  "n_train": 5548,
  "n_test": 1388,
  "n_cv_folds": 3,
  "well": "49/22-Z02Z"
}