{
  "test_metrics": {
    "mae": 0.15923800192914553,
    "rmse": 0.5907657119646565,
    "r2": -110.75801330338382,
    "r2_prod": -8.269697418750175,
    "mase": 13.71634965528397
  },
  "cv_aggregate": {
    "mae_mean": 2.326213520509064,
    "mae_std": 0.7764552964249914,
    "rmse_mean": 3.917564211423404,
    "rmse_std": 1.3157453035327815,
    "r2_mean": -0.2773806787155415,
    "r2_std": 0.30569175665590337,
    "r2_prod_mean": -0.7949260680978423,
    "r2_prod_std": 0.8847167777783811,
    "mase_mean": 1.3352003963544383,
    "mase_std": 0.1553539039286507
  },
  "cv_fold_results": [
    {
      "fold_idx": 0,
      "metrics": {
        "mae": 2.658470662207062,
        "rmse": 4.391005224747701,
        "r2": -0.009130614368657586,
        "r2_prod": 0.08788543093673307,
        "mase": 1.5547873696679098
      }
    },
    {
      "fold_idx": 1,
      "metrics": {
        "mae": 3.0664668420556707,
        "rmse": 5.2392623779135326,
        "r2": -0.7051085078178914,
        "r2_prod": -2.00416549635232,
        "mase": 1.2316056242483322
      }
    },
    {
      "fold_idx": 2,
      "metrics": {
        "mae": 1.2537030572644594,
        "rmse": 2.1224250316089783,
        "r2": -0.11790291396007557,
        "r2_prod": -0.4684981388779399,
        "mase": 1.2192081951470726
      }
    }
  ],
  "n_train": 2444,
  "n_test": 612,
  "n_cv_folds": 3,
  "well": "49/22-Z06"
}