{
  "test_metrics": {
    "mae": 1.5529522479391842,
    "rmse": 2.730687029331391,
    "r2": -0.06700830083609688,
    "r2_prod": -0.4975532444750639,
    "mase": 0.9698464347400447
  },
  "cv_aggregate": {
    "mae_mean": 0.42453766249821845,
    "mae_std": 0.2677863570666955,
    "rmse_mean": 0.7887653052804309,
    "rmse_std": 0.5099029333243935,
    "r2_mean": 0.054852111698204066,
    "r2_std": 0.3341682932851031,
    "r2_prod_mean": 0.02085775192576204,
    "r2_prod_std": 0.3194242833795871,
    "mase_mean": 0.9860466239782051,
    "mase_std": 0.018518011621464943
  },
  "cv_fold_results": [
    {
      "fold_idx": 0,
      "metrics": {
        "mae": 0.20808007480666793,
        "rmse": 0.4292260955469009,
        "r2": 0.4851265164053308,
        "r2_prod": 0.47251878773073586,
        "mase": 0.994224339258219
      }
    },
    {
      "fold_idx": 1,
      "metrics": {
        "mae": 0.2636495967928989,
        "rmse": 0.4271938257859841,
        "r2": 0.008979863916057762,
        "r2_prod": -0.21201128645533363,
        "mase": 0.9604120275200853
      }
    },
    {
      "fold_idx": 2,
      "metrics": {
        "mae": 0.8018833158950884,
        "rmse": 1.509875994508408,
        "r2": -0.32955004522677633,
        "r2_prod": -0.1979342454981161,
        "mase": 1.003503505156311
      }
    }
  ],
  "n_train": 4108,
  "n_test": 1027,
  "n_cv_folds": 3,
  "well": "49/22-Z07"
}