{
  "test_metrics": {
    "mae": 0.29080781041675263,
    "rmse": 0.4442995265599856,
    "r2": 0.09979127087207706,
    "r2_prod": -0.468812462837481,
    "mase": 1.0223895193389292
  },
  "cv_aggregate": {
    "mae_mean": 2.2594144036519115,
    "mae_std": 2.254568443041022,
    "rmse_mean": 3.8477180246055025,
    "rmse_std": 3.1796974232663495,
    "r2_mean": 0.17369084200763332,
    "r2_std": 0.44630648748787216,
    "r2_prod_mean": -0.06610780543465981,
    "r2_prod_std": 0.7050617821437644,
    "mase_mean": 1.0122610532393914,
    "mase_std": 0.09397067743521458
  },
  "cv_fold_results": [
    {
      "fold_idx": 0,
      "metrics": {
        "mae": 5.429066464793601,
        "rmse": 8.136614254308311,
        "r2": -0.37420092095073265,
        "r2_prod": -0.6886778190970422,
        "mase": 1.141847268775347
      }
    },
    {
      "fold_idx": 1,
      "metrics": {
        "mae": 0.9739170469661556,
        "rmse": 2.873629001409634,
        "r2": 0.7190131838189968,
        "r2_prod": 0.9196941459768194,
        "mase": 0.921947524554991
      }
    },
    {
      "fold_idx": 2,
      "metrics": {
        "mae": 0.37525969919597785,
        "rmse": 0.5329108180985631,
        "r2": 0.17626026315463583,
        "r2_prod": -0.4293397431837567,
        "mase": 0.9729883663878364
      }
    }
  ],
  "n_train": 1795,
  "n_test": 449,
  "n_cv_folds": 3,
  "well": "49/22-Z05Z"
}