{
  "test_metrics": {
    "mae": 0.6904799990159785,
    "rmse": 1.2419150807860686,
    "r2": -24.374072429313888,
    "r2_prod": -0.8846422002232304,
    "mase": 10.869268193107976
  },
  "cv_aggregate": {
    "mae_mean": 0.8741751570427599,
    "mae_std": 0.2638333549168192,
    "rmse_mean": 1.460010822147524,
    "rmse_std": 0.284909512583508,
    "r2_mean": -23.74623501288283,
    "r2_std": 32.59723998846422,
    "r2_prod_mean": -1.8625435501384908,
    "r2_prod_std": 1.366860750508665,
    "mase_mean": 12.037054899737479,
    "mase_std": 15.74878474999929
  },
  "cv_fold_results": [
    {
      "fold_idx": 0,
      "metrics": {
        "mae": 1.2287570954487332,
        "rmse": 1.8537404785060199,
        "r2": -0.8367489824673486,
        "r2_prod": -3.53698020276258,
        "mase": 0.8791342640221381
      }
    },
    {
      "fold_idx": 1,
      "metrics": {
        "mae": 0.5963068769431632,
        "rmse": 1.1890321368380212,
        "r2": -0.5565460127588104,
        "r2_prod": -1.8617813728166035,
        "mase": 0.922844848608208
      }
    },
    {
      "fold_idx": 2,
      "metrics": {
        "mae": 0.7974614987363835,
        "rmse": 1.3372598510985318,
        "r2": -69.84541004342233,
        "r2_prod": -0.18886907483628956,
        "mase": 34.30918558658209
      }
    }
  ],
  "n_train": 1390,
  "n_test": 348,
  "n_cv_folds": 3,
  "well": "49/22-Z08"
}