{
  "test_metrics": {
    "mae": 5.143431285705363,
    "rmse": 9.771029345295126,
    "r2": -0.23693383743823304,
    "r2_prod": -0.23724149815568252,
    "mase": 1.0885432983352918
  },
  "cv_aggregate": {
    "mae_mean": 2.764214549357462,
    "mae_std": 0.4984499906392974,
    "rmse_mean": 6.629427176846917,
    "rmse_std": 0.6115052542693384,
    "r2_mean": -0.315567129838483,
    "r2_std": 0.05121434858966832,
    "r2_prod_mean": -0.3130816950891245,
    "r2_prod_std": 0.05253459567902139,
    "mase_mean": 0.9542636861958238,
    "mase_std": 0.08472396053824828
  },
  "cv_fold_results": [
    {
      "fold_idx": 0,
      "metrics": {
        "mae": 2.444723528195751,
        "rmse": 6.075520969158317,
        "r2": -0.2984538743327352,
        "r2_prod": -0.29395954827795023,
        "mase": 1.0161171562061233
      }
    },
    {
      "fold_idx": 1,
      "metrics": {
        "mae": 3.468131637016962,
        "rmse": 7.4815315206373185,
        "r2": -0.26317528249400657,
        "r2_prod": -0.26046895374335266,
        "mase": 1.0122067178140524
      }
    },
    {
      "fold_idx": 2,
      "metrics": {
        "mae": 2.3797884828596736,
        "rmse": 6.331229040745117,
        "r2": -0.38507223268870727,
        "r2_prod": -0.3848165832460706,
        "mase": 0.8344671845672958
      }
    }
  ],
  "n_train": 21152,
  "n_test": 5289,
  "n_cv_folds": 3
}