{
  "test_metrics": {
    "mae": 2.961206521189401,
    "rmse": 7.379963143155606,
    "r2": -0.31710019961679126,
    "r2_prod": -0.3079180918182398,
    "mase": 2.4356743906552785
  },
  "cv_aggregate": {
    "mae_mean": 1.6705826823160923,
    "mae_std": 0.1148918472282588,
    "rmse_mean": 5.187708006519126,
    "rmse_std": 0.2927347550542527,
    "r2_mean": -0.28962744724913353,
    "r2_std": 0.011196109302155192,
    "r2_prod_mean": -0.2818675334691805,
    "r2_prod_std": 0.018077312556353056,
    "mase_mean": 2.085928440131576,
    "mase_std": 0.11284383542481487
  },
  "cv_fold_results": [
    {
      "fold_idx": 0,
      "metrics": {
        "mae": 1.508636282698671,
        "rmse": 4.774038937409583,
        "r2": -0.281985989458726,
        "r2_prod": -0.26157037810921535,
        "mase": 1.9324908333235904
      }
    },
    {
      "fold_idx": 1,
      "metrics": {
        "mae": 1.7629676119453943,
        "rmse": 5.380440017486157,
        "r2": -0.30545797994734647,
        "r2_prod": -0.305477275924553,
        "mase": 2.200637668682605
      }
    },
    {
      "fold_idx": 2,
      "metrics": {
        "mae": 1.740144152304212,
        "rmse": 5.4086450646616395,
        "r2": -0.28143837234132807,
        "r2_prod": -0.2785549463737731,
        "mase": 2.1246568183885333
      }
    }
  ],
  "n_train": 15116,
  "n_test": 3779,
  "n_cv_folds": 3
}