{
  "test_metrics": {
    "mae": 1.4794950830061462,
    "rmse": 4.831678549278146,
    "r2": -0.1719272582068352,
    "r2_prod": -0.1713975516130899,
    "mase": 1.5236309996100064
  },
  "cv_aggregate": {
    "mae_mean": 1.0663731053049024,
    "mae_std": 0.0856858503623714,
    "rmse_mean": 4.2476044081026005,
    "rmse_std": 0.1298040393907561,
    "r2_mean": -0.4702792876788449,
    "r2_std": 0.19529429016908423,
    "r2_prod_mean": -0.4699463968434465,
    "r2_prod_std": 0.1958027644544285,
    "mase_mean": 1.423608350994556,
    "mase_std": 0.04186866377001086
  },
  "cv_fold_results": [
    {
      "fold_idx": 0,
      "metrics": {
        "mae": 0.9831659678103379,
        "rmse": 4.128241930372585,
        "r2": -0.5801061146799131,
        "r2_prod": -0.5801451935226738,
        "mase": 1.454439653189622
      }
    },
    {
      "fold_idx": 1,
      "metrics": {
        "mae": 1.1842690500209179,
        "rmse": 4.428066780203926,
        "r2": -0.19590439529846781,
        "r2_prod": -0.1948464240504184,
        "mase": 1.4519711262340527
      }
    },
    {
      "fold_idx": 2,
      "metrics": {
        "mae": 1.0316842980834515,
        "rmse": 4.18650451373129,
        "r2": -0.6348273530581539,
        "r2_prod": -0.6348475729572474,
        "mase": 1.3644142735599936
      }
    }
  ],
  "n_train": 30126,
  "n_test": 7532,
  "n_cv_folds": 3
}