{
  "test_metrics": {
    "mae": 0.02279316064962424,
    "rmse": 0.03421852296674587,
    "r2": 0.9173719731308942,
    "r2_prod": 0.9173719731308942,
    "mase": 1.1967477903613766
  },
  "cv_aggregate": {
    "mae_mean": 0.03672844544710096,
    "mae_std": 0.012629004279595374,
    "rmse_mean": 0.06359291212041532,
    "rmse_std": 0.023630553851983566,
    "r2_mean": 0.8591655158936589,
    "r2_std": 0.04464789110176303,
    "r2_prod_mean": 0.8591655158936589,
    "r2_prod_std": 0.04464789110176303,
    "mase_mean": 1.803809831910369,
    "mase_std": 0.47403384012027966
  },
  "cv_fold_results": [
    {
      "fold_idx": 0,
      "metrics": {
        "mae": 0.03158237237148184,
        "rmse": 0.05571541588163548,
        "r2": 0.916160827447781,
        "r2_prod": 0.916160827447781,
        "mase": 2.2969266789298723
      }
    },
    {
      "fold_idx": 1,
      "metrics": {
        "mae": 0.02449013253368398,
        "rmse": 0.03940581086981731,
        "r2": 0.8542008606772731,
        "r2_prod": 0.8542008606772731,
        "mase": 1.1639462422027576
      }
    },
    {
      "fold_idx": 2,
      "metrics": {
        "mae": 0.05411283143613704,
        "rmse": 0.09565750960979316,
        "r2": 0.8071348595559225,
        "r2_prod": 0.8071348595559225,
        "mase": 1.9505565745984768
      }
    }
  ],
  "n_train": 648,
  "n_test": 162,
  "n_cv_folds": 3,
  "well": "well_16"
}