{
  "test_metrics": {
    "mae": 0.027592931474958147,
    "rmse": 0.043436704327199774,
    "r2": 0.7434545934927416,
    "r2_prod": 0.7434545934927416,
    "mase": 1.3015924386989348
  },
  "cv_aggregate": {
    "mae_mean": 0.3769076358968369,
    "mae_std": 0.45495942623216923,
    "rmse_mean": 1.5892388889353377,
    "rmse_std": 2.1057730480637287,
    "r2_mean": 0.0916815637220519,
    "r2_std": 0.13748939369727792,
    "r2_prod_mean": 0.0916815637220519,
    "r2_prod_std": 0.13748939369727792,
    "mase_mean": 1.277605143859965,
    "mase_std": 0.21859318825480165
  },
  "cv_fold_results": [
    {
      "fold_idx": 0,
      "metrics": {
        "mae": 0.061448977239108166,
        "rmse": 0.1258717977634633,
        "r2": 0.057316983260661036,
        "r2_prod": 0.057316983260661036,
        "mase": 1.3322042411799468
      }
    },
    {
      "fold_idx": 1,
      "metrics": {
        "mae": 0.04899667109365875,
        "rmse": 0.07473950290511053,
        "r2": 0.2746025240818155,
        "r2_prod": 0.2746025240818155,
        "mase": 1.513817790090421
      }
    },
    {
      "fold_idx": 2,
      "metrics": {
        "mae": 1.0202772593577438,
        "rmse": 4.567105366137439,
        "r2": -0.05687481617632084,
        "r2_prod": -0.05687481617632084,
        "mase": 0.9867934003095264
      }
    }
  ],
  "n_train": 257,
  "n_test": 65,
  "n_cv_folds": 3,
  "well": "well_19"
}