{
  "test_metrics": {
    "mae": 0.024316131911917175,
    "rmse": 0.03809476885063362,
    "r2": 0.8473074084156289,
    "r2_prod": 0.8473074084156289,
    "mase": 1.2736162528683626
  },
  "cv_aggregate": {
    "mae_mean": 0.1712700663630504,
    "mae_std": 0.18805571042546446,
    "rmse_mean": 0.9824394068972278,
    "rmse_std": 1.2803179735811636,
    "r2_mean": -0.7694640663942014,
    "r2_std": 1.9634393785713542,
    "r2_prod_mean": -0.7694640663942014,
    "r2_prod_std": 1.9634393785713542,
    "mase_mean": 3.1038811095936976,
    "mase_std": 2.1191692234976083
  },
  "cv_fold_results": [
    {
      "fold_idx": 0,
      "metrics": {
        "mae": 0.4368783520958411,
        "rmse": 2.79270913157823,
        "r2": -3.539946703092017,
        "r2_prod": -3.539946703092017,
        "mase": 6.088633747810082
      }
    },
    {
      "fold_idx": 1,
      "metrics": {
        "mae": 0.026778141499827147,
        "rmse": 0.0454641120849137,
        "r2": 0.776900682292873,
        "r2_prod": 0.776900682292873,
        "mase": 1.377504655390603
      }
    },
    {
      "fold_idx": 2,
      "metrics": {
        "mae": 0.05015370549348296,
        "rmse": 0.10914497702853969,
        "r2": 0.45465382161653944,
        "r2_prod": 0.45465382161653944,
        "mase": 1.8455049255804077
      }
    }
  ],
  "n_train": 648,
  "n_test": 163,
  "n_cv_folds": 3,
  "well": "well_18"
}