{
  "test_metrics": {
    "mae": 0.578972022227198,
    "rmse": 3.0223536708168806,
    "r2": -0.2293943087291137,
    "r2_prod": -0.22935459818556314,
    "mase": 3.119933444137813
  },
  "cv_aggregate": {
    "mae_mean": 0.10410035426709756,
    "mae_std": 0.03502782473442941,
    "rmse_mean": 0.8083340420107895,
    "rmse_std": 0.40415224406019895,
    "r2_mean": -0.016951495255012567,
    "r2_std": 0.010005653629145086,
    "r2_prod_mean": -0.016951495255012567,
    "r2_prod_std": 0.010005653629145086,
    "mase_mean": 0.9482499119655126,
    "mase_std": 0.188793607975582
  },
  "cv_fold_results": [
    {
      "fold_idx": 0,
      "metrics": {
        "mae": 0.10459833951821004,
        "rmse": 1.0292774395645157,
        "r2": -0.011538830610286599,
        "r2_prod": -0.011538830610286599,
        "mase": 0.8024592211293463
      }
    },
    {
      "fold_idx": 1,
      "metrics": {
        "mae": 0.06095338072802844,
        "rmse": 0.24135761612104767,
        "r2": -0.030980236901474223,
        "r2_prod": -0.030980236901474223,
        "mase": 1.2148546930541166
      }
    },
    {
      "fold_idx": 2,
      "metrics": {
        "mae": 0.14674934255505415,
        "rmse": 1.1543670703468054,
        "r2": -0.008335418253276883,
        "r2_prod": -0.008335418253276883,
        "mase": 0.827435821713075
      }
    }
  ],
  "n_train": 2280,
  "n_test": 570,
  "n_cv_folds": 3,
  "well": "well_27"
}