{
  "test_metrics": {
    "mae": 0.44809283821441737,
    "rmse": 2.6877807505434443,
    "r2": -0.005067481424742004,
    "r2_prod": -0.005067481424742004,
    "mase": 1.5522191657802156
  },
  "cv_aggregate": {
    "mae_mean": 0.04208064262683575,
    "mae_std": 0.010011170645661541,
    "rmse_mean": 0.10055237599628865,
    "rmse_std": 0.03959743861048168,
    "r2_mean": -0.05101546118577183,
    "r2_std": 0.6654169592988755,
    "r2_prod_mean": -0.05101546118577183,
    "r2_prod_std": 0.6654169592988755,
    "mase_mean": 1.6348781234708618,
    "mase_std": 0.7413779066143287
  },
  "cv_fold_results": [
    {
      "fold_idx": 0,
      "metrics": {
        "mae": 0.027985955332661724,
        "rmse": 0.04493469144761824,
        "r2": 0.6054062239304958,
        "r2_prod": 0.6054062239304958,
        "mase": 1.4402490301236721
      }
    },
    {
      "fold_idx": 1,
      "metrics": {
        "mae": 0.04797033818213494,
        "rmse": 0.12270961753722635,
        "r2": 0.2047279094146961,
        "r2_prod": 0.2047279094146961,
        "mase": 0.8399755230099124
      }
    },
    {
      "fold_idx": 2,
      "metrics": {
        "mae": 0.05028563436571058,
        "rmse": 0.13401281900402137,
        "r2": -0.9631805169025074,
        "r2_prod": -0.9631805169025074,
        "mase": 2.6244098172790005
      }
    }
  ],
  "n_train": 394,
  "n_test": 99,
  "n_cv_folds": 3,
  "well": "well_13"
}