{
  "test_metrics": {
    "mae": 1.244717474942817,
    "rmse": 5.3185963059797565,
    "r2": -0.8970118757024819,
    "r2_prod": -0.8970118757024819,
    "mase": 4.928601967448602
  },
  "cv_aggregate": {
    "mae_mean": 0.05860861682037541,
    "mae_std": 0.015793670840944973,
    "rmse_mean": 0.31649418127765533,
    "rmse_std": 0.32187456536616854,
    "r2_mean": 0.03464728338165849,
    "r2_std": 0.10916612154384256,
    "r2_prod_mean": 0.03464728338165849,
    "r2_prod_std": 0.10916612154384256,
    "mase_mean": 1.6368230745456531,
    "mase_std": 0.3295613803934496
  },
  "cv_fold_results": [
    {
      "fold_idx": 0,
      "metrics": {
        "mae": 0.07233514138293233,
        "rmse": 0.11108689118137786,
        "r2": -0.07166705862138678,
        "r2_prod": -0.07166705862138678,
        "mase": 1.6815669064806968
      }
    },
    {
      "fold_idx": 1,
      "metrics": {
        "mae": 0.036486031142454675,
        "rmse": 0.0674013828730956,
        "r2": 0.18475190743240855,
        "r2_prod": 0.18475190743240855,
        "mase": 2.016215451787571
      }
    },
    {
      "fold_idx": 2,
      "metrics": {
        "mae": 0.06700467793573922,
        "rmse": 0.7709942697784925,
        "r2": -0.009142998666046287,
        "r2_prod": -0.009142998666046287,
        "mase": 1.212686865368692
      }
    }
  ],
  "n_train": 606,
  "n_test": 152,
  "n_cv_folds": 3,
  "well": "well_23"
}