{
  "test_metrics": {
    "mae": 0.6901026355576113,
    "rmse": 3.3447078688549787,
    "r2": 0.025622700962720346,
    "r2_prod": 0.025622700962720346,
    "mase": 2.7312166584966695
  },
  "cv_aggregate": {
    "mae_mean": 0.1387136970247541,
    "mae_std": 0.06609330177326701,
    "rmse_mean": 0.20386538536548146,
    "rmse_std": 0.08898444456192307,
    "r2_mean": -0.02786829814810073,
    "r2_std": 0.24459562678484967,
    "r2_prod_mean": -0.02786829814810073,
    "r2_prod_std": 0.24459562678484967,
    "mase_mean": 1.475724092091274,
    "mase_std": 0.2113088187117238
  },
  "cv_fold_results": [
    {
      "fold_idx": 0,
      "metrics": {
        "mae": 0.060258503592744164,
        "rmse": 0.09097183982854178,
        "r2": 0.28714963246954683,
        "r2_prod": 0.28714963246954683,
        "mase": 1.3234780802554036
      }
    },
    {
      "fold_idx": 1,
      "metrics": {
        "mae": 0.22194213210319985,
        "rmse": 0.3084643397362955,
        "r2": -0.061630309937084515,
        "r2_prod": -0.061630309937084515,
        "mase": 1.774541932273658
      }
    },
    {
      "fold_idx": 2,
      "metrics": {
        "mae": 0.1339404553783183,
        "rmse": 0.2121599765316071,
        "r2": -0.3091242169767645,
        "r2_prod": -0.3091242169767645,
        "mase": 1.329152263744761
      }
    }
  ],
  "n_train": 422,
  "n_test": 106,
  "n_cv_folds": 3,
  "well": "well_30"
}