{
  "test_metrics": {
    "mae": 1.107284869019675,
    "rmse": 4.332313351196213,
    "r2": -0.04494879747511993,
    "r2_prod": -0.04494879747511993,
    "mase": 1.0921629515145475
  },
  "cv_aggregate": {
    "mae_mean": 0.30560860423869773,
    "mae_std": 0.010800219839696016,
    "rmse_mean": 0.4694425666742859,
    "rmse_std": 0.026865857291957496,
    "r2_mean": -0.20357970348623186,
    "r2_std": 0.4639988170007858,
    "r2_prod_mean": -0.2297227445902542,
    "r2_prod_std": 0.44287189935444904,
    "mase_mean": 1.957771910790944,
    "mase_std": 0.29093713840703334
  },
  "cv_fold_results": [
    {
      "fold_idx": 0,
      "metrics": {
        "mae": 0.3183961813547173,
        "rmse": 0.440921812267578,
        "r2": -0.8378561997122491,
        "r2_prod": -0.8378561997122491,
        "mase": 2.2522039450157627
      }
    },
    {
      "fold_idx": 1,
      "metrics": {
        "mae": 0.29198117714223204,
        "rmse": 0.4619638924240478,
        "r2": 0.25920313950976037,
        "r2_prod": 0.20408817138688884,
        "mase": 1.5616604122543305
      }
    },
    {
      "fold_idx": 2,
      "metrics": {
        "mae": 0.3064484542191438,
        "rmse": 0.505441995331232,
        "r2": -0.03208605025620681,
        "r2_prod": -0.05540020544540236,
        "mase": 2.0594513751027383
      }
    }
  ],
  "n_train": 422,
  "n_test": 106,
  "n_cv_folds": 3,
  "well": "well_31"
}