{
  "test_metrics": {
    "mae": 0.42653034302751397,
    "rmse": 2.568488542773576,
    "r2": -0.001936669688849424,
    "r2_prod": -0.001936669688849424,
    "mase": 1.115333005063955
  },
  "cv_aggregate": {
    "mae_mean": 0.04581141772896352,
    "mae_std": 0.00828358762456171,
    "rmse_mean": 0.10489657533770291,
    "rmse_std": 0.0367613962684047,
    "r2_mean": 0.10557053828478617,
    "r2_std": 0.41269138982867193,
    "r2_prod_mean": 0.10557053828478617,
    "r2_prod_std": 0.41269138982867193,
    "mase_mean": 1.6965293557784964,
    "mase_std": 0.7221114072034142
  },
  "cv_fold_results": [
    {
      "fold_idx": 0,
      "metrics": {
        "mae": 0.03448294199906386,
        "rmse": 0.052973729534323,
        "r2": 0.5530943654025435,
        "r2_prod": 0.5530943654025435,
        "mase": 1.6086565493204792
      }
    },
    {
      "fold_idx": 1,
      "metrics": {
        "mae": 0.05405944430982912,
        "rmse": 0.1331194018218707,
        "r2": 0.20625136694629997,
        "r2_prod": 0.20625136694629997,
        "mase": 0.8593436879901936
      }
    },
    {
      "fold_idx": 2,
      "metrics": {
        "mae": 0.04889186687799759,
        "rmse": 0.12859659465691503,
        "r2": -0.442634117494485,
        "r2_prod": -0.442634117494485,
        "mase": 2.6215878300248168
      }
    }
  ],
  "n_train": 395,
  "n_test": 99,
  "n_cv_folds": 3,
  "well": "well_14"
}