{
  "test_metrics": {
    "mae": 0.039755716428651916,
    "rmse": 0.06378160231021274,
    "r2": 0.729423717554676,
    "r2_prod": 0.729423717554676,
    "mase": 2.04803519579916
  },
  "cv_aggregate": {
    "mae_mean": 0.03376757002880143,
    "mae_std": 0.008422764198949884,
    "rmse_mean": 0.05240933883103977,
    "rmse_std": 0.015846668141720338,
    "r2_mean": 0.5565121317660023,
    "r2_std": 0.05119591724111437,
    "r2_prod_mean": 0.5565121317660023,
    "r2_prod_std": 0.05119591724111437,
    "mase_mean": 1.3027667468111823,
    "mase_std": 0.04767093175429845
  },
  "cv_fold_results": [
    {
      "fold_idx": 0,
      "metrics": {
        "mae": 0.04342302769125498,
        "rmse": 0.07185907085382827,
        "r2": 0.4899053581558087,
        "r2_prod": 0.4899053581558087,
        "mase": 1.2953507895072935
      }
    },
    {
      "fold_idx": 1,
      "metrics": {
        "mae": 0.03498082937196244,
        "rmse": 0.05232585653631236,
        "r2": 0.614395717821082,
        "r2_prod": 0.614395717821082,
        "mase": 1.2484443085730625
      }
    },
    {
      "fold_idx": 2,
      "metrics": {
        "mae": 0.02289885302318687,
        "rmse": 0.03304308910297869,
        "r2": 0.5652353193211161,
        "r2_prod": 0.5652353193211161,
        "mase": 1.3645051423531909
      }
    }
  ],
  "n_train": 257,
  "n_test": 65,
  "n_cv_folds": 3,
  "well": "well_20"
}