{
  "test_metrics": {
    "mae": 0.48966506038058843,
    "rmse": 2.7285763097376314,
    "r2": -0.20227151080323935,
    "r2_prod": -0.20300707274390484,
    "mase": 1.6488681974091215
  },
  "cv_aggregate": {
    "mae_mean": 0.43865896168229046,
    "mae_std": 0.020337387693571025,
    "rmse_mean": 2.670554120758764,
    "rmse_std": 0.05517900322449209,
    "r2_mean": -0.11816608215424045,
    "r2_std": 0.03507197062140168,
    "r2_prod_mean": -0.11821003696702648,
    "r2_prod_std": 0.03510675318458267,
    "mase_mean": 1.781158902241657,
    "mase_std": 0.3170656484542855
  },
  "cv_fold_results": [
    {
      "fold_idx": 0,
      "metrics": {
        "mae": 0.4169343360261379,
        "rmse": 2.6873109057653997,
        "r2": -0.16749332645146509,
        "r2_prod": -0.16758425343341443,
        "mase": 2.218513711407125
      }
    },
    {
      "fold_idx": 1,
      "metrics": {
        "mae": 0.46584440188758675,
        "rmse": 2.7281794494570097,
        "r2": -0.08901003166072008,
        "r2_prod": -0.08901003166072008,
        "mase": 1.6481349641356673
      }
    },
    {
      "fold_idx": 2,
      "metrics": {
        "mae": 0.4331981471331467,
        "rmse": 2.5961720070538816,
        "r2": -0.09799488835053616,
        "r2_prod": -0.09803582580694492,
        "mase": 1.476828031182179
      }
    }
  ],
  "n_train": 31316,
  "n_test": 7830,
  "n_cv_folds": 3
}