{
  "test_metrics": {
    "mae": 0.032398699470354696,
    "rmse": 0.05379065580186198,
    "r2": 0.6993975026153534,
    "r2_prod": 0.6993975026153534,
    "mase": 0.9712551821068418
  },
  "cv_aggregate": {
    "mae_mean": 0.5756104107558294,
    "mae_std": 0.7350705408636451,
    "rmse_mean": 2.2240207063802164,
    "rmse_std": 3.009036033389605,
    "r2_mean": -0.10469205995788362,
    "r2_std": 0.9504198064090367,
    "r2_prod_mean": -0.10469205995788362,
    "r2_prod_std": 0.9504198064090367,
    "mase_mean": 2.2529808465687844,
    "mase_std": 1.4369338515116845
  },
  "cv_fold_results": [
    {
      "fold_idx": 0,
      "metrics": {
        "mae": 1.6149149290658082,
        "rmse": 6.4792574520886,
        "r2": -1.4173524808202416,
        "r2_prod": -1.4173524808202416,
        "mase": 4.26953242646096
      }
    },
    {
      "fold_idx": 1,
      "metrics": {
        "mae": 0.036525222493141676,
        "rmse": 0.062241627511445706,
        "r2": 0.8019153512886693,
        "r2_prod": 0.8019153512886693,
        "mase": 1.0272007241231242
      }
    },
    {
      "fold_idx": 2,
      "metrics": {
        "mae": 0.07539108070853837,
        "rmse": 0.13056303954060341,
        "r2": 0.3013609496579214,
        "r2_prod": 0.3013609496579214,
        "mase": 1.46220938912227
      }
    }
  ],
  "n_train": 711,
  "n_test": 178,
  "n_cv_folds": 3,
  "well": "well_21"
}