{
  "test_metrics": {
    "mae": 0.09766877958102267,
    "rmse": 0.26112038288147177,
    "r2": 0.054160581121850404,
    "r2_prod": 0.054160581121850404,
    "mase": 0.880345218130186
  },
  "cv_aggregate": {
    "mae_mean": 0.05287120615243274,
    "mae_std": 0.02837192516747791,
    "rmse_mean": 0.07843509742983153,
    "rmse_std": 0.0404295237711998,
    "r2_mean": 0.08449381406253442,
    "r2_std": 0.7107933438800547,
    "r2_prod_mean": 0.08449381406253442,
    "r2_prod_std": 0.7107933438800547,
    "mase_mean": 1.2326597977217124,
    "mase_std": 0.17414499737411707
  },
  "cv_fold_results": [
    {
      "fold_idx": 0,
      "metrics": {
        "mae": 0.09292930680331603,
        "rmse": 0.13558507645990509,
        "r2": 0.15844319864635137,
        "r2_prod": 0.15844319864635137,
        "mase": 1.3168236666444395
      }
    },
    {
      "fold_idx": 1,
      "metrics": {
        "mae": 0.030852021221938523,
        "rmse": 0.05135326269432326,
        "r2": -0.8206625314253169,
        "r2_prod": -0.8206625314253169,
        "mase": 1.3910200058891264
      }
    },
    {
      "fold_idx": 2,
      "metrics": {
        "mae": 0.034832290432043674,
        "rmse": 0.04836695313526623,
        "r2": 0.9157007749665688,
        "r2_prod": 0.9157007749665688,
        "mase": 0.9901357206315706
      }
    }
  ],
  "n_train": 1069,
  "n_test": 268,
  "n_cv_folds": 3,
  "well": "well_22"
}