{
  "test_metrics": {
    "mae": 0.5419330927262823,
    "rmse": 3.2226853405118367,
    "r2": -0.029009407214782845,
    "r2_prod": -0.029009407214782845,
    "mase": 0.5254999287768328
  },
  "cv_aggregate": {
    "mae_mean": 0.05485999976401721,
    "mae_std": 0.0033273286953563806,
    "rmse_mean": 0.08584089242986846,
    "rmse_std": 0.010463427046729127,
    "r2_mean": 0.35471019988049396,
    "r2_std": 0.48520193118040594,
    "r2_prod_mean": 0.35471019988049396,
    "r2_prod_std": 0.48520193118040594,
    "mase_mean": 1.8793960544579242,
    "mase_std": 0.2620496288523212
  },
  "cv_fold_results": [
    {
      "fold_idx": 0,
      "metrics": {
        "mae": 0.051552623278134826,
        "rmse": 0.07217368232710915,
        "r2": 0.7359678815684124,
        "r2_prod": 0.7359678815684124,
        "mase": 2.248581805216639
      }
    },
    {
      "fold_idx": 1,
      "metrics": {
        "mae": 0.059412415306289476,
        "rmse": 0.08776221854488779,
        "r2": 0.6581595979291806,
        "r2_prod": 0.6581595979291806,
        "mase": 1.666849233918677
      }
    },
    {
      "fold_idx": 2,
      "metrics": {
        "mae": 0.053614960707627335,
        "rmse": 0.09758677641760843,
        "r2": -0.32999687985611104,
        "r2_prod": -0.32999687985611104,
        "mase": 1.7227571242384572
      }
    }
  ],
  "n_train": 329,
  "n_test": 83,
  "n_cv_folds": 3,
  "well": "well_26"
}