{
  "test_metrics": {
    "mae": 0.6588850415482813,
    "rmse": 3.5138229137602064,
    "r2": -0.026907854054205815,
    "r2_prod": -0.026907854054205815,
    "mase": 2.905496705552014
  },
  "cv_aggregate": {
    "mae_mean": 0.055724926699104595,
    "mae_std": 0.013751383433450523,
    "rmse_mean": 0.0855581155402159,
    "rmse_std": 0.016646518854863172,
    "r2_mean": 0.06488502451843052,
    "r2_std": 0.2805338130140447,
    "r2_prod_mean": 0.06488502451843052,
    "r2_prod_std": 0.2805338130140447,
    "mase_mean": 1.4091840079141695,
    "mase_std": 0.14681760959766835
  },
  "cv_fold_results": [
    {
      "fold_idx": 0,
      "metrics": {
        "mae": 0.037041576752751514,
        "rmse": 0.06353236821386989,
        "r2": 0.45244101928372393,
        "r2_prod": 0.45244101928372393,
        "mase": 1.4233353103019921
      }
    },
    {
      "fold_idx": 1,
      "metrics": {
        "mae": 0.06039218774246626,
        "rmse": 0.08937309187049064,
        "r2": -0.05541444840018417,
        "r2_prod": -0.05541444840018417,
        "mase": 1.2227123667636643
      }
    },
    {
      "fold_idx": 2,
      "metrics": {
        "mae": 0.06974101560209602,
        "rmse": 0.10376888653628716,
        "r2": -0.20237149732824822,
        "r2_prod": -0.20237149732824822,
        "mase": 1.5815043466768521
      }
    }
  ],
  "n_train": 416,
  "n_test": 105,
  "n_cv_folds": 3,
  "well": "well_33"
}