{
  "test_metrics": {
    "mae": 0.019727366311209544,
    "rmse": 0.02888429573384951,
    "r2": 0.9324153399852734,
    "r2_prod": 0.9324153399852734,
    "mase": 1.3649648055372348
  },
  "cv_aggregate": {
    "mae_mean": 0.03493467167781984,
    "mae_std": 0.0023622278359837607,
    "rmse_mean": 0.06395305311216336,
    "rmse_std": 0.005957116120587226,
    "r2_mean": 0.7392733023686144,
    "r2_std": 0.13377710424536074,
    "r2_prod_mean": 0.7392733023686144,
    "r2_prod_std": 0.13377710424536074,
    "mase_mean": 1.9119382875504976,
    "mase_std": 0.5070521053922127
  },
  "cv_fold_results": [
    {
      "fold_idx": 0,
      "metrics": {
        "mae": 0.038048212648068784,
        "rmse": 0.0694989711614822,
        "r2": 0.8962616833648959,
        "r2_prod": 0.8962616833648959,
        "mase": 2.6079329596469445
      }
    },
    {
      "fold_idx": 1,
      "metrics": {
        "mae": 0.03232929378590256,
        "rmse": 0.06667217415373748,
        "r2": 0.5693435793651289,
        "r2_prod": 0.5693435793651289,
        "mase": 1.713427802710107
      }
    },
    {
      "fold_idx": 2,
      "metrics": {
        "mae": 0.03442650859948819,
        "rmse": 0.05568801402127038,
        "r2": 0.7522146443758184,
        "r2_prod": 0.7522146443758184,
        "mase": 1.414454100294441
      }
    }
  ],
  "n_train": 648,
  "n_test": 162,
  "n_cv_folds": 3,
  "well": "well_17"
}