{
  "test_metrics": {
    "mae": 0.5293620281088167,
    "rmse": 3.1841000636402175,
    "r2": -0.024656715878707214,
    "r2_prod": -0.024656715878707214,
    "mase": 0.5190692894816707
  },
  "cv_aggregate": {
    "mae_mean": 0.04297452923271811,
    "mae_std": 0.007679477480072629,
    "rmse_mean": 0.06869317919844282,
    "rmse_std": 0.01167762723907556,
    "r2_mean": 0.3863471690554235,
    "r2_std": 0.1705471194050562,
    "r2_prod_mean": 0.3863471690554235,
    "r2_prod_std": 0.1705471194050562,
    "mase_mean": 1.6291095439789414,
    "mase_std": 0.14695390800590422
  },
  "cv_fold_results": [
    {
      "fold_idx": 0,
      "metrics": {
        "mae": 0.03580393677666074,
        "rmse": 0.05517517067903602,
        "r2": 0.6264426825643133,
        "r2_prod": 0.6264426825643133,
        "mase": 1.765397377309829
      }
    },
    {
      "fold_idx": 1,
      "metrics": {
        "mae": 0.05362371351353075,
        "rmse": 0.08366790321688514,
        "r2": 0.2861762380214149,
        "r2_prod": 0.2861762380214149,
        "mase": 1.6968420288032
      }
    },
    {
      "fold_idx": 2,
      "metrics": {
        "mae": 0.03949593740796286,
        "rmse": 0.0672364636994073,
        "r2": 0.24642258658054217,
        "r2_prod": 0.24642258658054217,
        "mase": 1.4250892258237953
      }
    }
  ],
  "n_train": 328,
  "n_test": 83,
  "n_cv_folds": 3,
  "well": "well_25"
}