{
  "test_metrics": {
    "mae": 1.923289989476232,
    "rmse": 5.748624352390495,
    "r2": -0.14899376552818788,
    "r2_prod": -0.14899376552818788,
    "mase": 2.4659849996512806
  },
  "cv_aggregate": {
    "mae_mean": 0.05706752523049722,
    "mae_std": 0.011469904538059487,
    "rmse_mean": 0.09439339134143,
    "rmse_std": 0.020618184162416807,
    "r2_mean": 0.3024553025429365,
    "r2_std": 0.2486483334367383,
    "r2_prod_mean": 0.3024553025429365,
    "r2_prod_std": 0.2486483334367383,
    "mase_mean": 1.4874545314405576,
    "mase_std": 0.31080371034074716
  },
  "cv_fold_results": [
    {
      "fold_idx": 0,
      "metrics": {
        "mae": 0.04245399145359331,
        "rmse": 0.07155547199600742,
        "r2": 0.28415572460854055,
        "r2_prod": 0.28415572460854055,
        "mase": 1.4743326611398588
      }
    },
    {
      "fold_idx": 1,
      "metrics": {
        "mae": 0.07047113868760767,
        "rmse": 0.12151223500135543,
        "r2": 0.6157232176829562,
        "r2_prod": 0.6157232176829562,
        "mase": 1.8745010536138862
      }
    },
    {
      "fold_idx": 2,
      "metrics": {
        "mae": 0.05827744555029069,
        "rmse": 0.09011246702692716,
        "r2": 0.007486965337312745,
        "r2_prod": 0.007486965337312745,
        "mase": 1.1135298795679271
      }
    }
  ],
  "n_train": 414,
  "n_test": 104,
  "n_cv_folds": 3,
  "well": "well_32"
}