{
  "test_metrics": {
    "mae": 0.20067103028584937,
    "rmse": 1.684144104297251,
    "r2": 0.0031179777886390925,
    "r2_prod": 0.002474726517478043,
    "mase": 0.5758352632622757
  },
  "cv_aggregate": {
    "mae_mean": 0.07341208891180062,
    "mae_std": 0.02356333630626264,
    "rmse_mean": 0.13138410215459545,
    "rmse_std": 0.04841087732952793,
    "r2_mean": -0.3709794002330193,
    "r2_std": 0.17246214345950178,
    "r2_prod_mean": -0.3709794002330193,
    "r2_prod_std": 0.17246214345950178,
    "mase_mean": 1.255744121637352,
    "mase_std": 0.14425183763634794
  },
  "cv_fold_results": [
    {
      "fold_idx": 0,
      "metrics": {
        "mae": 0.06466221691546392,
        "rmse": 0.10127467206651403,
        "r2": -0.6142711935345184,
        "r2_prod": -0.6142711935345184,
        "mase": 1.4587517695343302
      }
    },
    {
      "fold_idx": 1,
      "metrics": {
        "mae": 0.04994055238904013,
        "rmse": 0.09318953334852129,
        "r2": -0.23444680233336568,
        "r2_prod": -0.23444680233336568,
        "mase": 1.1716704486835412
      }
    },
    {
      "fold_idx": 2,
      "metrics": {
        "mae": 0.10563349743089781,
        "rmse": 0.19968810104875104,
        "r2": -0.2642202048311737,
        "r2_prod": -0.2642202048311737,
        "mase": 1.1368101466941842
      }
    }
  ],
  "n_train": 336,
  "n_test": 85,
  "n_cv_folds": 3,
  "well": "well_12"
}