{
  "test_metrics": {
    "f1_macro": 0.8871077967269295,
    "f1_weighted": 0.919895781654695,
    "accuracy": 0.9191376610863543,
    "auc_pr": 0.8071826078340345,
    "edr": 1.0,
    "confusion_matrix": [
      [
        5503,
        10,
        123,
        5,
        448,
        21,
        0,
        51,
        398,
        0
      ],
      [
        281,
        4288,
        33,
        130,
        34,
        6,
        8,
        102,
        28,
        6
      ],
      [
        12,
        0,
        354,
        0,
        7,
        6,
        0,
        0,
        19,
        0
      ],
      [
        0,
        305,
        85,
        2259,
        11,
        0,
        0,
        0,
        15,
        21
      ],
      [
        269,
        8,
        4,
        52,
        1565,
        2,
        1,
        4,
        0,
        9
      ],
      [
        78,
        9,
        1,
        3,
        7,
        7041,
        72,
        21,
        11,
        18
      ],
      [
        8,
        7,
        0,
        0,
        0,
        51,
        3082,
        11,
        0,
        0
      ],
      [
        217,
        25,
        8,
        1,
        22,
        3,
        4,
        5366,
        5,
        19
      ],
      [
        3,
        78,
        44,
        2,
        1,
        5,
        1,
        9,
        3497,
        91
      ],
      [
        2,
        0,
        0,
        1,
        4,
        0,
        0,
        1,
        0,
        5203
      ]
    ],
    "class_labels": [
      0,
      1,
      2,
      3,
      4,
      5,
      6,
      7,
      8,
      9
    ]
  },
  "cv_aggregate": {
    "accuracy_mean": 0.9300255446880401,
    "accuracy_std": 0.017799953639357696,
    "auc_pr_mean": 0.8253432789503199,
    "auc_pr_std": 0.03635393144789585,
    "edr_mean": 1.0,
    "edr_std": 0.0,
    "f1_macro_mean": 0.8984921352282713,
    "f1_macro_std": 0.023072148875394122,
    "f1_weighted_mean": 0.9301867012883547,
    "f1_weighted_std": 0.017308543562204702
  },
  "cv_fold_results": [
    {
      "fold_idx": 0,
      "metrics": {
        "f1_macro": 0.8826585508781241,
        "f1_weighted": 0.9194983291022757,
        "accuracy": 0.9180670387726472,
        "auc_pr": 0.7991127682276082,
        "edr": 1.0,
        "confusion_matrix": [
          [
            4845,
            25,
            1,
            3,
            279,
            55,
            1,
            13,
            0,
            21
          ],
          [
            14,
            3605,
            65,
            132,
            6,
            2,
            43,
            66,
            81,
            0
          ],
          [
            47,
            13,
            231,
            2,
            2,
            0,
            0,
            0,
            14,
            0
          ],
          [
            39,
            117,
            2,
            1942,
            42,
            1,
            0,
            0,
            16,
            11
          ],
          [
            292,
            5,
            3,
            51,
            1174,
            11,
            0,
            3,
            1,
            0
          ],
          [
            406,
            7,
            14,
            2,
            8,
            5226,
            98,
            8,
            6,
            31
          ],
          [
            65,
            15,
            0,
            8,
            10,
            23,
            2431,
            0,
            6,
            0
          ],
          [
            29,
            96,
            0,
            1,
            17,
            3,
            0,
            4418,
            0,
            14
          ],
          [
            6,
            35,
            79,
            5,
            0,
            4,
            1,
            7,
            2993,
            0
          ],
          [
            8,
            0,
            4,
            27,
            180,
            1,
            0,
            12,
            30,
            3893
          ]
        ],
        "class_labels": [
          0,
          1,
          2,
          3,
          4,
          5,
          6,
          7,
          8,
          9
        ]
      },
      "history": {
        "epochs_run": 37,
        "best_epoch": 16,
        "stopped_early": true,
        "final_train_loss": 0.717675655894917,
        "final_val_loss": 0.42682474822028904
      },
      "cost": {
        "wall_time_seconds": 1659.31,
        "gpu_memory_peak_mb": 612.47,
        "param_count": 124042,
        "trainable_params": 124042,
        "model_size_mb": 0.4732
      }
    },
    {
      "fold_idx": 1,
      "metrics": {
        "f1_macro": 0.9368223861422778,
        "f1_weighted": 0.9546344664557673,
        "accuracy": 0.9549158228985681,
        "auc_pr": 0.8861338059184526,
        "edr": 1.0,
        "confusion_matrix": [
          [
            4992,
            4,
            5,
            0,
            181,
            2,
            5,
            30,
            0,
            23
          ],
          [
            4,
            3705,
            5,
            80,
            0,
            2,
            24,
            161,
            27,
            0
          ],
          [
            23,
            15,
            252,
            0,
            0,
            10,
            0,
            1,
            20,
            0
          ],
          [
            0,
            25,
            0,
            2115,
            41,
            0,
            0,
            0,
            0,
            4
          ],
          [
            320,
            5,
            1,
            0,
            1199,
            0,
            0,
            12,
            0,
            3
          ],
          [
            37,
            3,
            0,
            0,
            1,
            5678,
            85,
            2,
            2,
            0
          ],
          [
            0,
            0,
            0,
            0,
            0,
            13,
            2542,
            0,
            0,
            0
          ],
          [
            20,
            172,
            0,
            0,
            0,
            3,
            1,
            4398,
            2,
            2
          ],
          [
            0,
            40,
            7,
            6,
            0,
            5,
            3,
            0,
            2885,
            21
          ],
          [
            6,
            0,
            1,
            7,
            6,
            1,
            0,
            26,
            0,
            4111
          ]
        ],
        "class_labels": [
          0,
          1,
          2,
          3,
          4,
          5,
          6,
          7,
          8,
          9
        ]
      },
      "history": {
        "epochs_run": 62,
        "best_epoch": 41,
        "stopped_early": true,
        "final_train_loss": 0.650536287632862,
        "final_val_loss": 0.14899468810933497
      },
      "cost": {
        "wall_time_seconds": 2779.1,
        "gpu_memory_peak_mb": 392.9,
        "param_count": 124042,
        "trainable_params": 124042,
        "model_size_mb": 0.4732
      }
    },
    {
      "fold_idx": 2,
      "metrics": {
        "f1_macro": 0.9133616329151428,
        "f1_weighted": 0.9418905238541369,
        "accuracy": 0.9422796849457572,
        "auc_pr": 0.8473672662745988,
        "edr": 1.0,