{
  "test_metrics": {
    "f1_macro": 0.8669932595993839,
    "f1_weighted": 0.9025854390380722,
    "accuracy": 0.9009755510056606,
    "auc_pr": 0.7787856446795751,
    "edr": 1.0,
    "confusion_matrix": [
      [
        5153,
        11,
        37,
        1,
        882,
        2,
        0,
        55,
        401,
        17
      ],
      [
        287,
        3888,
        133,
        238,
        48,
        5,
        35,
        119,
        161,
        2
      ],
      [
        1,
        0,
        349,
        0,
        20,
        1,
        0,
        0,
        27,
        0
      ],
      [
        2,
        148,
        28,
        2449,
        18,
        0,
        0,
        1,
        18,
        32
      ],
      [
        243,
        0,
        5,
        49,
        1497,
        0,
        0,
        1,
        0,
        119
      ],
      [
        119,
        0,
        31,
        1,
        2,
        6965,
        121,
        1,
        5,
        16
      ],
      [
        9,
        0,
        0,
        1,
        1,
        5,
        3128,
        9,
        6,
        0
      ],
      [
        320,
        22,
        25,
        0,
        38,
        1,
        8,
        5228,
        6,
        22
      ],
      [
        9,
        21,
        51,
        16,
        4,
        0,
        2,
        18,
        3544,
        66
      ],
      [
        3,
        0,
        0,
        3,
        2,
        0,
        0,
        0,
        0,
        5203
      ]
    ],
    "class_labels": [
      0,
      1,
      2,
      3,
      4,
      5,
      6,
      7,
      8,
      9
    ]
  },
  "cv_aggregate": {
    "accuracy_mean": 0.8944366370502713,
    "accuracy_std": 0.021277364915380483,
    "auc_pr_mean": 0.7704505585836217,
    "auc_pr_std": 0.032695117460011656,
    "edr_mean": 1.0,
    "edr_std": 0.0,
    "f1_macro_mean": 0.8624423240574078,
    "f1_macro_std": 0.02258486567216018,
    "f1_weighted_mean": 0.8949749896834763,
    "f1_weighted_std": 0.022441790523823363
  },
  "cv_fold_results": [
    {
      "fold_idx": 0,
      "metrics": {
        "f1_macro": 0.8594571815775893,
        "f1_weighted": 0.8997088609989039,
        "accuracy": 0.8955317434259619,
        "auc_pr": 0.7680471771739336,
        "edr": 1.0,
        "confusion_matrix": [
          [
            4098,
            37,
            24,
            64,
            914,
            4,
            3,
            67,
            15,
            17
          ],
          [
            9,
            3448,
            103,
            151,
            9,
            6,
            57,
            115,
            116,
            0
          ],
          [
            39,
            15,
            228,
            4,
            0,
            1,
            1,
            5,
            16,
            0
          ],
          [
            28,
            148,
            4,
            1907,
            43,
            1,
            0,
            0,
            17,
            22
          ],
          [
            163,
            6,
            3,
            51,
            1303,
            0,
            0,
            10,
            0,
            4
          ],
          [
            381,
            8,
            6,
            5,
            33,
            5188,
            148,
            6,
            6,
            25
          ],
          [
            33,
            4,
            1,
            0,
            39,
            2,
            2475,
            2,
            2,
            0
          ],
          [
            17,
            53,
            5,
            0,
            12,
            0,
            0,
            4442,
            1,
            48
          ],
          [
            14,
            30,
            40,
            7,
            0,
            7,
            1,
            9,
            3022,
            0
          ],
          [
            2,
            0,
            0,
            34,
            214,
            0,
            0,
            1,
            12,
            3892
          ]
        ],
        "class_labels": [
          0,
          1,
          2,
          3,
          4,
          5,
          6,
          7,
          8,
          9
        ]
      },
      "history": {
        "epochs_run": 2,
        "best_epoch": 1,
        "stopped_early": false,
        "final_train_loss": 0.8993296816827463,
        "final_val_loss": 0.3755840872613971
      },
      "cost": {
        "wall_time_seconds": 121.02,
        "gpu_memory_peak_mb": 750.4,
        "param_count": 426250,
        "trainable_params": 426250,
        "model_size_mb": 1.626
      }
    },
    {
      "fold_idx": 1,
      "metrics": {
        "f1_macro": 0.8958547748523203,
        "f1_weighted": 0.9198803263342161,
        "accuracy": 0.9192379126475346,
        "auc_pr": 0.8169367092347887,
        "edr": 1.0,
        "confusion_matrix": [
          [
            4667,
            10,
            15,
            2,
            353,
            2,
            3,
            150,
            11,
            29
          ],
          [
            27,
            3476,
            21,
            201,
            4,
            1,
            72,
            162,
            44,
            0
          ],
          [
            26,
            11,
            256,
            1,
            0,
            5,
            0,
            9,
            13,
            0
          ],
          [
            0,
            29,
            0,
            1992,
            144,
            0,
            0,
            2,
            1,
            17
          ],
          [
            323,
            8,
            0,
            3,
            1182,
            0,
            1,
            15,
            0,
            8
          ],
          [
            69,
            12,
            4,
            0,
            26,
            5525,
            117,
            37,
            18,
            0
          ],
          [
            2,
            3,
            0,
            1,
            1,
            76,
            2469,
            0,
            3,
            0
          ],
          [
            52,
            288,
            12,
            12,
            11,
            0,
            6,
            4208,
            8,
            1
          ],
          [
            7,
            49,
            12,
            17,
            0,
            6,
            1,
            7,
            2840,
            28
          ],
          [
            1,
            0,
            2,
            11,
            20,
            0,
            0,
            51,
            2,
            4071
          ]
        ],
        "class_labels": [
          0,
          1,
          2,
          3,
          4,
          5,
          6,
          7,
          8,
          9
        ]
      },
      "history": {
        "epochs_run": 2,
        "best_epoch": 1,
        "stopped_early": false,
        "final_train_loss": 0.922485810500483,
        "final_val_loss": 0.24735530636228212
      },
      "cost": {
        "wall_time_seconds": 120.24,
        "gpu_memory_peak_mb": 434.22,
        "param_count": 426250,
        "trainable_params": 426250,
        "model_size_mb": 1.626
      }
    },
    {
      "fold_idx": 2,
      "metrics": {
        "f1_macro": 0.8288908740564507,
        "f1_weighted": 0.8644292231086802,
        "accuracy": 0.8679149947986328,
        "auc_pr": 0.7248331641375825,
        "edr": 1.0,