{
  "test_metrics": {
    "mae": 1.501392119428905,
    "rmse": 2.5235431719582353,
    "r2": 0.08873346655989744,
    "r2_prod": -0.15526585409903548,
    "mase": 0.9376462129516469
  },
  "cv_aggregate": {
    "mae_mean": 0.3659434510299951,
    "mae_std": 0.20269030894927498,
    "rmse_mean": 0.6860718032601696,
    "rmse_std": 0.4036147984879792,
    "r2_mean": 0.2551705270655536,
    "r2_std": 0.2055576955288651,
    "r2_prod_mean": 0.1412902393231608,
    "r2_prod_std": 0.28230927550298784,
    "mase_mean": 0.8870249236815578,
    "mase_std": 0.05325665791433554
  },
  "cv_fold_results": [
    {
      "fold_idx": 0,
      "metrics": {
        "mae": 0.19047100013539495,
        "rmse": 0.40417594076992674,
        "r2": 0.5434701215224961,
        "r2_prod": 0.5402463986430043,
        "mase": 0.9100866790509092
      }
    },
    {
      "fold_idx": 1,
      "metrics": {
        "mae": 0.2573837105337475,
        "rmse": 0.39718441677197613,
        "r2": 0.14332331740647497,
        "r2_prod": -0.045024339354780674,
        "mase": 0.937586911913749
      }
    },
    {
      "fold_idx": 2,
      "metrics": {
        "mae": 0.6499756424208428,
        "rmse": 1.2568550522386057,
        "r2": 0.0787181422676897,
        "r2_prod": -0.07135134131874121,
        "mase": 0.8134011800800156
      }
    }
  ],
  "n_train": 4108,
  "n_test": 1027,
  "n_cv_folds": 3,
  "well": "49/22-Z07"
}