{
  "test_metrics": {
    "mae": 0.3910155092860739,
    "rmse": 0.557414091676926,
    "r2": -0.0889286515852179,
    "r2_prod": -2.0203983457382564,
    "mase": 1.9514487474025854
  },
  "cv_aggregate": {
    "mae_mean": 1.5665394931644725,
    "mae_std": 1.4187336218106696,
    "rmse_mean": 2.8888686605230216,
    "rmse_std": 2.818578510028967,
    "r2_mean": -0.1636476129432601,
    "r2_std": 0.4169756869296681,
    "r2_prod_mean": -1.7187391534890493,
    "r2_prod_std": 1.34217045707753,
    "mase_mean": 1.785075933482208,
    "mase_std": 0.41012600961143375
  },
  "cv_fold_results": [
    {
      "fold_idx": 0,
      "metrics": {
        "mae": 3.572100223850176,
        "rmse": 6.871935571521518,
        "r2": 0.26288702433877376,
        "r2_prod": 0.17589948709794978,
        "mase": 2.365018127957898
      }
    },
    {
      "fold_idx": 1,
      "metrics": {
        "mae": 0.5137366215609249,
        "rmse": 1.0313527884870703,
        "r2": -0.02427596942224408,
        "r2_prod": -2.765510069916271,
        "mase": 1.4876681743764564
      }
    },
    {
      "fold_idx": 2,
      "metrics": {
        "mae": 0.6137816340823169,
        "rmse": 0.7633176215604767,
        "r2": -0.72955389374631,
        "r2_prod": -2.5666068776488267,
        "mase": 1.50254149811227
      }
    }
  ],
  "n_train": 2241,
  "n_test": 561,
  "n_cv_folds": 3,
  "well": "49/22-Z05Z"
}