{
  "test_metrics": {
    "mae": 0.8312639456000562,
    "rmse": 1.6351813604340528,
    "r2": 0.5584251976181246,
    "r2_prod": 0.5651441408475473,
    "mase": 1.1519157665039979
  },
  "cv_aggregate": {
    "mae_mean": 3.9860028658186075,
    "mae_std": 2.8297858020239985,
    "rmse_mean": 8.6258745616075,
    "rmse_std": 6.297977801944421,
    "r2_mean": 0.38689311745447225,
    "r2_std": 0.18973161269344596,
    "r2_prod_mean": 0.48509968601810244,
    "r2_prod_std": 0.2150713582776145,
    "mase_mean": 1.328200985878092,
    "mase_std": 0.13415567822014673
  },
  "cv_fold_results": [
    {
      "fold_idx": 0,
      "metrics": {
        "mae": 0.8486646057631891,
        "rmse": 1.5374367676836787,
        "r2": 0.20927475781885052,
        "r2_prod": 0.2209658334190615,
        "mase": 1.4830595866362735
      }
    },
    {
      "fold_idx": 1,
      "metrics": {
        "mae": 7.706267452594457,
        "rmse": 16.84046002040707,
        "r2": 0.3015302098898702,
        "r2_prod": 0.48655836349520687,
        "mase": 1.345696546976251
      }
    },
    {
      "fold_idx": 2,
      "metrics": {
        "mae": 3.403076539098177,
        "rmse": 7.49972689673175,
        "r2": 0.649874384654696,
        "r2_prod": 0.7477748611400389,
        "mase": 1.155846824021752
      }
    }
  ],
  "n_train": 25087,
  "n_test": 6272,
  "n_cv_folds": 3
}