{
  "test_metrics": {
    "mae": 0.5210652656474741,
    "rmse": 0.9616386958035599,
    "r2": 0.04485090648933676,
    "r2_prod": -0.7224822068856092,
    "mase": 0.7834363852825463
  },
  "cv_aggregate": {
    "mae_mean": 1.2770064624889308,
    "mae_std": 0.2545380286909132,
    "rmse_mean": 1.876333376474049,
    "rmse_std": 0.34905227023917473,
    "r2_mean": -0.2872706703829822,
    "r2_std": 0.15248828259083924,
    "r2_prod_mean": -2.1370367225586713,
    "r2_prod_std": 1.2403943934757797,
    "mase_mean": 0.7845728962980933,
    "mase_std": 0.0775584134214721
  },
  "cv_fold_results": [
    {
      "fold_idx": 0,
      "metrics": {
        "mae": 1.4826954833549943,
        "rmse": 2.106577177182003,
        "r2": -0.08144495216546388,
        "r2_prod": -0.5275641987986477,
        "mase": 0.8727215722446519
      }
    },
    {
      "fold_idx": 1,
      "metrics": {
        "mae": 1.430000635792652,
        "rmse": 2.139361016930781,
        "r2": -0.4459136360898588,
        "r2_prod": -2.337566046796143,
        "mase": 0.6839714017066413
      }
    },
    {
      "fold_idx": 2,
      "metrics": {
        "mae": 0.9183232683191462,
        "rmse": 1.3830619353093636,
        "r2": -0.334453422893624,
        "r2_prod": -3.545979922081223,
        "mase": 0.7970257149429868
      }
    }
  ],
  "n_train": 908,
  "n_test": 227,
  "n_cv_folds": 3,
  "well": "49/22-Z08"
}