{
  "test_metrics": {
    "mae": 0.2785544712685902,
    "rmse": 0.42633342789103257,
    "r2": 0.17112261391722028,
    "r2_prod": -0.21254077168934749,
    "mase": 0.9793106023592462
  },
  "cv_aggregate": {
    "mae_mean": 2.020536238148843,
    "mae_std": 1.9179248023385937,
    "rmse_mean": 3.2768068434316198,
    "rmse_std": 2.412959545595314,
    "r2_mean": 0.3242543895197488,
    "r2_std": 0.28218027062883944,
    "r2_prod_mean": 0.1902076805818044,
    "r2_prod_std": 0.560917861020313,
    "mase_mean": 0.978095925756531,
    "mase_std": 0.06679636801019811
  },
  "cv_fold_results": [
    {
      "fold_idx": 0,
      "metrics": {
        "mae": 4.715266638518632,
        "rmse": 6.420403690643101,
        "r2": 0.14436714526300343,
        "r2_prod": 0.07476607982129779,
        "mase": 0.9917200991468615
      }
    },
    {
      "fold_idx": 1,
      "metrics": {
        "mae": 0.9405179532827119,
        "rmse": 2.854751782351117,
        "r2": 0.7226927315600401,
        "r2_prod": 0.9275961922944365,
        "mase": 0.8903306513934094
      }
    },
    {
      "fold_idx": 2,
      "metrics": {
        "mae": 0.40582412264518514,
        "rmse": 0.555265057300641,
        "r2": 0.10570329173620285,
        "r2_prod": -0.4317392303703209,
        "mase": 1.0522370267293224
      }
    }
  ],
  "n_train": 1795,
  "n_test": 449,
  "n_cv_folds": 3,
  "well": "49/22-Z05Z"
}