{
  "test_metrics": {
    "mae": 0.08473352185727022,
    "rmse": 0.3589961876123061,
    "r2": -0.09428867972947996,
    "r2_prod": -1.3565914741649254,
    "mase": 0.6593541995687988
  },
  "cv_aggregate": {
    "mae_mean": 1.2806356183450252,
    "mae_std": 0.34956609680657813,
    "rmse_mean": 1.8786915514330016,
    "rmse_std": 0.47559787078073995,
    "r2_mean": -0.3406738844303317,
    "r2_std": 0.0981800525029434,
    "r2_prod_mean": -2.0662623512931786,
    "r2_prod_std": 0.8553495671502581,
    "mase_mean": 0.8212381849651639,
    "mase_std": 0.06362394156938848
  },
  "cv_fold_results": [
    {
      "fold_idx": 0,
      "metrics": {
        "mae": 1.7717169001053057,
        "rmse": 2.524046578869511,
        "r2": -0.24823654074266877,
        "r2_prod": -1.4576849021458251,
        "mase": 0.9102561246145144
      }
    },
    {
      "fold_idx": 1,
      "metrics": {
        "mae": 1.084329772918799,
        "rmse": 1.7201105594895154,
        "r2": -0.4766170634235354,
        "r2_prod": -3.275901526978565,
        "mase": 0.7653773991326474
      }
    },
    {
      "fold_idx": 2,
      "metrics": {
        "mae": 0.9858601820109704,
        "rmse": 1.3919175159399788,
        "r2": -0.297168049124791,
        "r2_prod": -1.4652006247551457,
        "mase": 0.7880810311483301
      }
    }
  ],
  "n_train": 1061,
  "n_test": 266,
  "n_cv_folds": 3,
  "well": "49/22-Z08"
}