{
  "test_metrics": {
    "mae": 0.0324360557668754,
    "rmse": 0.24835211011548164,
    "r2": -0.01471033132028654,
    "r2_prod": -1.38389591018188,
    "mase": 0.5105958025709834
  },
  "cv_aggregate": {
    "mae_mean": 0.5261694846130193,
    "mae_std": 0.4209441563362794,
    "rmse_mean": 0.938841154148948,
    "rmse_std": 0.6121069258184373,
    "r2_mean": -0.19180185433418884,
    "r2_std": 0.19637202090223652,
    "r2_prod_mean": -2.045502093103875,
    "r2_prod_std": 1.2252209692302534,
    "mase_mean": 0.6871823220105856,
    "mase_std": 0.1318127066115038
  },
  "cv_fold_results": [
    {
      "fold_idx": 0,
      "metrics": {
        "mae": 1.042819022357521,
        "rmse": 1.6545687208468232,
        "r2": -0.4632602026712511,
        "r2_prod": -3.7487276333934787,
        "mase": 0.7461018431749232
      }
    },
    {
      "fold_idx": 1,
      "metrics": {
        "mae": 0.523961711451298,
        "rmse": 1.002656005134145,
        "r2": -0.10682432770963635,
        "r2_prod": -1.4696005928433022,
        "mase": 0.810883430960094
      }
    },
    {
      "fold_idx": 2,
      "metrics": {
        "mae": 0.011727720030238807,
        "rmse": 0.15929873646587597,
        "r2": -0.005321032621679045,
        "r2_prod": -0.9181780530748449,
        "mase": 0.5045616918967396
      }
    }
  ],
  "n_train": 1390,
  "n_test": 348,
  "n_cv_folds": 3,
  "well": "49/22-Z08"
}