{
  "test_metrics": {
    "mae": 0.2952284830840996,
    "rmse": 0.7917578963197973,
    "r2": 0.27016772151955204,
    "r2_prod": 0.20519746058866906,
    "mase": 1.193628992423993
  },
  "cv_aggregate": {
    "mae_mean": 2.21359362375224,
    "mae_std": 0.5820717772548405,
    "rmse_mean": 3.583744382953601,
    "rmse_std": 0.602737379414284,
    "r2_mean": 0.2378373865875193,
    "r2_std": 0.3033776253888696,
    "r2_prod_mean": 0.012545373424920903,
    "r2_prod_std": 0.46640173065956114,
    "mase_mean": 1.4113836083931102,
    "mase_std": 0.0510296811372363
  },
  "cv_fold_results": [
    {
      "fold_idx": 0,
      "metrics": {
        "mae": 2.9302604401484134,
        "rmse": 4.339286183622465,
        "r2": 0.4754622646267126,
        "r2_prod": 0.35631733798404,
        "mase": 1.3588079951260577
      }
    },
    {
      "fold_idx": 1,
      "metrics": {
        "mae": 1.5045426133122028,
        "rmse": 2.864204608383472,
        "r2": 0.42839170140958516,
        "r2_prod": 0.32816476427546704,
        "mase": 1.4804837520645395
      }
    },
    {
      "fold_idx": 2,
      "metrics": {
        "mae": 2.205977817796104,
        "rmse": 3.547742356854867,
        "r2": -0.19034180627373987,
        "r2_prod": -0.6468459819847443,
        "mase": 1.394859077988733
      }
    }
  ],
  "n_train": 1922,
  "n_test": 481,
  "n_cv_folds": 3,
  "well": "49/22-Z06"
}