{
  "test_metrics": {
    "mae": 0.6163628730757892,
    "rmse": 0.9417127231738297,
    "r2": 0.18267169173284725,
    "r2_prod": -0.4771130482243069,
    "mase": 1.002759289491076
  },
  "cv_aggregate": {
    "mae_mean": 0.6248561612480477,
    "mae_std": 0.03648447208411959,
    "rmse_mean": 1.1559987177874542,
    "rmse_std": 0.17199912768829842,
    "r2_mean": -0.09459946230058473,
    "r2_std": 0.051726424632451,
    "r2_prod_mean": -1.8831203187123597,
    "r2_prod_std": 1.054798586980322,
    "mase_mean": 1.0965550093011762,
    "mase_std": 0.07070344303697894
  },
  "cv_fold_results": [
    {
      "fold_idx": 0,
      "metrics": {
        "mae": 0.634439499298189,
        "rmse": 1.3980158693769698,
        "r2": -0.10790779253372906,
        "r2_prod": -2.74640480874029,
        "mase": 1.0367285537801953
      }
    },
    {
      "fold_idx": 1,
      "metrics": {
        "mae": 0.6639711520680152,
        "rmse": 1.013863768885216,
        "r2": -0.15023976537894246,
        "r2_prod": -0.397934052026097,
        "mase": 1.0570847973892779
      }
    },
    {
      "fold_idx": 2,
      "metrics": {
        "mae": 0.5761578323779388,
        "rmse": 1.056116515100177,
        "r2": -0.025650828989082664,
        "r2_prod": -2.5050220953706925,
        "mase": 1.195851676734056
      }
    }
  ],
  "n_train": 5273,
  "n_test": 1319,
  "n_cv_folds": 3,
  "well": "49/22-Z04"
}