{
  "test_metrics": {
    "mae": 0.6583901986635277,
    "rmse": 1.397674143663003,
    "r2": 0.7938168952928992,
    "r2_prod": 0.8216060154373537,
    "mase": 1.4963150989440104
  },
  "cv_aggregate": {
    "mae_mean": 3.1123117446993738,
    "mae_std": 1.7533403548067412,
    "rmse_mean": 7.5646521094858725,
    "rmse_std": 4.212217125547464,
    "r2_mean": 0.6704553423206151,
    "r2_std": 0.053173648391527786,
    "r2_prod_mean": 0.7382905491828544,
    "r2_prod_std": 0.06630012678587852,
    "mase_mean": 1.3837790259754528,
    "mase_std": 0.0698396077621748
  },
  "cv_fold_results": [
    {
      "fold_idx": 0,
      "metrics": {
        "mae": 0.6590677386613777,
        "rmse": 1.6227808959490606,
        "r2": 0.5974478581340028,
        "r2_prod": 0.6459508575561859,
        "mase": 1.4824872975613566
      }
    },
    {
      "fold_idx": 1,
      "metrics": {
        "mae": 4.026685473392114,
        "rmse": 10.168457588860809,
        "r2": 0.691351850051136,
        "r2_prod": 0.7703679775153529,
        "mase": 1.3374021471338293
      }
    },
    {
      "fold_idx": 2,
      "metrics": {
        "mae": 4.6511820220446305,
        "rmse": 10.902717843647745,
        "r2": 0.7225663187767065,
        "r2_prod": 0.7985528124770245,
        "mase": 1.3314476332311724
      }
    }
  ],
  "n_train": 20420,
  "n_test": 5106,
  "n_cv_folds": 3
}