{
  "test_metrics": {
    "mae": 0.023912404320560587,
    "rmse": 0.06587174160435891,
    "r2": -0.12181251488094746,
    "r2_prod": -0.7492774896205006,
    "mase": 0.5926570209304213
  },
  "cv_aggregate": {
    "mae_mean": 0.7740150060989425,
    "mae_std": 0.46208187137447104,
    "rmse_mean": 1.6821251569025788,
    "rmse_std": 1.03451813254821,
    "r2_mean": 0.12026656628337062,
    "r2_std": 0.10390603250632004,
    "r2_prod_mean": -0.12838983504456125,
    "r2_prod_std": 0.27803718382031145,
    "mase_mean": 1.3461254723658012,
    "mase_std": 0.3939447242560197
  },
  "cv_fold_results": [
    {
      "fold_idx": 0,
      "metrics": {
        "mae": 1.1704266025840047,
        "rmse": 2.2708758112426795,
        "r2": 0.02593707427235703,
        "r2_prod": -0.22693488649248894,
        "mase": 1.234269431510822
      }
    },
    {
      "fold_idx": 1,
      "metrics": {
        "mae": 1.0257234979256677,
        "rmse": 2.547651183347193,
        "r2": 0.2650077212693003,
        "r2_prod": 0.25053958505056306,
        "mase": 1.8747107028799603
      }
    },
    {
      "fold_idx": 2,
      "metrics": {
        "mae": 0.12589491778715486,
        "rmse": 0.22784847611786388,
        "r2": 0.06985490330845456,
        "r2_prod": -0.4087742036917579,
        "mase": 0.9293962827066213
      }
    }
  ],
  "n_train": 2586,
  "n_test": 647,
  "n_cv_folds": 3,
  "well": "49/22-Z01Z"
}