{
  "test_metrics": {
    "mae": 0.5647441156597679,
    "rmse": 0.8828619668118315,
    "r2": 0.17104298542053864,
    "r2_prod": -0.715771399590077,
    "mase": 1.1501376474942504
  },
  "cv_aggregate": {
    "mae_mean": 0.7827117926578246,
    "mae_std": 0.07953643669452509,
    "rmse_mean": 1.2743113480838062,
    "rmse_std": 0.13014228433193523,
    "r2_mean": -0.29338275758144206,
    "r2_std": 0.06548674276354169,
    "r2_prod_mean": -2.0611105109387724,
    "r2_prod_std": 0.6903860012792714,
    "mase_mean": 1.483486677864776,
    "mase_std": 0.14190248418474194
  },
  "cv_fold_results": [
    {
      "fold_idx": 0,
      "metrics": {
        "mae": 0.7270335928023586,
        "rmse": 1.451668114650344,
        "r2": -0.21202040307333703,
        "r2_prod": -2.4548282319047843,
        "mase": 1.2940113080499145
      }
    },
    {
      "fold_idx": 1,
      "metrics": {
        "mae": 0.8951914306789228,
        "rmse": 1.228223506843324,
        "r2": -0.2957508082554241,
        "r2_prod": -1.0905016822544291,
        "mase": 1.5209636807832314
      }
    },
    {
      "fold_idx": 2,
      "metrics": {
        "mae": 0.7259103544921928,
        "rmse": 1.1430424227577507,
        "r2": -0.37237706141556504,
        "r2_prod": -2.638001618657104,
        "mase": 1.6354850447611817
      }
    }
  ],
  "n_train": 5542,
  "n_test": 1386,
  "n_cv_folds": 3,
  "well": "49/22-Z04"
}