{
  "test_metrics": {
    "mae": 1.5623006175648995,
    "rmse": 2.61068080852158,
    "r2": -0.003765414440895176,
    "r2_prod": -0.4081159689648648,
    "mase": 1.0230569068120539
  },
  "cv_aggregate": {
    "mae_mean": 0.44686757226027424,
    "mae_std": 0.277640388308455,
    "rmse_mean": 0.7910102167922283,
    "rmse_std": 0.525166843657701,
    "r2_mean": -0.13265857110338453,
    "r2_std": 0.06708977015762349,
    "r2_prod_mean": -0.5614458349063405,
    "r2_prod_std": 0.15273313241224515,
    "mase_mean": 0.9670078148730497,
    "mase_std": 0.06275512254362917
  },
  "cv_fold_results": [
    {
      "fold_idx": 0,
      "metrics": {
        "mae": 0.2058639809306077,
        "rmse": 0.3836878135954168,
        "r2": -0.17570880877562622,
        "r2_prod": -0.439098445092448,
        "mase": 1.0418263147007627
      }
    },
    {
      "fold_idx": 1,
      "metrics": {
        "mae": 0.29892155259639824,
        "rmse": 0.45683625274360334,
        "r2": -0.037910753143448606,
        "r2_prod": -0.46846229917203464,
        "mase": 0.9709380396879166
      }
    },
    {
      "fold_idx": 2,
      "metrics": {
        "mae": 0.8358171832538168,
        "rmse": 1.5325065840376648,
        "r2": -0.18435615139107875,
        "r2_prod": -0.7767767604545388,
        "mase": 0.8882590902304699
      }
    }
  ],
  "n_train": 4490,
  "n_test": 1123,
  "n_cv_folds": 3,
  "well": "49/22-Z07"
}