{
  "hpo": {
    "best_params": {
      "rank": 64,
      "lr": 0.001345109547367136,
      "dropout": 0.07731478849111807,
      "branch_width": 64
    },
    "best_value": 0.9414214980777578,
    "n_trials": 33,
    "note": "Expanded 50-trial/7-param search completed only 3/50 trials (~14h/trial); best new trial f1=0.027 (degenerate conv1d configs). Original 30-trial/4-param baseline (f1=0.941) retained as optimal."
  },
  "test_metrics": {
    "f1_macro": 0.9635969377192681,
    "f1_weighted": 0.968278200259704,
    "accuracy": 0.9681079128026014,
    "auc_pr": 0.9331515032521333,
    "edr": 1.0,
    "confusion_matrix": [
      [
        6062,
        0,
        4,
        0,
        93,
        0,
        0,
        3,
        395,
        2
      ],
      [
        275,
        4588,
        0,
        0,
        36,
        0,
        11,
        6,
        0,
        0
      ],
      [
        0,
        0,
        353,
        0,
        5,
        0,
        16,
        0,
        24,
        0
      ],
      [
        0,
        51,
        0,
        2645,
        0,
        0,
        0,
        0,
        0,
        0
      ],
      [
        95,
        0,
        4,
        11,
        1801,
        0,
        1,
        0,
        0,
        2
      ],
      [
        0,
        0,
        0,
        0,
        0,
        7231,
        24,
        0,
        0,
        6
      ],
      [
        0,
        0,
        0,
        0,
        0,
        1,
        3158,
        0,
        0,
        0
      ],
      [
        205,
        2,
        0,
        0,
        13,
        0,
        0,
        5430,
        18,
        2
      ],
      [
        0,
        2,
        1,
        0,
        1,
        4,
        0,
        0,
        3723,
        0
      ],
      [
        0,
        0,
        0,
        0,
        0,
        10,
        0,
        1,
        0,
        5200
      ]
    ],
    "class_labels": [
      0,
      1,
      2,
      3,
      4,
      5,
      6,
      7,
      8,
      9
    ]
  },
  "cv_aggregate": {
    "accuracy_mean": 0.9516710751756602,
    "accuracy_std": 0.013165489378024656,
    "auc_pr_mean": 0.8687332880788647,
    "auc_pr_std": 0.02724977679342311,
    "edr_mean": 1.0,
    "edr_std": 0.0,
    "f1_macro_mean": 0.923637560740994,
    "f1_macro_std": 0.017303488707385396,
    "f1_weighted_mean": 0.9524995480970506,
    "f1_weighted_std": 0.012976443594821014
  },
  "baseline_kwargs": {
    "task": "classification",
    "n_vars": 27,
    "window_size": 14,
    "n_classes": 10,
    "rank": 128,
    "branch_hidden": [
      128,
      128
    ],
    "dropout": 0.2
  },
  "best_kwargs": {
    "task": "classification",
    "n_vars": 27,
    "window_size": 14,
    "n_classes": 10,
    "rank": 64,
    "branch_hidden": [
      64,
      64
    ],
    "dropout": 0.07731478849111807
  }
}