{
  "test_metrics": {
    "f1_macro": 0.9518997508535293,
    "f1_weighted": 0.9572111196701221,
    "accuracy": 0.9572443695049981,
    "auc_pr": 0.9120357146964834,
    "edr": 1.0,
    "confusion_matrix": [
      [
        6079,
        1,
        2,
        0,
        79,
        0,
        0,
        2,
        396,
        0
      ],
      [
        270,
        4552,
        0,
        7,
        41,
        0,
        9,
        37,
        0,
        0
      ],
      [
        13,
        0,
        358,
        0,
        0,
        0,
        1,
        0,
        26,
        0
      ],
      [
        1,
        19,
        6,
        2667,
        2,
        0,
        0,
        1,
        0,
        0
      ],
      [
        56,
        0,
        0,
        27,
        1829,
        0,
        0,
        0,
        0,
        2
      ],
      [
        1,
        0,
        0,
        0,
        0,
        7215,
        30,
        0,
        6,
        9
      ],
      [
        0,
        0,
        0,
        0,
        0,
        4,
        3155,
        0,
        0,
        0
      ],
      [
        189,
        2,
        0,
        0,
        36,
        1,
        1,
        5437,
        0,
        4
      ],
      [
        18,
        0,
        11,
        0,
        0,
        3,
        172,
        272,
        3240,
        15
      ],
      [
        0,
        0,
        0,
        0,
        0,
        3,
        0,
        0,
        0,
        5208
      ]
    ],
    "class_labels": [
      0,
      1,
      2,
      3,
      4,
      5,
      6,
      7,
      8,
      9
    ]
  },
  "cv_aggregate": {
    "accuracy_mean": 0.9546584254090638,
    "accuracy_std": 0.020885912677093086,
    "auc_pr_mean": 0.8866562546805998,
    "auc_pr_std": 0.04292814055643743,
    "edr_mean": 1.0,
    "edr_std": 0.0,
    "f1_macro_mean": 0.9346471548855236,
    "f1_macro_std": 0.026966554978747583,
    "f1_weighted_mean": 0.9554832127801367,
    "f1_weighted_std": 0.020012851579480403
  },
  "cv_fold_results": [
    {
      "fold_idx": 0,
      "metrics": {
        "f1_macro": 0.9006880868500003,
        "f1_weighted": 0.928809556397104,
        "accuracy": 0.9271408530579351,
        "auc_pr": 0.8295601452245558,
        "edr": 1.0,
        "confusion_matrix": [
          [
            4915,
            1,
            5,
            3,
            281,
            1,
            0,
            13,
            0,
            24
          ],
          [
            0,
            3917,
            45,
            8,
            0,
            2,
            7,
            7,
            28,
            0
          ],
          [
            4,
            7,
            287,
            0,
            0,
            0,
            0,
            0,
            11,
            0
          ],
          [
            15,
            4,
            0,
            2059,
            80,
            0,
            0,
            2,
            9,
            1
          ],
          [
            186,
            0,
            34,
            18,
            1300,
            0,
            0,
            0,
            0,
            2
          ],
          [
            0,
            3,
            4,
            0,
            1,
            5546,
            40,
            2,
            9,
            201
          ],
          [
            30,
            0,
            0,
            0,
            46,
            19,
            2463,
            0,
            0,
            0
          ],
          [
            31,
            83,
            6,
            0,
            0,
            0,
            0,
            4074,
            6,
            378
          ],
          [
            368,
            1,
            10,
            0,
            1,
            0,
            21,
            2,
            2696,
            31
          ],
          [
            1,
            0,
            100,
            5,
            117,
            5,
            0,
            17,
            105,
            3805
          ]
        ],
        "class_labels": [
          0,
          1,
          2,
          3,
          4,
          5,
          6,
          7,
          8,
          9
        ]
      },
      "history": {
        "epochs_run": 23,
        "best_epoch": 2,
        "stopped_early": true,
        "final_train_loss": 0.04430938995521487,
        "final_val_loss": 0.43033683501768816
      },
      "cost": {
        "wall_time_seconds": 310.95,
        "gpu_memory_peak_mb": 304.83,
        "param_count": 300810,
        "trainable_params": 300554,
        "model_size_mb": 1.1475
      }
    },
    {
      "fold_idx": 1,
      "metrics": {
        "f1_macro": 0.9697877527614445,
        "f1_weighted": 0.9799914477526246,
        "accuracy": 0.9800790845365766,
        "auc_pr": 0.9441842241868805,
        "edr": 1.0,
        "confusion_matrix": [
          [
            5184,
            2,
            2,
            0,
            50,
            0,
            1,
            1,
            0,
            2
          ],
          [
            0,
            3776,
            0,
            0,
            0,
            0,
            0,
            232,
            0,
            0
          ],
          [
            22,
            13,
            261,
            1,
            0,
            0,
            1,
            0,
            23,
            0
          ],
          [
            0,
            0,
            1,
            2172,
            3,
            0,
            0,
            0,
            9,
            0
          ],
          [
            39,
            0,
            5,
            2,
            1478,
            0,
            4,
            0,
            1,
            11
          ],
          [
            0,
            0,
            0,
            0,
            0,
            5763,
            36,
            0,
            9,
            0
          ],
          [
            0,
            2,
            0,
            0,
            0,
            4,
            2549,
            0,
            0,
            0
          ],
          [
            12,
            123,
            2,
            0,
            0,
            0,
            1,
            4460,
            0,
            0
          ],
          [
            0,
            0,
            5,
            0,
            0,
            2,
            0,
            0,
            2934,
            26
          ],
          [
            0,
            0,
            0,
            6,
            0,
            9,
            0,
            0,
            3,
            4140
          ]
        ],
        "class_labels": [
          0,
          1,
          2,
          3,
          4,
          5,
          6,
          7,
          8,
          9
        ]
      },
      "history": {
        "epochs_run": 61,
        "best_epoch": 40,
        "stopped_early": true,
        "final_train_loss": 0.028665118798336286,
        "final_val_loss": 0.08281878863551871
      },
      "cost": {
        "wall_time_seconds": 824.1,
        "gpu_memory_peak_mb": 304.83,
        "param_count": 300810,
        "trainable_params": 300554,
        "model_size_mb": 1.1475
      }
    },
    {
      "fold_idx": 2,
      "metrics": {
        "f1_macro": 0.9445598358517477,
        "f1_weighted": 0.9650345659066728,
        "accuracy": 0.9650765344033289,
        "auc_pr": 0.9008584741616292,
        "edr": 1.0,