{
  "test_metrics": {
    "f1_macro": 0.9592326023597412,
    "f1_weighted": 0.9629761080637848,
    "accuracy": 0.9628567987474407,
    "auc_pr": 0.9251495933024454,
    "edr": 1.0,
    "confusion_matrix": [
      [
        6110,
        0,
        3,
        0,
        49,
        0,
        0,
        1,
        396,
        0
      ],
      [
        274,
        4574,
        0,
        1,
        38,
        0,
        11,
        17,
        1,
        0
      ],
      [
        9,
        0,
        352,
        0,
        0,
        0,
        10,
        0,
        27,
        0
      ],
      [
        2,
        16,
        1,
        2669,
        1,
        0,
        0,
        1,
        0,
        6
      ],
      [
        77,
        0,
        0,
        19,
        1814,
        0,
        3,
        0,
        0,
        1
      ],
      [
        3,
        0,
        1,
        0,
        0,
        7192,
        54,
        1,
        3,
        7
      ],
      [
        0,
        0,
        0,
        0,
        0,
        1,
        3158,
        0,
        0,
        0
      ],
      [
        204,
        2,
        0,
        4,
        8,
        0,
        0,
        5451,
        0,
        1
      ],
      [
        20,
        0,
        4,
        0,
        0,
        4,
        14,
        175,
        3447,
        67
      ],
      [
        0,
        0,
        0,
        0,
        0,
        5,
        0,
        0,
        0,
        5206
      ]
    ],
    "class_labels": [
      0,
      1,
      2,
      3,
      4,
      5,
      6,
      7,
      8,
      9
    ]
  },
  "cv_aggregate": {
    "accuracy_mean": 0.9550065548918113,
    "accuracy_std": 0.018337332238065808,
    "auc_pr_mean": 0.8906630139534559,
    "auc_pr_std": 0.03180806982886764,
    "edr_mean": 1.0,
    "edr_std": 0.0,
    "f1_macro_mean": 0.9386465263121894,
    "f1_macro_std": 0.01886513327013026,
    "f1_weighted_mean": 0.9553800113774283,
    "f1_weighted_std": 0.017873281004361998
  },
  "cv_fold_results": [
    {
      "fold_idx": 0,
      "metrics": {
        "f1_macro": 0.9106161560680379,
        "f1_weighted": 0.9297222534765173,
        "accuracy": 0.9283646240635167,
        "auc_pr": 0.8434368257094732,
        "edr": 1.0,
        "confusion_matrix": [
          [
            4937,
            1,
            12,
            6,
            243,
            2,
            0,
            23,
            1,
            18
          ],
          [
            4,
            3930,
            42,
            3,
            0,
            0,
            6,
            5,
            24,
            0
          ],
          [
            3,
            4,
            295,
            0,
            0,
            0,
            0,
            0,
            7,
            0
          ],
          [
            15,
            3,
            0,
            2068,
            74,
            0,
            0,
            2,
            7,
            1
          ],
          [
            197,
            0,
            23,
            24,
            1292,
            0,
            0,
            0,
            0,
            4
          ],
          [
            0,
            7,
            3,
            0,
            2,
            5503,
            30,
            2,
            19,
            240
          ],
          [
            35,
            0,
            2,
            0,
            39,
            23,
            2459,
            0,
            0,
            0
          ],
          [
            66,
            107,
            7,
            0,
            0,
            0,
            0,
            4074,
            4,
            320
          ],
          [
            332,
            1,
            12,
            1,
            0,
            2,
            17,
            12,
            2727,
            26
          ],
          [
            0,
            0,
            15,
            8,
            200,
            3,
            0,
            8,
            103,
            3818
          ]
        ],
        "class_labels": [
          0,
          1,
          2,
          3,
          4,
          5,
          6,
          7,
          8,
          9
        ]
      },
      "history": {
        "epochs_run": 23,
        "best_epoch": 2,
        "stopped_early": true,
        "final_train_loss": 0.04378679590939565,
        "final_val_loss": 0.3716554106496979
      },
      "cost": {
        "wall_time_seconds": 173.25,
        "gpu_memory_peak_mb": 307.87,
        "param_count": 300810,
        "trainable_params": 300554,
        "model_size_mb": 1.1475
      }
    },
    {
      "fold_idx": 1,
      "metrics": {
        "f1_macro": 0.9667931749710018,
        "f1_weighted": 0.9798158312481084,
        "accuracy": 0.9798993469534479,
        "auc_pr": 0.9385014599820358,
        "edr": 1.0,
        "confusion_matrix": [
          [
            5188,
            2,
            1,
            0,
            42,
            0,
            5,
            3,
            0,
            1
          ],
          [
            2,
            3868,
            0,
            0,
            0,
            1,
            0,
            137,
            0,
            0
          ],
          [
            26,
            9,
            262,
            2,
            1,
            0,
            0,
            0,
            21,
            0
          ],
          [
            1,
            0,
            5,
            2171,
            1,
            0,
            0,
            0,
            7,
            0
          ],
          [
            79,
            0,
            7,
            11,
            1431,
            0,
            8,
            0,
            0,
            4
          ],
          [
            0,
            0,
            0,
            0,
            0,
            5737,
            62,
            0,
            9,
            0
          ],
          [
            0,
            1,
            0,
            0,
            0,
            1,
            2553,
            0,
            0,
            0
          ],
          [
            12,
            141,
            2,
            0,
            0,
            0,
            1,
            4442,
            0,
            0
          ],
          [
            0,
            0,
            14,
            0,
            0,
            0,
            0,
            0,
            2927,
            26
          ],
          [
            0,
            0,
            0,
            6,
            7,
            10,
            0,
            0,
            3,
            4132
          ]
        ],
        "class_labels": [
          0,
          1,
          2,
          3,
          4,
          5,
          6,
          7,
          8,
          9
        ]
      },
      "history": {
        "epochs_run": 54,
        "best_epoch": 33,
        "stopped_early": true,
        "final_train_loss": 0.03174485435010865,
        "final_val_loss": 0.0851497148731663
      },
      "cost": {
        "wall_time_seconds": 407.18,
        "gpu_memory_peak_mb": 307.87,
        "param_count": 300810,
        "trainable_params": 300554,
        "model_size_mb": 1.1475
      }
    },
    {
      "fold_idx": 2,
      "metrics": {
        "f1_macro": 0.9412698306987567,
        "f1_weighted": 0.9618856212863494,
        "accuracy": 0.9618962698766533,
        "auc_pr": 0.8948823588901597,
        "edr": 1.0,