{
  "test_metrics": {
    "f1_macro": 0.913510781662118,
    "f1_weighted": 0.9269945204421736,
    "accuracy": 0.9261230880404673,
    "auc_pr": 0.9370809990977506,
    "edr": 0.9537037037037037,
    "confusion_matrix": [
      [
        5788,
        11,
        0,
        5,
        294,
        1,
        5,
        56,
        399,
        0
      ],
      [
        264,
        4523,
        4,
        0,
        64,
        0,
        0,
        61,
        0,
        0
      ],
      [
        1,
        14,
        330,
        0,
        37,
        0,
        0,
        0,
        16,
        0
      ],
      [
        0,
        106,
        0,
        2484,
        73,
        0,
        0,
        24,
        9,
        0
      ],
      [
        187,
        0,
        30,
        6,
        1674,
        0,
        0,
        17,
        0,
        0
      ],
      [
        0,
        0,
        0,
        2,
        4,
        7079,
        164,
        0,
        0,
        12
      ],
      [
        0,
        0,
        0,
        0,
        1,
        0,
        3141,
        17,
        0,
        0
      ],
      [
        356,
        0,
        0,
        0,
        11,
        0,
        0,
        5285,
        18,
        0
      ],
      [
        0,
        29,
        13,
        0,
        0,
        0,
        0,
        0,
        3689,
        0
      ],
      [
        1,
        73,
        0,
        45,
        17,
        0,
        0,
        130,
        490,
        4455
      ]
    ],
    "class_labels": [
      0,
      1,
      2,
      3,
      4,
      5,
      6,
      7,
      8,
      9
    ]
  },
  "cv_aggregate": {
    "accuracy_mean": 0.9371587888360153,
    "accuracy_std": 0.022228388665452608,
    "auc_pr_mean": 0.5786698097030616,
    "auc_pr_std": 0.4726084692315919,
    "edr_mean": 0.9862385589465209,
    "edr_std": 0.007907638328540696,
    "f1_macro_mean": 0.9091807774873495,
    "f1_macro_std": 0.038966209132004194,
    "f1_weighted_mean": 0.939290091990087,
    "f1_weighted_std": 0.01997736427407478
  },
  "cv_fold_results": [
    {
      "fold_idx": 0,
      "metrics": {
        "f1_macro": 0.9108130275458759,
        "f1_weighted": 0.9393581222942939,
        "accuracy": 0.9373190460555771,
        "auc_pr": 0.9549958151508591,
        "edr": 0.9770114942528736,
        "confusion_matrix": [
          [
            4814,
            9,
            0,
            0,
            400,
            0,
            0,
            4,
            0,
            16
          ],
          [
            0,
            3974,
            15,
            0,
            0,
            0,
            0,
            8,
            17,
            0
          ],
          [
            35,
            0,
            236,
            0,
            3,
            0,
            0,
            0,
            35,
            0
          ],
          [
            2,
            0,
            0,
            2046,
            122,
            0,
            0,
            0,
            0,
            0
          ],
          [
            79,
            0,
            1,
            0,
            1431,
            11,
            0,
            1,
            17,
            0
          ],
          [
            166,
            0,
            47,
            0,
            14,
            5461,
            13,
            55,
            20,
            30
          ],
          [
            42,
            1,
            0,
            0,
            2,
            3,
            2510,
            0,
            0,
            0
          ],
          [
            25,
            0,
            0,
            0,
            0,
            3,
            0,
            4121,
            1,
            428
          ],
          [
            3,
            0,
            46,
            0,
            1,
            0,
            0,
            9,
            3071,
            0
          ],
          [
            5,
            31,
            12,
            4,
            225,
            0,
            0,
            125,
            14,
            3739
          ]
        ],
        "class_labels": [
          0,
          1,
          2,
          3,
          4,
          5,
          6,
          7,
          8,
          9
        ]
      },
      "history": {
        "epochs_run": 32,
        "best_epoch": 11,
        "stopped_early": true,
        "final_train_loss": 0.09566832123999128,
        "final_val_loss": 0.3362867975168607
      },
      "cost": {
        "wall_time_seconds": 13683.59,
        "gpu_memory_peak_mb": 15906.14,
        "param_count": 187059,
        "trainable_params": 187059,
        "model_size_mb": 0.7136
      }
    },
    {
      "fold_idx": 1,
      "metrics": {
        "f1_macro": 0.9549784355429779,
        "f1_weighted": 0.9675335761442889,
        "accuracy": 0.9671080222874603,
        "auc_pr": 0.9844070738843209,
        "edr": 1.0,
        "confusion_matrix": [
          [
            4856,
            2,
            1,
            0,
            383,
            0,
            0,
            0,
            0,
            0
          ],
          [
            4,
            3861,
            0,
            0,
            3,
            0,
            0,
            140,
            0,
            0
          ],
          [
            31,
            4,
            271,
            0,
            0,
            0,
            0,
            0,
            15,
            0
          ],
          [
            1,
            0,
            0,
            2137,
            2,
            0,
            0,
            0,
            16,
            29
          ],
          [
            33,
            5,
            0,
            0,
            1458,
            0,
            1,
            0,
            0,
            43
          ],
          [
            0,
            0,
            2,
            0,
            9,
            5721,
            76,
            0,
            0,
            0
          ],
          [
            0,
            0,
            0,
            0,
            0,
            0,
            2555,
            0,
            0,
            0
          ],
          [
            129,
            99,
            0,
            0,
            0,
            0,
            0,
            4369,
            0,
            1
          ],
          [
            25,
            0,
            18,
            0,
            0,
            0,
            0,
            0,
            2924,
            0
          ],
          [
            2,
            12,
            0,
            0,
            4,
            3,
            0,
            0,
            5,
            4132
          ]
        ],
        "class_labels": [
          0,
          1,
          2,
          3,
          4,
          5,
          6,
          7,
          8,
          9
        ]
      },
      "history": {
        "epochs_run": 54,
        "best_epoch": 33,
        "stopped_early": true,
        "final_train_loss": 0.08683890858591548,
        "final_val_loss": 0.09239526499923063
      },
      "cost": {
        "wall_time_seconds": 23144.33,
        "gpu_memory_peak_mb": 15906.14,
        "param_count": 187059,
        "trainable_params": 187059,
        "model_size_mb": 0.7136
      }
    },
    {
      "fold_idx": 2,
      "metrics": {
        "f1_macro": 0.8371580274488377,
        "f1_weighted": 0.910750654300623,
        "accuracy": 0.9029870708872046,
        "auc_pr": 0.9539461594801277,
        "edr": 0.9847328244274809,