{
  "test_metrics": {
    "f1_macro": 0.8092461377356278,
    "f1_weighted": 0.8526728273318929,
    "accuracy": 0.8492111285077683,
    "auc_pr": 0.8620759100658001,
    "edr": 0.9814814814814815,
    "confusion_matrix": [
      [
        4949,
        51,
        54,
        2,
        835,
        3,
        18,
        200,
        445,
        2
      ],
      [
        281,
        3762,
        125,
        272,
        59,
        7,
        80,
        77,
        225,
        28
      ],
      [
        25,
        17,
        298,
        1,
        17,
        0,
        0,
        13,
        26,
        1
      ],
      [
        0,
        248,
        70,
        2311,
        13,
        0,
        0,
        0,
        45,
        9
      ],
      [
        318,
        4,
        16,
        84,
        1424,
        0,
        0,
        44,
        15,
        9
      ],
      [
        88,
        9,
        10,
        34,
        23,
        6605,
        419,
        26,
        40,
        7
      ],
      [
        17,
        0,
        0,
        0,
        1,
        29,
        3110,
        0,
        2,
        0
      ],
      [
        307,
        23,
        8,
        5,
        23,
        0,
        15,
        5209,
        62,
        18
      ],
      [
        11,
        114,
        27,
        18,
        34,
        11,
        10,
        33,
        3434,
        39
      ],
      [
        5,
        2,
        4,
        442,
        336,
        0,
        0,
        173,
        96,
        4153
      ]
    ],
    "class_labels": [
      0,
      1,
      2,
      3,
      4,
      5,
      6,
      7,
      8,
      9
    ]
  },
  "cv_aggregate": {
    "accuracy_mean": 0.6313375767875615,
    "accuracy_std": 0.38790951754639735,
    "auc_pr_mean": 0.5765156703227666,
    "auc_pr_std": 0.4708948002925732,
    "edr_mean": 0.595396359365825,
    "edr_std": 0.48616343506703175,
    "f1_macro_mean": 0.5634052196210506,
    "f1_macro_std": 0.4382171842814891,
    "f1_weighted_mean": 0.5859176438172906,
    "f1_weighted_std": 0.44394262076107716
  },
  "cv_fold_results": [
    {
      "fold_idx": 0,
      "metrics": {
        "f1_macro": 0.027063438806586487,
        "f1_weighted": 0.04235250862995343,
        "accuracy": 0.15649344834790915,
        "auc_pr": 0.0,
        "edr": 0.0,
        "confusion_matrix": [
          [
            5243,
            0,
            0,
            0,
            0,
            0,
            0,
            0,
            0,
            0
          ],
          [
            4014,
            0,
            0,
            0,
            0,
            0,
            0,
            0,
            0,
            0
          ],
          [
            309,
            0,
            0,
            0,
            0,
            0,
            0,
            0,
            0,
            0
          ],
          [
            2170,
            0,
            0,
            0,
            0,
            0,
            0,
            0,
            0,
            0
          ],
          [
            1540,
            0,
            0,
            0,
            0,
            0,
            0,
            0,
            0,
            0
          ],
          [
            5806,
            0,
            0,
            0,
            0,
            0,
            0,
            0,
            0,
            0
          ],
          [
            2558,
            0,
            0,
            0,
            0,
            0,
            0,
            0,
            0,
            0
          ],
          [
            4578,
            0,
            0,
            0,
            0,
            0,
            0,
            0,
            0,
            0
          ],
          [
            3130,
            0,
            0,
            0,
            0,
            0,
            0,
            0,
            0,
            0
          ],
          [
            4155,
            0,
            0,
            0,
            0,
            0,
            0,
            0,
            0,
            0
          ]
        ],
        "class_labels": [
          0,
          1,
          2,
          3,
          4,
          5,
          6,
          7,
          8,
          9
        ]
      },
      "history": {
        "epochs_run": 20,
        "best_epoch": 0,
        "stopped_early": true,
        "final_train_loss": 0.7964997229265899,
        "final_val_loss": NaN
      },
      "cost": {
        "wall_time_seconds": 814.83,
        "gpu_memory_peak_mb": 409.28,
        "param_count": 468818,
        "trainable_params": 468818,
        "model_size_mb": 1.7884
      }
    },
    {
      "fold_idx": 1,
      "metrics": {
        "f1_macro": 0.9425442019543533,
        "f1_weighted": 0.9585816172045549,
        "accuracy": 0.9584506620334312,
        "auc_pr": 0.9767104945344636,
        "edr": 1.0,
        "confusion_matrix": [
          [
            4863,
            12,
            8,
            5,
            256,
            13,
            6,
            65,
            0,
            14
          ],
          [
            2,
            3787,
            12,
            35,
            0,
            0,
            2,
            152,
            18,
            0
          ],
          [
            25,
            7,
            270,
            1,
            0,
            0,
            0,
            8,
            10,
            0
          ],
          [
            0,
            28,
            0,
            2123,
            25,
            1,
            0,
            0,
            0,
            8
          ],
          [
            218,
            6,
            4,
            4,
            1290,
            2,
            6,
            5,
            0,
            5
          ],
          [
            32,
            0,
            0,
            0,
            8,
            5679,
            84,
            2,
            3,
            0
          ],
          [
            0,
            1,
            0,
            1,
            0,
            17,
            2536,
            0,
            0,
            0
          ],
          [
            9,
            118,
            1,
            0,
            8,
            0,
            0,
            4460,
            2,
            0
          ],
          [
            0,
            33,
            6,
            5,
            0,
            1,
            0,
            3,
            2911,
            8
          ],
          [
            3,
            0,
            5,
            7,
            19,
            5,
            0,
            43,
            0,
            4076
          ]
        ],
        "class_labels": [
          0,
          1,
          2,
          3,
          4,
          5,
          6,
          7,
          8,
          9
        ]
      },
      "history": {
        "epochs_run": 100,
        "best_epoch": 95,
        "stopped_early": false,
        "final_train_loss": 0.6651048405109271,
        "final_val_loss": 0.11815123523320885
      },
      "cost": {
        "wall_time_seconds": 4512.39,
        "gpu_memory_peak_mb": 262.92,
        "param_count": 468818,
        "trainable_params": 468818,
        "model_size_mb": 1.7884
      }
    },
    {
      "fold_idx": 2,
      "metrics": {
        "f1_macro": 0.9261811027142729,
        "f1_weighted": 0.9499046598397872,
        "accuracy": 0.9495615990488928,
        "auc_pr": 0.9676244168492337,
        "edr": 0.9923664122137404,