{
  "test_metrics": {
    "f1_macro": 0.02728709905562258,
    "f1_weighted": 0.04311118456120162,
    "accuracy": 0.15799108755871372,
    "auc_pr": 0.1,
    "edr": 0.1,
    "confusion_matrix": [
      [
        6559,
        0,
        0,
        0,
        0,
        0,
        0,
        0,
        0,
        0
      ],
      [
        4916,
        0,
        0,
        0,
        0,
        0,
        0,
        0,
        0,
        0
      ],
      [
        398,
        0,
        0,
        0,
        0,
        0,
        0,
        0,
        0,
        0
      ],
      [
        2696,
        0,
        0,
        0,
        0,
        0,
        0,
        0,
        0,
        0
      ],
      [
        1914,
        0,
        0,
        0,
        0,
        0,
        0,
        0,
        0,
        0
      ],
      [
        7261,
        0,
        0,
        0,
        0,
        0,
        0,
        0,
        0,
        0
      ],
      [
        3159,
        0,
        0,
        0,
        0,
        0,
        0,
        0,
        0,
        0
      ],
      [
        5670,
        0,
        0,
        0,
        0,
        0,
        0,
        0,
        0,
        0
      ],
      [
        3731,
        0,
        0,
        0,
        0,
        0,
        0,
        0,
        0,
        0
      ],
      [
        5211,
        0,
        0,
        0,
        0,
        0,
        0,
        0,
        0,
        0
      ]
    ],
    "class_labels": [
      0,
      1,
      2,
      3,
      4,
      5,
      6,
      7,
      8,
      9
    ]
  },
  "cv_aggregate": {
    "accuracy_mean": 0.6306056490691407,
    "accuracy_std": 0.3872819223825484,
    "auc_pr_mean": 0.5558223701514071,
    "auc_pr_std": 0.372529407988915,
    "edr_mean": 0.64,
    "edr_std": 0.440908153700972,
    "f1_macro_mean": 0.5630811105572838,
    "f1_macro_std": 0.43779677082850466,
    "f1_weighted_mean": 0.5851145675858531,
    "f1_weighted_std": 0.4432618917887328
  },
  "cv_fold_results": [
    {
      "fold_idx": 0,
      "metrics": {
        "f1_macro": 0.027063438806586487,
        "f1_weighted": 0.04235250862995343,
        "accuracy": 0.15649344834790915,
        "auc_pr": 0.1,
        "edr": 0.1,
        "confusion_matrix": [
          [
            5243,
            0,
            0,
            0,
            0,
            0,
            0,
            0,
            0,
            0
          ],
          [
            4014,
            0,
            0,
            0,
            0,
            0,
            0,
            0,
            0,
            0
          ],
          [
            309,
            0,
            0,
            0,
            0,
            0,
            0,
            0,
            0,
            0
          ],
          [
            2170,
            0,
            0,
            0,
            0,
            0,
            0,
            0,
            0,
            0
          ],
          [
            1540,
            0,
            0,
            0,
            0,
            0,
            0,
            0,
            0,
            0
          ],
          [
            5806,
            0,
            0,
            0,
            0,
            0,
            0,
            0,
            0,
            0
          ],
          [
            2558,
            0,
            0,
            0,
            0,
            0,
            0,
            0,
            0,
            0
          ],
          [
            4578,
            0,
            0,
            0,
            0,
            0,
            0,
            0,
            0,
            0
          ],
          [
            3130,
            0,
            0,
            0,
            0,
            0,
            0,
            0,
            0,
            0
          ],
          [
            4155,
            0,
            0,
            0,
            0,
            0,
            0,
            0,
            0,
            0
          ]
        ],
        "class_labels": [
          0,
          1,
          2,
          3,
          4,
          5,
          6,
          7,
          8,
          9
        ]
      },
      "history": {
        "epochs_run": 20,
        "best_epoch": 0,
        "stopped_early": true,
        "final_train_loss": 0.7392792907044295,
        "final_val_loss": NaN
      },
      "cost": {
        "wall_time_seconds": 595.01,
        "gpu_memory_peak_mb": 363.13,
        "param_count": 468818,
        "trainable_params": 468818,
        "model_size_mb": 1.7884
      }
    },
    {
      "fold_idx": 1,
      "metrics": {
        "f1_macro": 0.938696356371814,
        "f1_weighted": 0.9564049405691359,
        "accuracy": 0.9563237672997423,
        "auc_pr": 0.8886292142456884,
        "edr": 1.0,
        "confusion_matrix": [
          [
            4882,
            20,
            16,
            3,
            236,
            9,
            7,
            49,
            0,
            20
          ],
          [
            0,
            3739,
            15,
            37,
            0,
            0,
            29,
            174,
            14,
            0
          ],
          [
            26,
            10,
            268,
            0,
            0,
            0,
            0,
            9,
            8,
            0
          ],
          [
            0,
            31,
            0,
            2130,
            18,
            0,
            0,
            0,
            3,
            3
          ],
          [
            213,
            7,
            3,
            3,
            1293,
            0,
            8,
            8,
            0,
            5
          ],
          [
            22,
            8,
            0,
            0,
            3,
            5645,
            121,
            3,
            6,
            0
          ],
          [
            0,
            1,
            1,
            0,
            0,
            47,
            2506,
            0,
            0,
            0
          ],
          [
            6,
            123,
            1,
            0,
            7,
            0,
            1,
            4458,
            1,
            1
          ],
          [
            0,
            22,
            12,
            5,
            0,
            1,
            0,
            5,
            2910,
            12
          ],
          [
            1,
            0,
            3,
            9,
            17,
            4,
            0,
            31,
            0,
            4093
          ]
        ],
        "class_labels": [
          0,
          1,
          2,
          3,
          4,
          5,
          6,
          7,
          8,
          9
        ]
      },
      "history": {
        "epochs_run": 100,
        "best_epoch": 81,
        "stopped_early": false,
        "final_train_loss": 0.6385489545122394,
        "final_val_loss": 0.1277230130114114
      },
      "cost": {
        "wall_time_seconds": 2990.9,
        "gpu_memory_peak_mb": 215.8,
        "param_count": 468818,
        "trainable_params": 468818,
        "model_size_mb": 1.7884
      }
    },
    {
      "fold_idx": 2,
      "metrics": {
        "f1_macro": 0.9148753825985978,
        "f1_weighted": 0.9434088970302111,
        "accuracy": 0.9431119037004012,
        "auc_pr": 0.850517789728596,
        "edr": 1.0,