{
  "lstm": {
    "status": "ok",
    "elapsed": 17172.5,
    "best_params": {
      "hidden_size": 256,
      "num_layers": 3,
      "dropout": 0.42464514302868617,
      "lr": 0.007578216666194577
    },
    "test_metrics": {
      "mae": 2.251637063019922,
      "rmse": 5.317482000508513,
      "r2": -0.04268366478942642,
      "r2_prod": -0.04287570797480833,
      "mase": 1.6787740316533637
    }
  }
}