{
  "deeponet": {
    "status": "ok",
    "elapsed": 9113.0,
    "best_params": {
      "rank": 128,
      "lr": 0.0004045698233546004,
      "dropout": 0.2623028998028244,
      "branch_width": 256,
      "branch_type": "conv1d",
      "loss_type": "focal",
      "focal_gamma": 3.942355198420824
    },
    "test_metrics": {
      "mae": 2.118739148455689,
      "rmse": 4.833972746661831,
      "r2": 0.19180745265142807,
      "r2_prod": 0.1915925449687138,
      "mase": 3.7320112046983818
    }
  }
}