{
  "lstm": {
    "status": "ok",
    "elapsed": 855.1,
    "best_params": {
      "hidden_size": 128,
      "num_layers": 2,
      "dropout": 0.35545263347591405,
      "lr": 1.0850719305951919e-05
    },
    "test_metrics": {
      "mae": 2.2435754486673276,
      "rmse": 4.821988618380543,
      "r2": 0.19580974137040152,
      "r2_prod": 0.1958032904136614,
      "mase": 3.95190163881931
    }
  }
}