{
  "lstm": {
    "status": "ok",
    "elapsed": 15341.9,
    "best_params": {
      "hidden_size": 256,
      "num_layers": 2,
      "dropout": 0.4858420876126369,
      "lr": 0.0002188619087869503
    },
    "test_metrics": {
      "mae": 2.815743738277646,
      "rmse": 5.818924542414013,
      "r2": -0.19491672666831428,
      "r2_prod": -0.1900901142468432,
      "mase": 2.090022366522808
    }
  }
}