{
  "lstm": {
    "status": "ok",
    "elapsed": 5606.6,
    "best_params": {
      "hidden_size": 256,
      "num_layers": 2,
      "dropout": 0.17310662280639566,
      "lr": 0.006104469154991706
    },
    "test_metrics": {
      "mae": 7.536750652416034,
      "rmse": 12.448480133418204,
      "r2": -0.24085520141217454,
      "r2_prod": -0.24085520141217454,
      "mase": 8.412990267566125
    }
  }
}