{
  "patchtst": {
    "status": "ok",
    "elapsed": 200470.8,
    "best_params": {
      "d_model": 128,
      "n_heads": 16,
      "n_layers": 4,
      "lr": 0.0005848962438318827,
      "dropout": 0.2237137389438221
    },
    "test_metrics": {
      "mae": 3.6034868466861214,
      "rmse": 6.608726457125604,
      "r2": -0.510573977038673,
      "r2_prod": -0.5094099001957308,
      "mase": 6.34729069768595
    }
  }
}