{
  "hpo": {
    "best_params": {
      "rank": 128,
      "lr": 0.0004045698233546004,
      "dropout": 0.2623028998028244,
      "branch_width": 256,
      "branch_type": "conv1d",
      "loss_type": "focal",
      "focal_gamma": 3.942355198420824
    },
    "best_value": 1.0259521712671595,
    "n_trials": 30
  },
  "test_metrics": {
    "mae": 2.118739148455689,
    "rmse": 4.833972746661831,
    "r2": 0.19180745265142807,
    "r2_prod": 0.1915925449687138,
    "mase": 3.7320112046983818
  },
  "cv_aggregate": {
    "mae_mean": 1.1023817596304346,
    "mae_std": 0.22037835111500625,
    "mase_mean": 3.2923114405841027,
    "mase_std": 0.5269419662381557,
    "r2_mean": 0.46999553944309663,
    "r2_std": 0.044391628969098484,
    "r2_prod_mean": 0.47026785712533536,
    "r2_prod_std": 0.04419512225619878,
    "rmse_mean": 2.9073305301990953,
    "rmse_std": 0.3362461659771834
  },
  "baseline_kwargs": {
    "task": "forecasting",
    "n_vars": 67,
    "window_size": 90,
    "rank": 128,
    "branch_hidden": [
      128,
      128
    ],
    "dropout": 0.2
  },
  "best_kwargs": {
    "task": "forecasting",
    "n_vars": 67,
    "window_size": 90,
    "rank": 128,
    "branch_hidden": [
      256,
      256
    ],
    "dropout": 0.2623028998028244,
    "horizon": 7,
    "branch_type": "conv1d",
    "loss_type": "focal",
    "focal_gamma": 3.942355198420824
  }
}