{
  "hpo": {
    "best_params": {
      "hidden_size": 256,
      "num_layers": 3,
      "dropout": 0.42464514302868617,
      "lr": 0.007578216666194577
    },
    "best_value": 1.0982282692867738,
    "n_trials": 30
  },
  "test_metrics": {
    "mae": 2.251637063019922,
    "rmse": 5.317482000508513,
    "r2": -0.04268366478942642,
    "r2_prod": -0.04287570797480833,
    "mase": 1.6787740316533637
  },
  "cv_aggregate": {
    "mae_mean": 1.2214215438719436,
    "mae_std": 0.06580167958868645,
    "mase_mean": 1.5539155236801678,
    "mase_std": 0.11048069756505514,
    "r2_mean": 0.1741993496579809,
    "r2_std": 0.11134817008460611,
    "r2_prod_mean": 0.1742259379655022,
    "r2_prod_std": 0.11133973011338512,
    "rmse_mean": 3.4300864799011084,
    "rmse_std": 0.3223276986461299
  },
  "baseline_kwargs": {
    "task": "forecasting",
    "n_vars": 67,
    "window_size": 90,
    "hidden_size": 256,
    "num_layers": 2,
    "dropout": 0.3,
    "bidirectional": true
  },
  "best_kwargs": {
    "task": "forecasting",
    "n_vars": 67,
    "window_size": 90,
    "hidden_size": 256,
    "num_layers": 3,
    "dropout": 0.42464514302868617,
    "bidirectional": true,
    "horizon": 90
  }
}