{
  "test_metrics": {
    "f1_macro": 0.9636967007340864,
    "f1_weighted": 0.9661210682987472,
    "accuracy": 0.9658195832831507,
    "auc_pr": 0.9854577299679986,
    "edr": 1.0,
    "confusion_matrix": [
      [
        6151,
        0,
        0,
        0,
        12,
        0,
        0,
        0,
        396,
        0
      ],
      [
        277,
        4594,
        0,
        0,
        31,
        0,
        14,
        0,
        0,
        0
      ],
      [
        0,
        0,
        371,
        0,
        0,
        0,
        0,
        0,
        27,
        0
      ],
      [
        0,
        113,
        0,
        2412,
        0,
        0,
        0,
        0,
        171,
        0
      ],
      [
        108,
        0,
        0,
        14,
        1791,
        0,
        0,
        0,
        0,
        1
      ],
      [
        0,
        0,
        0,
        0,
        0,
        7243,
        18,
        0,
        0,
        0
      ],
      [
        0,
        0,
        0,
        0,
        0,
        0,
        3159,
        0,
        0,
        0
      ],
      [
        213,
        0,
        0,
        0,
        0,
        0,
        0,
        5457,
        0,
        0
      ],
      [
        4,
        0,
        0,
        0,
        0,
        0,
        0,
        0,
        3707,
        20
      ],
      [
        0,
        0,
        0,
        0,
        0,
        0,
        0,
        0,
        0,
        5211
      ]
    ],
    "class_labels": [
      0,
      1,
      2,
      3,
      4,
      5,
      6,
      7,
      8,
      9
    ]
  },
  "cv_aggregate": {
    "f1_macro_mean": 0.9665176692425048,
    "f1_macro_std": 0.012885042906701151,
    "f1_weighted_mean": 0.9787223989004941,
    "f1_weighted_std": 0.016354525339734974,
    "accuracy_mean": 0.9788691704229248,
    "accuracy_std": 0.01627264918886052,
    "auc_pr_mean": 0.9886635954172899,
    "auc_pr_std": 0.00531525578453458,
    "edr_mean": 1.0,
    "edr_std": 0.0
  },
  "cv_fold_results": [
    {
      "fold_idx": 0,
      "metrics": {
        "f1_macro": 0.962264156789705,
        "f1_weighted": 0.9795267567746105,
        "accuracy": 0.9792555890517267,
        "auc_pr": 0.9905984471492537,
        "edr": 1.0,
        "confusion_matrix": [
          [
            5202,
            0,
            0,
            0,
            41,
            0,
            0,
            0,
            0,
            0
          ],
          [
            0,
            3995,
            1,
            0,
            0,
            0,
            0,
            0,
            18,
            0
          ],
          [
            10,
            0,
            281,
            0,
            0,
            0,
            0,
            0,
            18,
            0
          ],
          [
            0,
            0,
            0,
            2096,
            74,
            0,
            0,
            0,
            0,
            0
          ],
          [
            61,
            0,
            28,
            2,
            1449,
            0,
            0,
            0,
            0,
            0
          ],
          [
            271,
            3,
            76,
            0,
            0,
            5450,
            3,
            0,
            0,
            3
          ],
          [
            21,
            1,
            0,
            0,
            0,
            3,
            2533,
            0,
            0,
            0
          ],
          [
            9,
            9,
            0,
            0,
            0,
            0,
            0,
            4544,
            0,
            16
          ],
          [
            0,
            0,
            0,
            0,
            0,
            0,
            0,
            0,
            3130,
            0
          ],
          [
            0,
            0,
            0,
            0,
            23,
            1,
            0,
            3,
            0,
            4128
          ]
        ],
        "class_labels": [
          0,
          1,
          2,
          3,
          4,
          5,
          6,
          7,
          8,
          9
        ]
      }
    },
    {
      "fold_idx": 1,
      "metrics": {
        "f1_macro": 0.985977691094179,
        "f1_weighted": 0.9943659100357868,
        "accuracy": 0.9944281349230124,
        "auc_pr": 0.9982280883355322,
        "edr": 1.0,
        "confusion_matrix": [
          [
            5210,
            0,
            0,
            0,
            32,
            0,
            0,
            0,
            0,
            0
          ],
          [
            0,
            3991,
            0,
            0,
            0,
            0,
            0,
            17,
            0,
            0
          ],
          [
            26,
            0,
            268,
            0,
            0,
            0,
            0,
            0,
            27,
            0
          ],
          [
            0,
            0,
            0,
            2185,
            0,
            0,
            0,
            0,
            0,
            0
          ],
          [
            28,
            0,
            0,
            0,
            1512,
            0,
            0,
            0,
            0,
            0
          ],
          [
            0,
            0,
            0,
            0,
            0,
            5777,
            22,
            0,
            9,
            0
          ],
          [
            0,
            0,
            0,
            0,
            0,
            0,
            2555,
            0,
            0,
            0
          ],
          [
            12,
            10,
            0,
            0,
            0,
            0,
            0,
            4576,
            0,
            0
          ],
          [
            0,
            0,
            0,
            0,
            0,
            0,
            0,
            0,
            2967,
            0
          ],
          [
            0,
            0,
            0,
            0,
            0,
            0,
            0,
            0,
            3,
            4155
          ]
        ],
        "class_labels": [
          0,
          1,
          2,
          3,
          4,
          5,
          6,
          7,
          8,
          9
        ]
      }
    },
    {
      "fold_idx": 2,
      "metrics": {
        "f1_macro": 0.9729470519923146,
        "f1_weighted": 0.9884598464727471,
        "accuracy": 0.9886461584187843,
        "auc_pr": 0.9841659327164042,
        "edr": 1.0,