{
  "test_metrics": {
    "f1_macro": 0.9612845352175453,
    "f1_weighted": 0.9671716128539305,
    "accuracy": 0.9669998795616043,
    "auc_pr": 0.9287980580596296,
    "edr": 1.0,
    "confusion_matrix": [
      [
        6104,
        2,
        3,
        0,
        34,
        0,
        3,
        17,
        396,
        0
      ],
      [
        277,
        4583,
        0,
        5,
        43,
        0,
        3,
        5,
        0,
        0
      ],
      [
        7,
        2,
        349,
        0,
        8,
        1,
        4,
        0,
        27,
        0
      ],
      [
        0,
        30,
        9,
        2654,
        0,
        0,
        0,
        3,
        0,
        0
      ],
      [
        117,
        1,
        2,
        22,
        1767,
        0,
        1,
        1,
        0,
        3
      ],
      [
        0,
        0,
        0,
        0,
        0,
        7217,
        34,
        0,
        0,
        10
      ],
      [
        0,
        0,
        0,
        0,
        0,
        3,
        3156,
        0,
        0,
        0
      ],
      [
        215,
        12,
        1,
        0,
        4,
        1,
        0,
        5436,
        1,
        0
      ],
      [
        7,
        4,
        0,
        3,
        4,
        2,
        9,
        3,
        3692,
        7
      ],
      [
        0,
        1,
        3,
        4,
        0,
        16,
        0,
        0,
        0,
        5187
      ]
    ],
    "class_labels": [
      0,
      1,
      2,
      3,
      4,
      5,
      6,
      7,
      8,
      9
    ]
  },
  "cv_aggregate": {
    "accuracy_mean": 0.9598710302484749,
    "accuracy_std": 0.01710097887221138,
    "auc_pr_mean": 0.8861306785298673,
    "auc_pr_std": 0.03436530837493679,
    "edr_mean": 1.0,
    "edr_std": 0.0,
    "f1_macro_mean": 0.9343037828965312,
    "f1_macro_std": 0.02141989559527831,
    "f1_weighted_mean": 0.9602808734383178,
    "f1_weighted_std": 0.01668662504774266
  },
  "cv_fold_results": [
    {
      "fold_idx": 0,
      "metrics": {
        "f1_macro": 0.9327433627488059,
        "f1_weighted": 0.9615166459112511,
        "accuracy": 0.9606602393815479,
        "auc_pr": 0.8809015399549158,
        "edr": 1.0,
        "confusion_matrix": [
          [
            5061,
            1,
            0,
            0,
            169,
            0,
            1,
            7,
            0,
            4
          ],
          [
            3,
            3891,
            10,
            69,
            1,
            1,
            3,
            6,
            29,
            1
          ],
          [
            29,
            3,
            259,
            0,
            3,
            0,
            0,
            1,
            14,
            0
          ],
          [
            0,
            0,
            1,
            2085,
            77,
            0,
            0,
            1,
            6,
            0
          ],
          [
            64,
            0,
            6,
            26,
            1422,
            0,
            1,
            2,
            0,
            19
          ],
          [
            10,
            0,
            72,
            0,
            10,
            5671,
            13,
            1,
            0,
            29
          ],
          [
            14,
            0,
            0,
            0,
            62,
            13,
            2469,
            0,
            0,
            0
          ],
          [
            14,
            111,
            5,
            1,
            45,
            5,
            0,
            4242,
            0,
            155
          ],
          [
            4,
            1,
            34,
            1,
            2,
            7,
            73,
            6,
            2997,
            5
          ],
          [
            1,
            2,
            0,
            0,
            60,
            1,
            0,
            2,
            1,
            4088
          ]
        ],
        "class_labels": [
          0,
          1,
          2,
          3,
          4,
          5,
          6,
          7,
          8,
          9
        ]
      },
      "history": {
        "epochs_run": 24,
        "best_epoch": 3,
        "stopped_early": true,
        "final_train_loss": 0.022328453059601492,
        "final_val_loss": 0.4121441941647411
      },
      "cost": {
        "wall_time_seconds": 316.08,
        "gpu_memory_peak_mb": 290.11,
        "param_count": 1002715,
        "trainable_params": 1002715,
        "model_size_mb": 3.8251
      }
    },
    {
      "fold_idx": 1,
      "metrics": {
        "f1_macro": 0.9692107477681589,
        "f1_weighted": 0.9818203084902067,
        "accuracy": 0.9818165478401534,
        "auc_pr": 0.9427581605782427,
        "edr": 1.0,
        "confusion_matrix": [
          [
            5121,
            11,
            16,
            2,
            70,
            0,
            1,
            21,
            0,
            0
          ],
          [
            0,
            3892,
            1,
            0,
            0,
            0,
            0,
            115,
            0,
            0
          ],
          [
            25,
            10,
            270,
            0,
            0,
            0,
            0,
            0,
            16,
            0
          ],
          [
            0,
            0,
            0,
            2129,
            11,
            0,
            1,
            0,
            44,
            0
          ],
          [
            19,
            1,
            10,
            0,
            1489,
            0,
            16,
            2,
            0,
            3
          ],
          [
            0,
            4,
            0,
            0,
            3,
            5776,
            20,
            2,
            3,
            0
          ],
          [
            0,
            0,
            0,
            0,
            0,
            6,
            2549,
            0,
            0,
            0
          ],
          [
            0,
            150,
            3,
            0,
            0,
            0,
            0,
            4445,
            0,
            0
          ],
          [
            0,
            1,
            5,
            1,
            0,
            0,
            0,
            0,
            2954,
            6
          ],
          [
            0,
            0,
            1,
            0,
            4,
            3,
            0,
            0,
            0,
            4150
          ]
        ],
        "class_labels": [
          0,
          1,
          2,
          3,
          4,
          5,
          6,
          7,
          8,
          9
        ]
      },
      "history": {
        "epochs_run": 38,
        "best_epoch": 17,
        "stopped_early": true,
        "final_train_loss": 0.012826749706070537,
        "final_val_loss": 0.11593404543936273
      },
      "cost": {
        "wall_time_seconds": 499.9,
        "gpu_memory_peak_mb": 290.1,
        "param_count": 1002715,
        "trainable_params": 1002715,
        "model_size_mb": 3.8251
      }
    },
    {
      "fold_idx": 2,
      "metrics": {
        "f1_macro": 0.9392719875377878,
        "f1_weighted": 0.9666334054247879,
        "accuracy": 0.9664437509288156,
        "auc_pr": 0.8941704096572518,
        "edr": 1.0,