{
  "test_metrics": {
    "f1_macro": 0.9604909204866743,
    "f1_weighted": 0.966338693448274,
    "accuracy": 0.9661808984704324,
    "auc_pr": 0.927233461527209,
    "edr": 1.0,
    "confusion_matrix": [
      [
        6109,
        1,
        1,
        1,
        46,
        0,
        4,
        1,
        396,
        0
      ],
      [
        275,
        4567,
        6,
        11,
        40,
        0,
        3,
        13,
        1,
        0
      ],
      [
        0,
        0,
        358,
        0,
        14,
        0,
        4,
        0,
        22,
        0
      ],
      [
        0,
        23,
        9,
        2653,
        0,
        1,
        0,
        9,
        1,
        0
      ],
      [
        113,
        0,
        2,
        17,
        1765,
        0,
        4,
        2,
        2,
        9
      ],
      [
        0,
        1,
        0,
        0,
        5,
        7215,
        32,
        0,
        0,
        8
      ],
      [
        0,
        0,
        0,
        0,
        0,
        0,
        3159,
        0,
        0,
        0
      ],
      [
        217,
        16,
        2,
        0,
        11,
        5,
        1,
        5398,
        1,
        19
      ],
      [
        0,
        1,
        4,
        2,
        2,
        1,
        7,
        1,
        3684,
        29
      ],
      [
        0,
        0,
        1,
        1,
        3,
        2,
        0,
        0,
        1,
        5203
      ]
    ],
    "class_labels": [
      0,
      1,
      2,
      3,
      4,
      5,
      6,
      7,
      8,
      9
    ]
  },
  "cv_aggregate": {
    "accuracy_mean": 0.9543275385858084,
    "accuracy_std": 0.019493581785222862,
    "auc_pr_mean": 0.8772139699505713,
    "auc_pr_std": 0.03937445328981945,
    "edr_mean": 1.0,
    "edr_std": 0.0,
    "f1_macro_mean": 0.9288933041019641,
    "f1_macro_std": 0.024420523375526464,
    "f1_weighted_mean": 0.9547714220413331,
    "f1_weighted_std": 0.019087261773135304
  },
  "cv_fold_results": [
    {
      "fold_idx": 0,
      "metrics": {
        "f1_macro": 0.9041924087629859,
        "f1_weighted": 0.9401769330190263,
        "accuracy": 0.9391994746739099,
        "auc_pr": 0.8406122146103356,
        "edr": 1.0,
        "confusion_matrix": [
          [
            5030,
            1,
            20,
            0,
            179,
            0,
            0,
            9,
            0,
            4
          ],
          [
            3,
            3977,
            16,
            5,
            0,
            0,
            0,
            2,
            11,
            0
          ],
          [
            29,
            1,
            239,
            2,
            0,
            0,
            0,
            0,
            38,
            0
          ],
          [
            1,
            0,
            0,
            2057,
            112,
            0,
            0,
            0,
            0,
            0
          ],
          [
            66,
            3,
            33,
            7,
            1428,
            0,
            3,
            0,
            0,
            0
          ],
          [
            118,
            0,
            98,
            1,
            1,
            5544,
            14,
            5,
            3,
            22
          ],
          [
            29,
            0,
            10,
            0,
            13,
            3,
            2503,
            0,
            0,
            0
          ],
          [
            31,
            466,
            58,
            0,
            1,
            0,
            1,
            3636,
            0,
            385
          ],
          [
            2,
            0,
            13,
            0,
            1,
            6,
            14,
            5,
            3087,
            2
          ],
          [
            0,
            0,
            8,
            0,
            168,
            1,
            0,
            11,
            2,
            3965
          ]
        ],
        "class_labels": [
          0,
          1,
          2,
          3,
          4,
          5,
          6,
          7,
          8,
          9
        ]
      },
      "history": {
        "epochs_run": 27,
        "best_epoch": 6,
        "stopped_early": true,
        "final_train_loss": 0.017883489816821713,
        "final_val_loss": 0.4007820142228131
      },
      "cost": {
        "wall_time_seconds": 144.28,
        "gpu_memory_peak_mb": 159.21,
        "param_count": 264660,
        "trainable_params": 264660,
        "model_size_mb": 1.0096
      }
    },
    {
      "fold_idx": 1,
      "metrics": {
        "f1_macro": 0.9649061805264141,
        "f1_weighted": 0.9796721512009685,
        "accuracy": 0.9797495656341741,
        "auc_pr": 0.9354678299605951,
        "edr": 1.0,
        "confusion_matrix": [
          [
            5195,
            2,
            8,
            0,
            25,
            0,
            0,
            12,
            0,
            0
          ],
          [
            2,
            3868,
            0,
            1,
            0,
            0,
            0,
            137,
            0,
            0
          ],
          [
            26,
            8,
            257,
            0,
            2,
            0,
            0,
            0,
            28,
            0
          ],
          [
            0,
            1,
            0,
            2157,
            17,
            0,
            0,
            0,
            10,
            0
          ],
          [
            86,
            4,
            16,
            1,
            1425,
            0,
            8,
            0,
            0,
            0
          ],
          [
            0,
            9,
            0,
            0,
            1,
            5775,
            22,
            0,
            1,
            0
          ],
          [
            0,
            0,
            0,
            0,
            0,
            5,
            2550,
            0,
            0,
            0
          ],
          [
            6,
            198,
            2,
            0,
            0,
            1,
            0,
            4391,
            0,
            0
          ],
          [
            0,
            3,
            8,
            0,
            0,
            0,
            0,
            0,
            2940,
            16
          ],
          [
            0,
            0,
            4,
            0,
            2,
            3,
            0,
            0,
            1,
            4148
          ]
        ],
        "class_labels": [
          0,
          1,
          2,
          3,
          4,
          5,
          6,
          7,
          8,
          9
        ]
      },
      "history": {
        "epochs_run": 35,
        "best_epoch": 14,
        "stopped_early": true,
        "final_train_loss": 0.01138368720399351,
        "final_val_loss": 0.11729062801094127
      },
      "cost": {
        "wall_time_seconds": 188.2,
        "gpu_memory_peak_mb": 159.2,
        "param_count": 264660,
        "trainable_params": 264660,
        "model_size_mb": 1.0096
      }
    },
    {
      "fold_idx": 2,
      "metrics": {
        "f1_macro": 0.9479665508285745,
        "f1_weighted": 0.9682949943316493,
        "accuracy": 0.9681973547332442,
        "auc_pr": 0.9072775603457502,
        "edr": 1.0,