model,scenario_count,mean_mase,median_mase,mean_rank
lstm,8,0.1079712822960251,0.10405545447951497,1.875
patchtst,8,0.11983923164298717,0.10713821914472443,3.0
tcn,8,0.149758375130391,0.13565043404551513,3.75
tirex,8,0.20745875166205716,0.21039416493864,3.75
deeponet,8,0.17225901712031877,0.16219171523470344,4.75
chronos,8,0.3368958790510449,0.21910426199989602,5.25
timesfm,8,0.23023531064499506,0.22802909774753172,5.625
