model,scenario_count,mean_mase,median_mase,mean_rank
tirex,8,0.19962755092879192,0.19360072258506847,1.0
timesfm,8,0.2216027946675223,0.2167323562003189,2.75
chronos,8,0.30522240309105303,0.21172210579149042,2.75
lstm,8,0.5221046219690536,0.460125835868608,3.875
tcn,8,0.736333244182043,0.6143913089335145,4.875
deeponet,8,0.8783432164011223,0.7489010004131527,5.75
patchtst,8,1.0751929582270703,1.0325599524910647,7.0
