{
  "test_metrics": {
    "f1_macro": 0.9380450462487936,
    "f1_weighted": 0.9487686542961933,
    "accuracy": 0.9486209803685415,
    "auc_pr": 0.8875449943572468,
    "edr": 1.0,
    "confusion_matrix": [
      [
        5880,
        8,
        8,
        4,
        211,
        15,
        3,
        32,
        397,
        1
      ],
      [
        304,
        4479,
        6,
        81,
        7,
        12,
        2,
        11,
        12,
        2
      ],
      [
        12,
        14,
        346,
        0,
        2,
        11,
        0,
        0,
        13,
        0
      ],
      [
        0,
        128,
        13,
        2552,
        0,
        0,
        0,
        0,
        1,
        2
      ],
      [
        229,
        5,
        3,
        51,
        1621,
        0,
        0,
        3,
        0,
        2
      ],
      [
        82,
        0,
        0,
        0,
        4,
        7082,
        64,
        11,
        0,
        18
      ],
      [
        0,
        0,
        0,
        0,
        0,
        10,
        3148,
        1,
        0,
        0
      ],
      [
        232,
        12,
        0,
        0,
        7,
        1,
        0,
        5399,
        1,
        18
      ],
      [
        1,
        12,
        13,
        4,
        0,
        0,
        0,
        3,
        3687,
        11
      ],
      [
        19,
        0,
        0,
        1,
        0,
        2,
        0,
        1,
        0,
        5188
      ]
    ],
    "class_labels": [
      0,
      1,
      2,
      3,
      4,
      5,
      6,
      7,
      8,
      9
    ]
  },
  "cv_aggregate": {
    "accuracy_mean": 0.9355366362135559,
    "accuracy_std": 0.01850087494656531,
    "auc_pr_mean": 0.8414692584993085,
    "auc_pr_std": 0.0326099718449987,
    "edr_mean": 1.0,
    "edr_std": 0.0,
    "f1_macro_mean": 0.9091963181656142,
    "f1_macro_std": 0.020220825353258087,
    "f1_weighted_mean": 0.9360176063807295,
    "f1_weighted_std": 0.017995437052217855
  },
  "cv_fold_results": [
    {
      "fold_idx": 0,
      "metrics": {
        "f1_macro": 0.8957041607534354,
        "f1_weighted": 0.9286961948332202,
        "accuracy": 0.9269916126914007,
        "auc_pr": 0.819574866059711,
        "edr": 1.0,
        "confusion_matrix": [
          [
            4796,
            8,
            10,
            6,
            338,
            18,
            0,
            38,
            0,
            29
          ],
          [
            12,
            3645,
            30,
            163,
            1,
            18,
            15,
            29,
            101,
            0
          ],
          [
            33,
            13,
            235,
            0,
            2,
            0,
            0,
            0,
            26,
            0
          ],
          [
            15,
            90,
            0,
            1963,
            81,
            1,
            0,
            1,
            10,
            9
          ],
          [
            168,
            4,
            2,
            21,
            1336,
            2,
            1,
            5,
            0,
            1
          ],
          [
            330,
            1,
            26,
            2,
            25,
            5244,
            114,
            29,
            5,
            30
          ],
          [
            53,
            0,
            0,
            0,
            22,
            1,
            2481,
            1,
            0,
            0
          ],
          [
            8,
            58,
            0,
            19,
            7,
            0,
            0,
            4475,
            1,
            10
          ],
          [
            41,
            54,
            39,
            1,
            0,
            5,
            1,
            1,
            2985,
            3
          ],
          [
            1,
            0,
            29,
            35,
            188,
            0,
            0,
            2,
            3,
            3897
          ]
        ],
        "class_labels": [
          0,
          1,
          2,
          3,
          4,
          5,
          6,
          7,
          8,
          9
        ]
      },
      "history": {
        "epochs_run": 46,
        "best_epoch": 25,
        "stopped_early": true,
        "final_train_loss": 0.6390637652055267,
        "final_val_loss": 0.321254802273525
      },
      "cost": {
        "wall_time_seconds": 2512.96,
        "gpu_memory_peak_mb": 697.19,
        "param_count": 264660,
        "trainable_params": 264660,
        "model_size_mb": 1.0096
      }
    },
    {
      "fold_idx": 1,
      "metrics": {
        "f1_macro": 0.9328473996301101,
        "f1_weighted": 0.9530701831719912,
        "accuracy": 0.9529686657480079,
        "auc_pr": 0.8789741520440723,
        "edr": 1.0,
        "confusion_matrix": [
          [
            4883,
            10,
            9,
            5,
            258,
            11,
            0,
            37,
            0,
            29
          ],
          [
            1,
            3815,
            8,
            58,
            0,
            0,
            0,
            101,
            25,
            0
          ],
          [
            25,
            10,
            260,
            0,
            0,
            0,
            0,
            0,
            26,
            0
          ],
          [
            1,
            49,
            0,
            2074,
            54,
            0,
            0,
            0,
            2,
            5
          ],
          [
            254,
            1,
            8,
            1,
            1246,
            1,
            0,
            13,
            0,
            16
          ],
          [
            57,
            0,
            0,
            0,
            7,
            5672,
            60,
            3,
            9,
            0
          ],
          [
            0,
            0,
            0,
            0,
            0,
            39,
            2516,
            0,
            0,
            0
          ],
          [
            30,
            225,
            3,
            8,
            2,
            0,
            0,
            4326,
            3,
            1
          ],
          [
            0,
            23,
            15,
            1,
            0,
            1,
            0,
            1,
            2900,
            26
          ],
          [
            1,
            0,
            6,
            10,
            9,
            3,
            0,
            9,
            0,
            4120
          ]
        ],
        "class_labels": [
          0,
          1,
          2,
          3,
          4,
          5,
          6,
          7,
          8,
          9
        ]
      },
      "history": {
        "epochs_run": 76,
        "best_epoch": 55,
        "stopped_early": true,
        "final_train_loss": 0.6209873259494298,
        "final_val_loss": 0.145184487664248
      },
      "cost": {
        "wall_time_seconds": 4153.29,
        "gpu_memory_peak_mb": 500.24,
        "param_count": 264660,
        "trainable_params": 264660,
        "model_size_mb": 1.0096
      }
    },
    {
      "fold_idx": 2,
      "metrics": {
        "f1_macro": 0.9215021952270955,
        "f1_weighted": 0.9453343826382831,
        "accuracy": 0.9452221726853915,
        "auc_pr": 0.8601260761727282,
        "edr": 1.0,