{
  "test_metrics": {
    "f1_macro": 0.8995666330412639,
    "f1_weighted": 0.9205405022655418,
    "accuracy": 0.9199566421775262,
    "auc_pr": 0.8250445669385995,
    "edr": 1.0,
    "confusion_matrix": [
      [
        5408,
        34,
        54,
        14,
        584,
        4,
        0,
        57,
        398,
        6
      ],
      [
        314,
        4073,
        11,
        399,
        16,
        0,
        0,
        77,
        24,
        2
      ],
      [
        3,
        5,
        364,
        3,
        11,
        1,
        0,
        1,
        10,
        0
      ],
      [
        0,
        89,
        1,
        2583,
        10,
        0,
        0,
        1,
        3,
        9
      ],
      [
        206,
        3,
        9,
        34,
        1620,
        1,
        0,
        3,
        0,
        38
      ],
      [
        110,
        0,
        6,
        0,
        4,
        7066,
        48,
        5,
        2,
        20
      ],
      [
        13,
        0,
        0,
        0,
        1,
        25,
        3116,
        2,
        1,
        1
      ],
      [
        220,
        80,
        1,
        3,
        41,
        0,
        0,
        5307,
        0,
        18
      ],
      [
        0,
        86,
        64,
        79,
        0,
        0,
        3,
        3,
        3452,
        44
      ],
      [
        2,
        0,
        1,
        2,
        3,
        0,
        0,
        0,
        0,
        5203
      ]
    ],
    "class_labels": [
      0,
      1,
      2,
      3,
      4,
      5,
      6,
      7,
      8,
      9
    ]
  },
  "cv_aggregate": {
    "accuracy_mean": 0.9378727193511756,
    "accuracy_std": 0.018797139032838892,
    "auc_pr_mean": 0.8449053633318975,
    "auc_pr_std": 0.03438398163419093,
    "edr_mean": 1.0,
    "edr_std": 0.0,
    "f1_macro_mean": 0.9101401189684782,
    "f1_macro_std": 0.02314816947344944,
    "f1_weighted_mean": 0.938602391628654,
    "f1_weighted_std": 0.017975834983524626
  },
  "cv_fold_results": [
    {
      "fold_idx": 0,
      "metrics": {
        "f1_macro": 0.9022175655783894,
        "f1_weighted": 0.932397596563339,
        "accuracy": 0.9308718622212936,
        "auc_pr": 0.8300445558554843,
        "edr": 1.0,
        "confusion_matrix": [
          [
            4763,
            21,
            2,
            16,
            355,
            4,
            0,
            63,
            2,
            17
          ],
          [
            2,
            3637,
            47,
            158,
            0,
            9,
            34,
            49,
            77,
            1
          ],
          [
            37,
            11,
            246,
            0,
            0,
            3,
            0,
            0,
            11,
            1
          ],
          [
            28,
            82,
            0,
            2003,
            42,
            0,
            0,
            0,
            3,
            12
          ],
          [
            165,
            4,
            8,
            45,
            1298,
            0,
            2,
            13,
            5,
            0
          ],
          [
            361,
            7,
            9,
            1,
            26,
            5326,
            29,
            13,
            2,
            32
          ],
          [
            63,
            0,
            0,
            0,
            10,
            23,
            2461,
            1,
            0,
            0
          ],
          [
            2,
            83,
            8,
            1,
            0,
            0,
            0,
            4476,
            0,
            8
          ],
          [
            1,
            45,
            29,
            0,
            0,
            7,
            0,
            1,
            3047,
            0
          ],
          [
            1,
            0,
            26,
            12,
            186,
            0,
            0,
            0,
            0,
            3930
          ]
        ],
        "class_labels": [
          0,
          1,
          2,
          3,
          4,
          5,
          6,
          7,
          8,
          9
        ]
      },
      "history": {
        "epochs_run": 46,
        "best_epoch": 25,
        "stopped_early": true,
        "final_train_loss": 0.6461581191009267,
        "final_val_loss": 0.326167948812545
      },
      "cost": {
        "wall_time_seconds": 2528.22,
        "gpu_memory_peak_mb": 697.19,
        "param_count": 264660,
        "trainable_params": 264660,
        "model_size_mb": 1.0096
      }
    },
    {
      "fold_idx": 1,
      "metrics": {
        "f1_macro": 0.9310139659668994,
        "f1_weighted": 0.9536377701060232,
        "accuracy": 0.9533580971781199,
        "auc_pr": 0.8765059033900673,
        "edr": 1.0,
        "confusion_matrix": [
          [
            4787,
            6,
            26,
            3,
            324,
            27,
            0,
            30,
            0,
            39
          ],
          [
            2,
            3727,
            13,
            71,
            0,
            3,
            29,
            132,
            29,
            2
          ],
          [
            22,
            6,
            272,
            3,
            0,
            0,
            0,
            0,
            18,
            0
          ],
          [
            0,
            44,
            0,
            2094,
            43,
            1,
            0,
            0,
            0,
            3
          ],
          [
            229,
            1,
            1,
            0,
            1278,
            3,
            0,
            7,
            0,
            21
          ],
          [
            49,
            0,
            1,
            0,
            7,
            5648,
            81,
            13,
            9,
            0
          ],
          [
            0,
            1,
            0,
            0,
            0,
            3,
            2551,
            0,
            0,
            0
          ],
          [
            10,
            129,
            6,
            1,
            5,
            0,
            0,
            4442,
            5,
            0
          ],
          [
            0,
            13,
            28,
            0,
            0,
            0,
            0,
            0,
            2900,
            26
          ],
          [
            0,
            0,
            12,
            9,
            5,
            0,
            0,
            6,
            0,
            4126
          ]
        ],
        "class_labels": [
          0,
          1,
          2,
          3,
          4,
          5,
          6,
          7,
          8,
          9
        ]
      },
      "history": {
        "epochs_run": 86,
        "best_epoch": 65,
        "stopped_early": true,
        "final_train_loss": 0.6885571279378523,
        "final_val_loss": 0.1606299305574809
      },
      "cost": {
        "wall_time_seconds": 4764.59,
        "gpu_memory_peak_mb": 500.24,
        "param_count": 264660,
        "trainable_params": 264660,
        "model_size_mb": 1.0096
      }
    },
    {
      "fold_idx": 2,
      "metrics": {
        "f1_macro": 0.925964001197755,
        "f1_weighted": 0.9509389004572688,
        "accuracy": 0.9508990934759994,
        "auc_pr": 0.8685055301024402,
        "edr": 1.0,