{
  "lstm": {
    "status": "ok",
    "elapsed": 311.0,
    "test_metrics": {
      "error_mean": 0.005208483554656773,
      "error_std": 0.002904884409221544,
      "error_p50": 0.004685800432114655,
      "error_p95": 0.008934030852081085,
      "error_p99": 0.014612121609818651
    }
  },
  "deeponet": {
    "status": "ok",
    "elapsed": 354.0,
    "test_metrics": {
      "error_mean": 0.2093480917324605,
      "error_std": 0.11712542346492211,
      "error_p50": 0.17922250922387167,
      "error_p95": 0.425036356245986,
      "error_p99": 0.47566496957926296
    }
  },
  "patchtst": {
    "status": "ok",
    "elapsed": 381.0,
    "test_metrics": {
      "error_mean": 0.06804826634491098,
      "error_std": 0.06428985884360554,
      "error_p50": 0.052602428979192525,
      "error_p95": 0.1677851800066577,
      "error_p99": 0.2556190743509099
    }
  },
  "chronos": {
    "status": "ok",
    "elapsed": 1604.9,
    "test_metrics": {
      "error_std": 0.15962488972169245,
      "error_p50": 0.1729951058958668,
      "error_p95": 0.5303236860020338,
      "error_p99": 0.671884891133944,
      "forecast_error_mean": 0.2164986199145534
    }
  },
  "timesfm": {
    "status": "ok",
    "elapsed": 34.8,
    "test_metrics": {
      "error_std": 0.17977325835693328,
      "error_p50": 0.2252698169612014,
      "error_p95": 0.6075030315787977,
      "error_p99": 0.7349201029650393,
      "forecast_error_mean": 0.26334288919074095
    }
  },
  "tirex": {
    "status": "ok",
    "elapsed": 596.2,
    "test_metrics": {
      "error_std": 0.1827549084734979,
      "error_p50": 0.18202846138277903,
      "error_p95": 0.5911033853052969,
      "error_p99": 0.7936779823117792,
      "forecast_error_mean": 0.2351366916876571
    }
  }
}