{
  "test_metrics": {
    "error_mean": 24.8839078122168,
    "error_std": 20.478288878892364,
    "error_p50": 19.206588910832846,
    "error_p95": 63.19375646888525,
    "error_p99": 85.2176897377017
  },
  "cv_aggregate": {
    "error_mean_mean": 21.92782180646412,
    "error_mean_std": 3.2231900066175343,
    "error_p50_mean": 14.142596151812135,
    "error_p50_std": 1.6472653651756002,
    "error_p95_mean": 64.29081752458553,
    "error_p95_std": 11.423202661824652,
    "error_p99_mean": 115.06069718135457,
    "error_p99_std": 34.566679401898874,
    "error_std_mean": 24.260245904400637,
    "error_std_std": 6.163505768947759
  },
  "cv_fold_results": [
    {
      "fold_idx": 0,
      "metrics": {
        "error_mean": 22.427112046572326,
        "error_std": 30.591207101461986,
        "error_p50": 13.378473735385889,
        "error_p95": 68.79952840392649,
        "error_p99": 154.8200231989317
      }
    },
    {
      "fold_idx": 1,
      "metrics": {
        "error_mean": 17.75434403576878,
        "error_std": 15.906085051050237,
        "error_p50": 12.618794701149536,
        "error_p95": 48.60188046751584,
        "error_p99": 70.55015957823824
      }
    },
    {
      "fold_idx": 2,
      "metrics": {
        "error_mean": 25.602009337051253,
        "error_std": 26.283445560689696,
        "error_p50": 16.43052001890098,
        "error_p95": 75.47104370231429,
        "error_p99": 119.81190876689378
      }
    }
  ],
  "n_train": 3456,
  "n_test": 864,
  "n_cv_folds": 3
}