{
  "test_metrics": {
    "mae": 0.548120403532076,
    "rmse": 0.8699221516261655,
    "r2": 0.3391739245514125,
    "r2_prod": -0.07496417320326931,
    "mase": 0.9110327959995841
  },
  "cv_aggregate": {
    "mae_mean": 0.47373104462486665,
    "mae_std": 0.012873515022117166,
    "rmse_mean": 0.9864258275152865,
    "rmse_std": 0.12685270344073157,
    "r2_mean": 0.05034528413975151,
    "r2_std": 0.021369400109465836,
    "r2_prod_mean": -1.1045095486418905,
    "r2_prod_std": 0.6730435158501791,
    "mase_mean": 0.969701140621722,
    "mase_std": 0.057526137820670065
  },
  "cv_fold_results": [
    {
      "fold_idx": 0,
      "metrics": {
        "mae": 0.45691223433938155,
        "rmse": 1.1608121859444063,
        "r2": 0.04984060471731799,
        "r2_prod": -1.5168923309184055,
        "mase": 0.8929429453903597
      }
    },
    {
      "fold_idx": 1,
      "metrics": {
        "mae": 0.4881767399339829,
        "rmse": 0.862770873101126,
        "r2": 0.0767660373597786,
        "r2_prod": -0.15539373873455964,
        "mase": 0.9847345877332483
      }
    },
    {
      "fold_idx": 2,
      "metrics": {
        "mae": 0.4761041596012355,
        "rmse": 0.9356944235003273,
        "r2": 0.024429210342157948,
        "r2_prod": -1.641242576272707,
        "mase": 1.031425888741558
      }
    }
  ],
  "n_train": 5039,
  "n_test": 1260,
  "n_cv_folds": 3,
  "well": "49/22-Z04"
}