{
  "test_metrics": {
    "mae": 2.00724737239814,
    "rmse": 3.1906520798118145,
    "r2": -0.16360892905829472,
    "r2_prod": -1.6402245859420272,
    "mase": 1.1741933834494163
  },
  "cv_aggregate": {
    "mae_mean": 1.766217313314444,
    "mae_std": 0.3817709213030214,
    "rmse_mean": 2.6892054000364354,
    "rmse_std": 0.40990610786208326,
    "r2_mean": -0.0713194417297915,
    "r2_std": 0.313877878918464,
    "r2_prod_mean": -0.6670163511846425,
    "r2_prod_std": 1.2616865418228453,
    "mase_mean": 1.4474727841683084,
    "mase_std": 0.34842352309166963
  },
  "cv_fold_results": [
    {
      "fold_idx": 0,
      "metrics": {
        "mae": 1.590902472431124,
        "rmse": 3.028990108264844,
        "r2": 0.06257268471459987,
        "r2_prod": 0.262630376859441,
        "mase": 1.1167044601010143
      }
    },
    {
      "fold_idx": 1,
      "metrics": {
        "mae": 1.4116394067486628,
        "rmse": 2.1125646102343185,
        "r2": 0.22825005838561552,
        "r2_prod": 0.18709815880521696,
        "mase": 1.2965617296546574
      }
    },
    {
      "fold_idx": 2,
      "metrics": {
        "mae": 2.296110060763546,
        "rmse": 2.9260614816101445,
        "r2": -0.5047810682895899,
        "r2_prod": -2.4507775892185855,
        "mase": 1.9291521627492532
      }
    }
  ],
  "n_train": 5548,
  "n_test": 1388,
  "n_cv_folds": 3,
  "well": "49/22-Z02Z"
}