{
  "test_metrics": {
    "mae": 0.09184613523697664,
    "rmse": 0.2721469294670533,
    "r2": -0.020495902971771507,
    "r2_prod": -0.6857268514869352,
    "mase": 0.7536952685178295
  },
  "cv_aggregate": {
    "mae_mean": 2.2396618093386196,
    "mae_std": 0.29462865132198274,
    "rmse_mean": 3.733449000389049,
    "rmse_std": 0.7239209961261527,
    "r2_mean": 0.1439794858808199,
    "r2_std": 0.4118849906358398,
    "r2_prod_mean": -0.24276786571402809,
    "r2_prod_std": 0.7075080587594405,
    "mase_mean": 1.0236701792773308,
    "mase_std": 0.11022520973675293
  },
  "cv_fold_results": [
    {
      "fold_idx": 0,
      "metrics": {
        "mae": 2.5942024166618998,
        "rmse": 4.035528420573642,
        "r2": 0.7137936897617881,
        "r2_prod": 0.7577995644736452,
        "mase": 1.0800540325586112
      }
    },
    {
      "fold_idx": 1,
      "metrics": {
        "mae": 2.2519562217737397,
        "rmse": 4.429553570141767,
        "r2": -0.2456066400246042,
        "r2_prod": -0.7427465397375788,
        "mase": 0.8696210275396267
      }
    },
    {
      "fold_idx": 2,
      "metrics": {
        "mae": 1.8728267895802189,
        "rmse": 2.7352650104517395,
        "r2": -0.0362485920947242,
        "r2_prod": -0.7433566218781507,
        "mase": 1.1213354777337547
      }
    }
  ],
  "n_train": 2236,
  "n_test": 560,
  "n_cv_folds": 3,
  "well": "49/22-Z06"
}