{
  "test_metrics": {
    "mae": 0.0187558761577714,
    "rmse": 0.0517980807336643,
    "r2": -0.126934519895735,
    "r2_prod": -1.0639517982731772,
    "mase": 0.581308281484722
  },
  "cv_aggregate": {
    "mae_mean": 0.9336127603165992,
    "mae_std": 0.6102812132731055,
    "rmse_mean": 1.8368643849892123,
    "rmse_std": 1.1540899002501497,
    "r2_mean": -0.08931973872461126,
    "r2_std": 0.05373234725610376,
    "r2_prod_mean": -0.5272645162907438,
    "r2_prod_std": 0.2300451262162455,
    "mase_mean": 0.9762128049111856,
    "mase_std": 0.21320021756904808
  },
  "cv_fold_results": [
    {
      "fold_idx": 0,
      "metrics": {
        "mae": 1.5586479241754394,
        "rmse": 2.850616459326809,
        "r2": -0.056976473106130854,
        "r2_prod": -0.5053483990359717,
        "mase": 0.8776542054127533
      }
    },
    {
      "fold_idx": 1,
      "metrics": {
        "mae": 1.1365202668977261,
        "rmse": 2.4377407098676662,
        "r2": -0.16504120435750513,
        "r2_prod": -0.25711600616327335,
        "mase": 1.2722635596666785
      }
    },
    {
      "fold_idx": 2,
      "metrics": {
        "mae": 0.10567008987663225,
        "rmse": 0.2222359857731625,
        "r2": -0.04594153871019779,
        "r2_prod": -0.8193291436729861,
        "mase": 0.778720649654125
      }
    }
  ],
  "n_train": 3098,
  "n_test": 775,
  "n_cv_folds": 3,
  "well": "49/22-Z01Z"
}