{
  "test_metrics": {
    "mae": 1.9267342646848702,
    "rmse": 3.0118917628544133,
    "r2": -0.07080000231079131,
    "r2_prod": -0.7136049652314529,
    "mase": 0.9697171853255996
  },
  "cv_aggregate": {
    "mae_mean": 1.10660274292223,
    "mae_std": 0.2621132877937822,
    "rmse_mean": 2.0902617819195597,
    "rmse_std": 0.6221912022894007,
    "r2_mean": 0.2718197128774917,
    "r2_std": 0.09014549613241322,
    "r2_prod_mean": 0.05897467762052629,
    "r2_prod_std": 0.1504065250109693,
    "mase_mean": 0.9316313522998455,
    "mase_std": 0.06438283744221956
  },
  "cv_fold_results": [
    {
      "fold_idx": 0,
      "metrics": {
        "mae": 1.3721451223159509,
        "rmse": 2.921617757491051,
        "r2": 0.1662090468220686,
        "r2_prod": -0.05802099185124665,
        "mase": 0.8668633664296882
      }
    },
    {
      "fold_idx": 1,
      "metrics": {
        "mae": 0.7498438370074036,
        "rmse": 1.4249475192844343,
        "r2": 0.3864644032832988,
        "r2_prod": 0.2713139701707865,
        "mase": 0.9085937281490862
      }
    },
    {
      "fold_idx": 2,
      "metrics": {
        "mae": 1.1978192694433354,
        "rmse": 1.9242200689831934,
        "r2": 0.2627856885271076,
        "r2_prod": -0.03636894545796099,
        "mase": 1.019436962320762
      }
    }
  ],
  "n_train": 5056,
  "n_test": 1265,
  "n_cv_folds": 3,
  "well": "49/22-Z02Z"
}