{
  "test_metrics": {
    "mae": 0.019079493182568737,
    "rmse": 0.050937891150083944,
    "r2": -0.12241213177241916,
    "r2_prod": -1.1044039789121811,
    "mase": 0.5661312950173573
  },
  "cv_aggregate": {
    "mae_mean": 0.9131219502088106,
    "mae_std": 0.5681237914500529,
    "rmse_mean": 1.910365663407779,
    "rmse_std": 1.2254438739509228,
    "r2_mean": -0.08701396908165138,
    "r2_std": 0.11752801265066871,
    "r2_prod_mean": -0.4709299519984509,
    "r2_prod_std": 0.1091360611950291,
    "mase_mean": 0.8482272528419402,
    "mase_std": 0.1396333245129314
  },
  "cv_fold_results": [
    {
      "fold_idx": 0,
      "metrics": {
        "mae": 1.2871974831393787,
        "rmse": 2.423238645404775,
        "r2": -0.033623227443174475,
        "r2_prod": -0.49589037625114396,
        "mase": 0.7892286786714788
      }
    },
    {
      "fold_idx": 1,
      "metrics": {
        "mae": 1.3418743958810762,
        "rmse": 3.087557440322166,
        "r2": -0.2500226634129137,
        "r2_prod": -0.3265454082692647,
        "mase": 1.0409306273643115
      }
    },
    {
      "fold_idx": 2,
      "metrics": {
        "mae": 0.11029397160597702,
        "rmse": 0.22030090449639578,
        "r2": 0.022603983611134026,
        "r2_prod": -0.590354071474944,
        "mase": 0.7145224524900303
      }
    }
  ],
  "n_train": 2940,
  "n_test": 736,
  "n_cv_folds": 3,
  "well": "49/22-Z01Z"
}