{
  "test_metrics": {
    "mae": 0.02073037279785049,
    "rmse": 0.05447141387207021,
    "r2": -0.1158568642699025,
    "r2_prod": -1.0297171049334493,
    "mase": 0.530794473441854
  },
  "cv_aggregate": {
    "mae_mean": 0.858782213609342,
    "mae_std": 0.5265499344622557,
    "rmse_mean": 1.8675354494330325,
    "rmse_std": 1.2039971605394018,
    "r2_mean": -0.03345048370781375,
    "r2_std": 0.06442206230460497,
    "r2_prod_mean": -0.3777658321303717,
    "r2_prod_std": 0.1606697504435121,
    "mase_mean": 0.812451720697075,
    "mase_std": 0.129066688044619
  },
  "cv_fold_results": [
    {
      "fold_idx": 0,
      "metrics": {
        "mae": 1.1852511231009872,
        "rmse": 2.2994341316867013,
        "r2": -0.00575651682786682,
        "r2_prod": -0.41204905395596714,
        "mase": 0.7576677894651067
      }
    },
    {
      "fold_idx": 1,
      "metrics": {
        "mae": 1.275156065027959,
        "rmse": 3.0779491021058383,
        "r2": -0.12246452320432644,
        "r2_prod": -0.1660974914673583,
        "mase": 0.9906294800845175
      }
    },
    {
      "fold_idx": 2,
      "metrics": {
        "mae": 0.11593945269907996,
        "rmse": 0.2252231145065585,
        "r2": 0.02786958890875202,
        "r2_prod": -0.5551509509677897,
        "mase": 0.6890578925416011
      }
    }
  ],
  "n_train": 2786,
  "n_test": 697,
  "n_cv_folds": 3,
  "well": "49/22-Z01Z"
}