{
  "test_metrics": {
    "mae": 0.1554199037679387,
    "rmse": 0.41389316069066223,
    "r2": -0.09478965530330297,
    "r2_prod": -0.7707235692886845,
    "mase": 0.7065749777174329
  },
  "cv_aggregate": {
    "mae_mean": 2.279032892890011,
    "mae_std": 0.47227123773662505,
    "rmse_mean": 3.7531745066347493,
    "rmse_std": 0.37140424718746773,
    "r2_mean": 0.14131943858917853,
    "r2_std": 0.3084595536638978,
    "r2_prod_mean": -0.12186763585973866,
    "r2_prod_std": 0.5973605398264371,
    "mase_mean": 0.9434093608287859,
    "mase_std": 0.032649046962138134
  },
  "cv_fold_results": [
    {
      "fold_idx": 0,
      "metrics": {
        "mae": 2.9080834979411767,
        "rmse": 4.256994834665055,
        "r2": 0.5702897641590084,
        "r2_prod": 0.5808021360982798,
        "mase": 0.9755374735793074
      }
    },
    {
      "fold_idx": 1,
      "metrics": {
        "mae": 1.7701324756930854,
        "rmse": 3.6298547001154473,
        "r2": -0.004541463141921165,
        "r2_prod": -0.06706114805992658,
        "mase": 0.9560642647345171
      }
    },
    {
      "fold_idx": 2,
      "metrics": {
        "mae": 2.1588827050357717,
        "rmse": 3.3726739851237455,
        "r2": -0.14178998524955166,
        "r2_prod": -0.8793438956175692,
        "mase": 0.8986263441725334
      }
    }
  ],
  "n_train": 2097,
  "n_test": 525,
  "n_cv_folds": 3,
  "well": "49/22-Z06"
}