{
  "test_metrics": {
    "mae": 1.3808889459603035,
    "rmse": 2.4025099137908548,
    "r2": 0.20056377077432852,
    "r2_prod": 0.11701109215997463,
    "mase": 1.5759150064197458
  },
  "cv_aggregate": {
    "mae_mean": 0.29908293033185834,
    "mae_std": 0.12494936086830188,
    "rmse_mean": 0.5851929767570275,
    "rmse_std": 0.19803351547654596,
    "r2_mean": 0.27106030839986484,
    "r2_std": 0.31586683765045215,
    "r2_prod_mean": 0.12739400552159316,
    "r2_prod_std": 0.5301453233227205,
    "mase_mean": 1.5186229028096647,
    "mase_std": 0.07827034654619389
  },
  "cv_fold_results": [
    {
      "fold_idx": 0,
      "metrics": {
        "mae": 0.20317356882019852,
        "rmse": 0.4428253466535356,
        "r2": 0.7166648496876292,
        "r2_prod": 0.857968734048627,
        "mase": 1.5557315265699652
      }
    },
    {
      "fold_idx": 1,
      "metrics": {
        "mae": 0.21850917083839955,
        "rmse": 0.447511995105175,
        "r2": 0.07537322314602635,
        "r2_prod": -0.09202862589101901,
        "mase": 1.5903823952711222
      }
    },
    {
      "fold_idx": 2,
      "metrics": {
        "mae": 0.4755660513369771,
        "rmse": 0.865241588512372,
        "r2": 0.021142852365938936,
        "r2_prod": -0.3837580915928285,
        "mase": 1.409754786587906
      }
    }
  ],
  "n_train": 3800,
  "n_test": 951,
  "n_cv_folds": 3,
  "well": "49/22-Z07"
}