{
  "test_metrics": {
    "mae": 0.7486746819715937,
    "rmse": 1.5247862058382544,
    "r2": 0.7454811887876204,
    "r2_prod": 0.7754403566836789,
    "mase": 0.8728217835443385
  },
  "cv_aggregate": {
    "mae_mean": 3.3435203384483727,
    "mae_std": 1.8367044969796351,
    "rmse_mean": 7.968968869996648,
    "rmse_std": 4.365009649436078,
    "r2_mean": 0.57345111759895,
    "r2_std": 0.12274708685807677,
    "r2_prod_mean": 0.6706958977125828,
    "r2_prod_std": 0.12648837817352995,
    "mase_mean": 0.9279093953037606,
    "mase_std": 0.012540881174962956
  },
  "cv_fold_results": [
    {
      "fold_idx": 0,
      "metrics": {
        "mae": 0.7823584878255453,
        "rmse": 1.8157968922426968,
        "r2": 0.40076651633064375,
        "r2_prod": 0.49265441128670506,
        "mase": 0.9170792490112466
      }
    },
    {
      "fold_idx": 1,
      "metrics": {
        "mae": 4.249184479628279,
        "rmse": 10.61681272350231,
        "r2": 0.6444541756891915,
        "r2_prod": 0.7447204229722217,
        "mase": 0.9454875889143092
      }
    },
    {
      "fold_idx": 2,
      "metrics": {
        "mae": 4.999018047891294,
        "rmse": 11.474296994244938,
        "r2": 0.6751326607770145,
        "r2_prod": 0.7747128588788217,
        "mase": 0.9211613479857259
      }
    }
  ],
  "n_train": 21791,
  "n_test": 5448,
  "n_cv_folds": 3
}