{
  "test_metrics": {
    "mae": 0.32401714880082466,
    "rmse": 0.47706149887803945,
    "r2": 0.11859536288561723,
    "r2_prod": -0.6934153712723226,
    "mase": 1.1486179412645918
  },
  "cv_aggregate": {
    "mae_mean": 1.8676435559843012,
    "mae_std": 1.9929270199299978,
    "rmse_mean": 2.764567110726462,
    "rmse_std": 2.7682552320089164,
    "r2_mean": 0.04219421281926846,
    "r2_std": 0.16694576308921588,
    "r2_prod_mean": -0.7258109743065626,
    "r2_prod_std": 0.6040012126874149,
    "mase_mean": 1.1054703558329362,
    "mase_std": 0.06378013496089895
  },
  "cv_fold_results": [
    {
      "fold_idx": 0,
      "metrics": {
        "mae": 4.6855407623309695,
        "rmse": 6.67560914771146,
        "r2": 0.15667156249614977,
        "r2_prod": 0.12163637931223248,
        "mase": 1.0423550089318514
      }
    },
    {
      "fold_idx": 1,
      "metrics": {
        "mae": 0.4114862565959309,
        "rmse": 0.9596056585832721,
        "r2": 0.16377817085591628,
        "r2_prod": -1.0567934276758013,
        "mase": 1.081223028050502
      }
    },
    {
      "fold_idx": 2,
      "metrics": {
        "mae": 0.5059036490260026,
        "rmse": 0.6584865258846552,
        "r2": -0.19386709489426068,
        "r2_prod": -1.2422758745561189,
        "mase": 1.1928330305164552
      }
    }
  ],
  "n_train": 1952,
  "n_test": 489,
  "n_cv_folds": 3,
  "well": "49/22-Z05Z"
}