{
  "test_metrics": {
    "mae": 0.23638801622563166,
    "rmse": 0.3643781278666936,
    "r2": 0.27626138762775276,
    "r2_prod": 0.17924966891469996,
    "mase": 1.7790234242152438
  },
  "cv_aggregate": {
    "mae_mean": 2.0617644689383177,
    "mae_std": 2.097479508246893,
    "rmse_mean": 3.2453797252886267,
    "rmse_std": 2.7251926597325515,
    "r2_mean": 0.3984853974959683,
    "r2_std": 0.36030434706713976,
    "r2_prod_mean": 0.24512532571561715,
    "r2_prod_std": 0.502784336834958,
    "mase_mean": 1.5023874022572592,
    "mase_std": 0.21764370057900032
  },
  "cv_fold_results": [
    {
      "fold_idx": 0,
      "metrics": {
        "mae": 5.013448417886179,
        "rmse": 6.958194877284395,
        "r2": 0.0914251061226149,
        "r2_prod": -0.06267572683474909,
        "mase": 1.388998763990564
      }
    },
    {
      "fold_idx": 1,
      "metrics": {
        "mae": 0.8404845309429402,
        "rmse": 2.284106376277537,
        "r2": 0.9041722084177366,
        "r2_prod": 0.9541222563085708,
        "mase": 1.3112704360612242
      }
    },
    {
      "fold_idx": 2,
      "metrics": {
        "mae": 0.33136045798583297,
        "rmse": 0.49383792230394785,
        "r2": 0.1998588779475532,
        "r2_prod": -0.1560705523269703,
        "mase": 1.8068930067199895
      }
    }
  ],
  "n_train": 1684,
  "n_test": 421,
  "n_cv_folds": 3,
  "well": "49/22-Z05Z"
}