{
  "test_metrics": {
    "mae": 1.490772457598139,
    "rmse": 2.4786452769412657,
    "r2": 0.05235348621889169,
    "r2_prod": -0.4630026021549156,
    "mase": 1.2284339312685386
  },
  "cv_aggregate": {
    "mae_mean": 0.5389655916261568,
    "mae_std": 0.3191644874971111,
    "rmse_mean": 0.9466129946479042,
    "rmse_std": 0.5410092255775516,
    "r2_mean": -0.25234667321395327,
    "r2_std": 0.03407175611105682,
    "r2_prod_mean": -0.863030419566515,
    "r2_prod_std": 0.14420605092758523,
    "mase_mean": 1.1975898618667313,
    "mase_std": 0.18756576705153585
  },
  "cv_fold_results": [
    {
      "fold_idx": 0,
      "metrics": {
        "mae": 0.24849957545663046,
        "rmse": 0.42103345778067497,
        "r2": -0.2918551498763029,
        "r2_prod": -0.7272538177822232,
        "mase": 1.4382379913649976
      }
    },
    {
      "fold_idx": 1,
      "metrics": {
        "mae": 0.3849978724275563,
        "rmse": 0.7278832037073901,
        "r2": -0.20870442427907943,
        "r2_prod": -0.7991362728712592,
        "mase": 0.9806338470121296
      }
    },
    {
      "fold_idx": 2,
      "metrics": {
        "mae": 0.9833993269942837,
        "rmse": 1.6909223224556473,
        "r2": -0.2564804454864775,
        "r2_prod": -1.062701168046063,
        "mase": 1.173897747223067
      }
    }
  ],
  "n_train": 4820,
  "n_test": 1206,
  "n_cv_folds": 3,
  "well": "49/22-Z07"
}