{
  "test_metrics": {
    "mae": 0.8038471200274764,
    "rmse": 1.602246527884933,
    "r2": 0.6793849338742971,
    "r2_prod": 0.6988015291259635,
    "mase": 0.9461936342150672
  },
  "cv_aggregate": {
    "mae_mean": 3.5664384742203197,
    "mae_std": 1.9665184405122358,
    "rmse_mean": 8.287418287796278,
    "rmse_std": 4.71846493075072,
    "r2_mean": 0.5284659821744063,
    "r2_std": 0.10235082809626539,
    "r2_prod_mean": 0.603864364429801,
    "r2_prod_std": 0.1710107422004699,
    "mase_mean": 1.0196699367252275,
    "mase_std": 0.031663398665973404
  },
  "cv_fold_results": [
    {
      "fold_idx": 0,
      "metrics": {
        "mae": 0.7926794959611635,
        "rmse": 1.6149521426121507,
        "r2": 0.3872094799347626,
        "r2_prod": 0.3626657977261195,
        "mase": 1.0207171517972817
      }
    },
    {
      "fold_idx": 1,
      "metrics": {
        "mae": 4.778709792845038,
        "rmse": 11.5564679538406,
        "r2": 0.6264527502359969,
        "r2_prod": 0.7397753912160339,
        "mase": 1.0579153081293942
      }
    },
    {
      "fold_idx": 2,
      "metrics": {
        "mae": 5.127926133854758,
        "rmse": 11.690834766936081,
        "r2": 0.5717357163524597,
        "r2_prod": 0.7091519043472496,
        "mase": 0.9803773502490064
      }
    }
  ],
  "n_train": 23260,
  "n_test": 5815,
  "n_cv_folds": 3
}