{
  "test_metrics": {
    "mae": 2.1123274445086784,
    "rmse": 3.1961162451909413,
    "r2": -0.1516530143811654,
    "r2_prod": -1.187892159620624,
    "mase": 1.0293663984381607
  },
  "cv_aggregate": {
    "mae_mean": 1.3726437358135153,
    "mae_std": 0.23432292946303984,
    "rmse_mean": 2.4037563255284984,
    "rmse_std": 0.5466463552951533,
    "r2_mean": 0.14773009143734428,
    "r2_std": 0.201006035967223,
    "r2_prod_mean": -0.10230694812894943,
    "r2_prod_std": 0.38480899880761,
    "mase_mean": 1.0528375147268632,
    "mase_std": 0.1564613089977965
  },
  "cv_fold_results": [
    {
      "fold_idx": 0,
      "metrics": {
        "mae": 1.533677326617018,
        "rmse": 3.1119167780038866,
        "r2": 0.053101842063243754,
        "r2_prod": 0.0643310661832861,
        "mase": 0.9115328063590271
      }
    },
    {
      "fold_idx": 1,
      "metrics": {
        "mae": 1.0413043140741294,
        "rmse": 1.7811338553167833,
        "r2": 0.4271848212717483,
        "r2_prod": 0.2630284523434874,
        "mase": 0.9760281912966753
      }
    },
    {
      "fold_idx": 2,
      "metrics": {
        "mae": 1.5429495667493984,
        "rmse": 2.3182183432648267,
        "r2": -0.0370963890229592,
        "r2_prod": -0.6342803629136218,
        "mase": 1.2709515465248873
      }
    }
  ],
  "n_train": 5304,
  "n_test": 1326,
  "n_cv_folds": 3,
  "well": "49/22-Z02Z"
}