{
  "test_metrics": {
    "mae": 1.646598393518059,
    "rmse": 2.697622567185103,
    "r2": 0.07991353821386171,
    "r2_prod": -0.24816051313513077,
    "mase": 2.2525207566283023
  },
  "cv_aggregate": {
    "mae_mean": 0.9009608325691452,
    "mae_std": 0.19454908632490878,
    "rmse_mean": 1.8510313820186524,
    "rmse_std": 0.5477750330364476,
    "r2_mean": 0.32802993309228606,
    "r2_std": 0.12332287822528643,
    "r2_prod_mean": 0.17571329315132736,
    "r2_prod_std": 0.1751695160311111,
    "mase_mean": 1.5043683401769998,
    "mase_std": 0.027837404788649458
  },
  "cv_fold_results": [
    {
      "fold_idx": 0,
      "metrics": {
        "mae": 1.1126246280970844,
        "rmse": 2.612023565521017,
        "r2": 0.1730033222181,
        "r2_prod": -0.06731505719276498,
        "mase": 1.5436823658111438
      }
    },
    {
      "fold_idx": 1,
      "metrics": {
        "mae": 0.6429026271845305,
        "rmse": 1.3450187466831698,
        "r2": 0.336348868228747,
        "r2_prod": 0.2556407551010911,
        "mase": 1.4864966002743831
      }
    },
    {
      "fold_idx": 2,
      "metrics": {
        "mae": 0.9473552424258208,
        "rmse": 1.5960518338517709,
        "r2": 0.47473760883001126,
        "r2_prod": 0.338814181545656,
        "mase": 1.4829260544454725
      }
    }
  ],
  "n_train": 4816,
  "n_test": 1204,
  "n_cv_folds": 3,
  "well": "49/22-Z02Z"
}