{
  "test_metrics": {
    "mae": 0.010546759793414687,
    "rmse": 0.0549053564212096,
    "r2": 0.03466613667047325,
    "r2_prod": -0.031573841748121945,
    "mase": 0.9084706119405819
  },
  "cv_aggregate": {
    "mae_mean": 2.241347290711139,
    "mae_std": 0.7448205281598002,
    "rmse_mean": 3.7018145373733873,
    "rmse_std": 1.3132447202313597,
    "r2_mean": -0.10697527084962928,
    "r2_std": 0.23908731792649143,
    "r2_prod_mean": -0.5986809423252732,
    "r2_prod_std": 1.027703410278255,
    "mase_mean": 1.2930114325771942,
    "mase_std": 0.2138732874243441
  },
  "cv_fold_results": [
    {
      "fold_idx": 0,
      "metrics": {
        "mae": 2.727266141173356,
        "rmse": 4.456488859379185,
        "r2": -0.039453639900439263,
        "r2_prod": 0.1008308951005561,
        "mase": 1.5950219087612425
      }
    },
    {
      "fold_idx": 1,
      "metrics": {
        "mae": 2.807738581688074,
        "rmse": 4.79409213664004,
        "r2": -0.42765896865568953,
        "r2_prod": -2.051738198489651,
        "mase": 1.1276908594608859
      }
    },
    {
      "fold_idx": 2,
      "metrics": {
        "mae": 1.1890371492719864,
        "rmse": 1.8548626161009372,
        "r2": 0.14618679600724094,
        "r2_prod": 0.1548644764132754,
        "mase": 1.1563215295094544
      }
    }
  ],
  "n_train": 2444,
  "n_test": 612,
  "n_cv_folds": 3,
  "well": "49/22-Z06"
}