{
  "test_metrics": {
    "mae": 0.7379047935764569,
    "rmse": 1.1981674599114878,
    "r2": -0.0712702634676119,
    "r2_prod": -0.8298303239694187,
    "mase": 0.8418835974838883
  },
  "cv_aggregate": {
    "mae_mean": 1.2049105355127274,
    "mae_std": 0.36521563221739867,
    "rmse_mean": 1.7600639551352402,
    "rmse_std": 0.4881454530969119,
    "r2_mean": -0.016283601278303677,
    "r2_std": 0.19042092671565672,
    "r2_prod_mean": -0.890132744425428,
    "r2_prod_std": 0.828837436616156,
    "mase_mean": 1.9595696594391232,
    "mase_std": 0.3375306435145166
  },
  "cv_fold_results": [
    {
      "fold_idx": 0,
      "metrics": {
        "mae": 0.8628252576756522,
        "rmse": 1.2996884066945709,
        "r2": 0.24453491772510005,
        "r2_prod": 0.21218031489391043,
        "mase": 1.4826509615659376
      }
    },
    {
      "fold_idx": 1,
      "metrics": {
        "mae": 1.7110754417297536,
        "rmse": 2.4357511579379794,
        "r2": -0.20474860214576207,
        "r2_prod": -1.0961274512466046,
        "mase": 2.1806560500440364
      }
    },
    {
      "fold_idx": 2,
      "metrics": {
        "mae": 1.0408309071327766,
        "rmse": 1.5447523007731707,
        "r2": -0.08863711941424901,
        "r2_prod": -1.78645109692359,
        "mase": 2.215401966707396
      }
    }
  ],
  "n_train": 799,
  "n_test": 200,
  "n_cv_folds": 3,
  "well": "49/22-Z08"
}