{
  "test_metrics": {
    "mae": 0.48321595706149967,
    "rmse": 0.7999672120418747,
    "r2": 0.4111722844387672,
    "r2_prod": 0.1293528323712898,
    "mase": 1.4437580017656009
  },
  "cv_aggregate": {
    "mae_mean": 0.36857561290911334,
    "mae_std": 0.010040377846490391,
    "rmse_mean": 0.8380034009276977,
    "rmse_std": 0.12365750120286617,
    "r2_mean": 0.1073337814852432,
    "r2_std": 0.06466209992007173,
    "r2_prod_mean": -0.519209796394429,
    "r2_prod_std": 0.44632292555521363,
    "mase_mean": 1.5948880007839812,
    "mase_std": 0.09009917668192377
  },
  "cv_fold_results": [
    {
      "fold_idx": 0,
      "metrics": {
        "mae": 0.35969905758035703,
        "rmse": 1.0061160740057937,
        "r2": 0.023436570159562353,
        "r2_prod": -1.0096226888720952,
        "mase": 1.6622627179197507
      }
    },
    {
      "fold_idx": 1,
      "metrics": {
        "mae": 0.3634160337777225,
        "rmse": 0.7122294030387111,
        "r2": 0.18078991320045001,
        "r2_prod": 0.07012980282884695,
        "mase": 1.4675402019208628
      }
    },
    {
      "fold_idx": 2,
      "metrics": {
        "mae": 0.38261174736926046,
        "rmse": 0.7956647257385879,
        "r2": 0.11777486109571722,
        "r2_prod": -0.6181365031400388,
        "mase": 1.6548610825113306
      }
    }
  ],
  "n_train": 4812,
  "n_test": 1203,
  "n_cv_folds": 3,
  "well": "49/22-Z04"
}