{
  "mambasl_raw": {
    "status": "ok",
    "elapsed": 786.4,
    "test_metrics": {
      "f1_macro": 0.8669932595993839,
      "f1_weighted": 0.9025854390380722,
      "accuracy": 0.9009755510056606,
      "auc_pr": 0.7787856446795751,
      "edr": 1.0,
      "confusion_matrix": [
        [
          5153,
          11,
          37,
          1,
          882,
          2,
          0,
          55,
          401,
          17
        ],
        [
          287,
          3888,
          133,
          238,
          48,
          5,
          35,
          119,
          161,
          2
        ],
        [
          1,
          0,
          349,
          0,
          20,
          1,
          0,
          0,
          27,
          0
        ],
        [
          2,
          148,
          28,
          2449,
          18,
          0,
          0,
          1,
          18,
          32
        ],
        [
          243,
          0,
          5,
          49,
          1497,
          0,
          0,
          1,
          0,
          119
        ],
        [
          119,
          0,
          31,
          1,
          2,
          6965,
          121,
          1,
          5,
          16
        ],
        [
          9,
          0,
          0,
          1,
          1,
          5,
          3128,
          9,
          6,
          0
        ],
        [
          320,
          22,
          25,
          0,
          38,
          1,
          8,
          5228,
          6,
          22
        ],
        [
          9,
          21,
          51,
          16,
          4,
          0,
          2,
          18,
          3544,
          66
        ],
        [
          3,
          0,
          0,
          3,
          2,
          0,
          0,
          0,
          0,
          5203
        ]
      ],
      "class_labels": [
        0,
        1,
        2,
        3,
        4,
        5,
        6,
        7,
        8,
        9
      ]
    },
    "cv_aggregate": {
      "accuracy_mean": 0.8944366370502713,
      "accuracy_std": 0.021277364915380483,
      "auc_pr_mean": 0.7704505585836217,
      "auc_pr_std": 0.032695117460011656,
      "edr_mean": 1.0,
      "edr_std": 0.0,
      "f1_macro_mean": 0.8624423240574078,
      "f1_macro_std": 0.02258486567216018,
      "f1_weighted_mean": 0.8949749896834763,
      "f1_weighted_std": 0.022441790523823363
    },
    "n_train": 167458,
    "n_test": 41515,
    "n_cv_folds": 5
  }
}