{
  "fkmad": {
    "status": "ok",
    "elapsed": 5375.5,
    "test_metrics": {
      "f1_macro": 0.9522824665859513,
      "f1_weighted": 0.9641033166223358,
      "accuracy": 0.9638203059135252,
      "auc_pr": 0.9645107823604903,
      "edr": 0.9938271604938271,
      "confusion_matrix": [
        [
          6008,
          3,
          5,
          0,
          125,
          0,
          0,
          22,
          396,
          0
        ],
        [
          275,
          4578,
          1,
          5,
          43,
          0,
          2,
          9,
          2,
          1
        ],
        [
          0,
          3,
          366,
          0,
          16,
          0,
          0,
          0,
          13,
          0
        ],
        [
          1,
          16,
          19,
          2636,
          0,
          0,
          0,
          4,
          20,
          0
        ],
        [
          103,
          1,
          16,
          16,
          1765,
          0,
          0,
          0,
          0,
          13
        ],
        [
          0,
          0,
          0,
          0,
          0,
          7210,
          41,
          0,
          0,
          10
        ],
        [
          0,
          0,
          0,
          0,
          2,
          0,
          3157,
          0,
          0,
          0
        ],
        [
          206,
          9,
          4,
          1,
          11,
          1,
          0,
          5438,
          0,
          0
        ],
        [
          11,
          2,
          23,
          0,
          0,
          0,
          0,
          8,
          3686,
          1
        ],
        [
          0,
          4,
          20,
          0,
          8,
          4,
          0,
          4,
          2,
          5169
        ]
      ],
      "class_labels": [
        0,
        1,
        2,
        3,
        4,
        5,
        6,
        7,
        8,
        9
      ]
    },
    "cv_aggregate": {
      "accuracy_mean": 0.9550573905934181,
      "accuracy_std": 0.019268866090905508,
      "auc_pr_mean": 0.972755694554596,
      "auc_pr_std": 0.008504412048017423,
      "edr_mean": 0.9900525605347132,
      "edr_std": 0.006710772481565321,
      "f1_macro_mean": 0.9341956598032268,
      "f1_macro_std": 0.021145412785730015,
      "f1_weighted_mean": 0.9552677512561383,
      "f1_weighted_std": 0.019240073540468253
    },
    "n_train": 167458,
    "n_test": 41515,
    "n_cv_folds": 5
  }
}