{
  "fkmad_raw": {
    "status": "ok",
    "elapsed": 22904.1,
    "test_metrics": {
      "f1_macro": 0.9380450462487936,
      "f1_weighted": 0.9487686542961933,
      "accuracy": 0.9486209803685415,
      "auc_pr": 0.8875449943572468,
      "edr": 1.0,
      "confusion_matrix": [
        [
          5880,
          8,
          8,
          4,
          211,
          15,
          3,
          32,
          397,
          1
        ],
        [
          304,
          4479,
          6,
          81,
          7,
          12,
          2,
          11,
          12,
          2
        ],
        [
          12,
          14,
          346,
          0,
          2,
          11,
          0,
          0,
          13,
          0
        ],
        [
          0,
          128,
          13,
          2552,
          0,
          0,
          0,
          0,
          1,
          2
        ],
        [
          229,
          5,
          3,
          51,
          1621,
          0,
          0,
          3,
          0,
          2
        ],
        [
          82,
          0,
          0,
          0,
          4,
          7082,
          64,
          11,
          0,
          18
        ],
        [
          0,
          0,
          0,
          0,
          0,
          10,
          3148,
          1,
          0,
          0
        ],
        [
          232,
          12,
          0,
          0,
          7,
          1,
          0,
          5399,
          1,
          18
        ],
        [
          1,
          12,
          13,
          4,
          0,
          0,
          0,
          3,
          3687,
          11
        ],
        [
          19,
          0,
          0,
          1,
          0,
          2,
          0,
          1,
          0,
          5188
        ]
      ],
      "class_labels": [
        0,
        1,
        2,
        3,
        4,
        5,
        6,
        7,
        8,
        9
      ]
    },
    "cv_aggregate": {
      "accuracy_mean": 0.9355366362135559,
      "accuracy_std": 0.01850087494656531,
      "auc_pr_mean": 0.8414692584993085,
      "auc_pr_std": 0.0326099718449987,
      "edr_mean": 1.0,
      "edr_std": 0.0,
      "f1_macro_mean": 0.9091963181656142,
      "f1_macro_std": 0.020220825353258087,
      "f1_weighted_mean": 0.9360176063807295,
      "f1_weighted_std": 0.017995437052217855
    },
    "n_train": 167458,
    "n_test": 41515,
    "n_cv_folds": 5
  }
}