{
  "fkmad_raw": {
    "status": "ok",
    "elapsed": 23237.5,
    "test_metrics": {
      "f1_macro": 0.8995666330412639,
      "f1_weighted": 0.9205405022655418,
      "accuracy": 0.9199566421775262,
      "auc_pr": 0.8250445669385995,
      "edr": 1.0,
      "confusion_matrix": [
        [
          5408,
          34,
          54,
          14,
          584,
          4,
          0,
          57,
          398,
          6
        ],
        [
          314,
          4073,
          11,
          399,
          16,
          0,
          0,
          77,
          24,
          2
        ],
        [
          3,
          5,
          364,
          3,
          11,
          1,
          0,
          1,
          10,
          0
        ],
        [
          0,
          89,
          1,
          2583,
          10,
          0,
          0,
          1,
          3,
          9
        ],
        [
          206,
          3,
          9,
          34,
          1620,
          1,
          0,
          3,
          0,
          38
        ],
        [
          110,
          0,
          6,
          0,
          4,
          7066,
          48,
          5,
          2,
          20
        ],
        [
          13,
          0,
          0,
          0,
          1,
          25,
          3116,
          2,
          1,
          1
        ],
        [
          220,
          80,
          1,
          3,
          41,
          0,
          0,
          5307,
          0,
          18
        ],
        [
          0,
          86,
          64,
          79,
          0,
          0,
          3,
          3,
          3452,
          44
        ],
        [
          2,
          0,
          1,
          2,
          3,
          0,
          0,
          0,
          0,
          5203
        ]
      ],
      "class_labels": [
        0,
        1,
        2,
        3,
        4,
        5,
        6,
        7,
        8,
        9
      ]
    },
    "cv_aggregate": {
      "accuracy_mean": 0.9378727193511756,
      "accuracy_std": 0.018797139032838892,
      "auc_pr_mean": 0.8449053633318975,
      "auc_pr_std": 0.03438398163419093,
      "edr_mean": 1.0,
      "edr_std": 0.0,
      "f1_macro_mean": 0.9101401189684782,
      "f1_macro_std": 0.02314816947344944,
      "f1_weighted_mean": 0.938602391628654,
      "f1_weighted_std": 0.017975834983524626
    },
    "n_train": 167458,
    "n_test": 41515,
    "n_cv_folds": 5
  }
}