{
  "multiscale_rf": {
    "status": "ok",
    "elapsed": 235.1,
    "test_metrics": {
      "f1_macro": 0.9641861554211308,
      "f1_weighted": 0.9664870637856143,
      "accuracy": 0.9662049861495845,
      "auc_pr": 0.9844512942012628,
      "edr": 1.0,
      "confusion_matrix": [
        [
          6150,
          1,
          0,
          0,
          12,
          0,
          0,
          0,
          396,
          0
        ],
        [
          275,
          4594,
          0,
          0,
          32,
          0,
          15,
          0,
          0,
          0
        ],
        [
          0,
          0,
          371,
          0,
          0,
          0,
          0,
          0,
          27,
          0
        ],
        [
          0,
          124,
          0,
          2418,
          0,
          0,
          0,
          0,
          154,
          0
        ],
        [
          104,
          0,
          0,
          13,
          1796,
          0,
          0,
          0,
          0,
          1
        ],
        [
          0,
          0,
          0,
          0,
          0,
          7249,
          12,
          0,
          0,
          0
        ],
        [
          0,
          0,
          0,
          0,
          0,
          0,
          3159,
          0,
          0,
          0
        ],
        [
          213,
          0,
          0,
          0,
          0,
          0,
          0,
          5457,
          0,
          0
        ],
        [
          5,
          0,
          0,
          0,
          0,
          0,
          0,
          1,
          3707,
          18
        ],
        [
          0,
          0,
          0,
          0,
          0,
          0,
          0,
          0,
          0,
          5211
        ]
      ],
      "class_labels": [
        0,
        1,
        2,
        3,
        4,
        5,
        6,
        7,
        8,
        9
      ]
    }
  },
  "multiscale_deeponet": {
    "status": "ok",
    "elapsed": 407.3,
    "test_metrics": {
      "f1_macro": 0.9356580030089747,
      "f1_weighted": 0.9529807469437203,
      "accuracy": 0.9523786583162712,
      "auc_pr": 0.9544549687775392,
      "edr": 0.9876543209876543,
      "confusion_matrix": [
        [
          5794,
          2,
          63,
          0,
          288,
          0,
          0,
          18,
          393,
          1
        ],
        [
          275,
          4554,
          0,
          0,
          47,
          0,
          0,
          40,
          0,
          0
        ],
        [
          1,
          0,
          373,
          0,
          19,
          0,
          0,
          0,
          5,
          0
        ],
        [
          0,
          63,
          0,
          2630,
          1,
          0,
          0,
          2,
          0,
          0
        ],
        [
          94,
          0,
          17,
          16,
          1785,
          0,
          0,
          1,
          1,
          0
        ],
        [
          0,
          0,
          0,
          2,
          2,
          7198,
          57,
          0,
          0,
          2
        ],
        [
          0,
          0,
          0,
          0,
          1,
          2,
          3155,
          1,
          0,
          0
        ],
        [
          183,
          1,
          3,
          0,
          35,
          2,
          0,
          5445,
          0,
          1
        ],
        [
          0,
          1,
          70,
          0,
          3,
          1,
          3,
          10,
          3638,
          5
        ],
        [
          2,
          0,
          7,
          3,
          5,
          48,
          0,
          72,
          108,
          4966
        ]
      ],
      "class_labels": [
        0,
        1,
        2,
        3,
        4,
        5,
        6,
        7,
        8,
        9
      ]
    }
  }
}