{
  "mambasl": {
    "status": "ok",
    "elapsed": 818.2,
    "test_metrics": {
      "f1_macro": 0.9605130201748919,
      "f1_weighted": 0.9657564635934307,
      "accuracy": 0.9656027941707817,
      "auc_pr": 0.9272677302353989,
      "edr": 1.0,
      "confusion_matrix": [
        [
          6115,
          0,
          7,
          1,
          38,
          0,
          0,
          2,
          396,
          0
        ],
        [
          280,
          4567,
          0,
          0,
          41,
          0,
          3,
          24,
          1,
          0
        ],
        [
          0,
          0,
          357,
          0,
          7,
          0,
          12,
          0,
          22,
          0
        ],
        [
          0,
          38,
          3,
          2648,
          0,
          0,
          0,
          6,
          1,
          0
        ],
        [
          122,
          1,
          6,
          25,
          1757,
          0,
          1,
          0,
          0,
          2
        ],
        [
          0,
          0,
          0,
          0,
          0,
          7215,
          42,
          0,
          0,
          4
        ],
        [
          0,
          0,
          0,
          0,
          0,
          7,
          3152,
          0,
          0,
          0
        ],
        [
          198,
          3,
          0,
          0,
          16,
          0,
          0,
          5436,
          0,
          17
        ],
        [
          10,
          1,
          1,
          1,
          4,
          6,
          0,
          46,
          3633,
          29
        ],
        [
          0,
          0,
          1,
          0,
          1,
          2,
          0,
          0,
          0,
          5207
        ]
      ],
      "class_labels": [
        0,
        1,
        2,
        3,
        4,
        5,
        6,
        7,
        8,
        9
      ]
    },
    "cv_aggregate": {
      "accuracy_mean": 0.952001431257466,
      "accuracy_std": 0.015178018678377708,
      "auc_pr_mean": 0.875153620207451,
      "auc_pr_std": 0.024279136124937966,
      "edr_mean": 1.0,
      "edr_std": 0.0,
      "f1_macro_mean": 0.9278658555725394,
      "f1_macro_std": 0.015836908332876654,
      "f1_weighted_mean": 0.9526807548323394,
      "f1_weighted_std": 0.01520717105037872
    },
    "n_train": 167458,
    "n_test": 41515,
    "n_cv_folds": 5
  },
  "mambasl_raw": {
    "status": "ok",
    "elapsed": 11538.7,
    "test_metrics": {
      "f1_macro": 0.8871077967269295,
      "f1_weighted": 0.919895781654695,
      "accuracy": 0.9191376610863543,
      "auc_pr": 0.8071826078340345,
      "edr": 1.0,
      "confusion_matrix": [
        [
          5503,
          10,
          123,
          5,
          448,
          21,
          0,
          51,
          398,
          0
        ],
        [
          281,
          4288,
          33,
          130,
          34,
          6,
          8,
          102,
          28,
          6
        ],
        [
          12,
          0,
          354,
          0,
          7,
          6,
          0,
          0,
          19,
          0
        ],
        [
          0,
          305,
          85,
          2259,
          11,
          0,
          0,
          0,
          15,
          21
        ],
        [
          269,
          8,
          4,
          52,
          1565,
          2,
          1,
          4,
          0,
          9
        ],
        [
          78,
          9,
          1,
          3,
          7,
          7041,
          72,
          21,
          11,
          18
        ],
        [
          8,
          7,
          0,
          0,
          0,
          51,
          3082,
          11,
          0,
          0
        ],
        [
          217,
          25,
          8,
          1,
          22,
          3,
          4,
          5366,
          5,
          19
        ],
        [
          3,
          78,
          44,
          2,
          1,
          5,
          1,
          9,
          3497,
          91
        ],
        [
          2,
          0,
          0,
          1,
          4,
          0,
          0,
          1,
          0,
          5203
        ]
      ],
      "class_labels": [
        0,
        1,
        2,
        3,
        4,
        5,
        6,
        7,
        8,
        9
      ]
    },
    "cv_aggregate": {
      "accuracy_mean": 0.9300255446880401,
      "accuracy_std": 0.017799953639357696,
      "auc_pr_mean": 0.8253432789503199,
      "auc_pr_std": 0.03635393144789585,
      "edr_mean": 1.0,
      "edr_std": 0.0,
      "f1_macro_mean": 0.8984921352282713,
      "f1_macro_std": 0.023072148875394122,
      "f1_weighted_mean": 0.9301867012883547,
      "f1_weighted_std": 0.017308543562204702
    },
    "n_train": 167458,
    "n_test": 41515,
    "n_cv_folds": 5
  }
}