{
  "random_forest": {
    "status": "ok",
    "elapsed": 63.6,
    "test_metrics": {
      "f1_macro": 0.9636967007340864,
      "f1_weighted": 0.9661210682987472,
      "accuracy": 0.9658195832831507,
      "auc_pr": 0.9854577299679986,
      "edr": 1.0,
      "confusion_matrix": [
        [
          6151,
          0,
          0,
          0,
          12,
          0,
          0,
          0,
          396,
          0
        ],
        [
          277,
          4594,
          0,
          0,
          31,
          0,
          14,
          0,
          0,
          0
        ],
        [
          0,
          0,
          371,
          0,
          0,
          0,
          0,
          0,
          27,
          0
        ],
        [
          0,
          113,
          0,
          2412,
          0,
          0,
          0,
          0,
          171,
          0
        ],
        [
          108,
          0,
          0,
          14,
          1791,
          0,
          0,
          0,
          0,
          1
        ],
        [
          0,
          0,
          0,
          0,
          0,
          7243,
          18,
          0,
          0,
          0
        ],
        [
          0,
          0,
          0,
          0,
          0,
          0,
          3159,
          0,
          0,
          0
        ],
        [
          213,
          0,
          0,
          0,
          0,
          0,
          0,
          5457,
          0,
          0
        ],
        [
          4,
          0,
          0,
          0,
          0,
          0,
          0,
          0,
          3707,
          20
        ],
        [
          0,
          0,
          0,
          0,
          0,
          0,
          0,
          0,
          0,
          5211
        ]
      ],
      "class_labels": [
        0,
        1,
        2,
        3,
        4,
        5,
        6,
        7,
        8,
        9
      ]
    },
    "cv_aggregate": {
      "f1_macro_mean": 0.9665176692425048,
      "f1_macro_std": 0.012885042906701151,
      "f1_weighted_mean": 0.9787223989004941,
      "f1_weighted_std": 0.016354525339734974,
      "accuracy_mean": 0.9788691704229248,
      "accuracy_std": 0.01627264918886052,
      "auc_pr_mean": 0.9886635954172899,
      "auc_pr_std": 0.00531525578453458,
      "edr_mean": 1.0,
      "edr_std": 0.0
    },
    "n_train": 167458,
    "n_test": 41515,
    "n_cv_folds": 5
  }
}