{
  "mambasl": {
    "status": "ok",
    "elapsed": 55.4,
    "test_metrics": {
      "f1_macro": 0.9466309004189769,
      "f1_weighted": 0.9617200079338324,
      "accuracy": 0.961435625677466,
      "auc_pr": 0.90359640855857,
      "edr": 1.0,
      "confusion_matrix": [
        [
          5921,
          0,
          50,
          0,
          167,
          0,
          0,
          25,
          396,
          0
        ],
        [
          274,
          4592,
          2,
          0,
          46,
          0,
          0,
          2,
          0,
          0
        ],
        [
          0,
          0,
          360,
          0,
          19,
          0,
          1,
          0,
          18,
          0
        ],
        [
          0,
          54,
          4,
          2636,
          2,
          0,
          0,
          0,
          0,
          0
        ],
        [
          101,
          0,
          21,
          15,
          1773,
          0,
          0,
          0,
          0,
          4
        ],
        [
          0,
          0,
          1,
          0,
          0,
          7214,
          32,
          0,
          0,
          14
        ],
        [
          0,
          0,
          0,
          0,
          0,
          4,
          3155,
          0,
          0,
          0
        ],
        [
          184,
          1,
          0,
          0,
          27,
          0,
          0,
          5442,
          0,
          16
        ],
        [
          0,
          0,
          33,
          0,
          0,
          0,
          0,
          35,
          3614,
          49
        ],
        [
          0,
          0,
          3,
          0,
          0,
          1,
          0,
          0,
          0,
          5207
        ]
      ],
      "class_labels": [
        0,
        1,
        2,
        3,
        4,
        5,
        6,
        7,
        8,
        9
      ]
    },
    "cv_aggregate": {
      "accuracy_mean": 0.9530687842075928,
      "accuracy_std": 0.013340452127809047,
      "auc_pr_mean": 0.8754220013414902,
      "auc_pr_std": 0.027251917115866178,
      "edr_mean": 1.0,
      "edr_std": 0.0,
      "f1_macro_mean": 0.9276038864419787,
      "f1_macro_std": 0.017270994300173877,
      "f1_weighted_mean": 0.9541295142600952,
      "f1_weighted_std": 0.012879521556861801
    },
    "n_train": 167458,
    "n_test": 41515,
    "n_cv_folds": 5
  }
}