{
  "lstm": {
    "status": "ok",
    "elapsed": 92.4,
    "test_metrics": {
      "error_mean": 0.00486902019696484,
      "error_std": 0.0025585170001011996,
      "error_p50": 0.004402382990559814,
      "error_p95": 0.00853705128541614,
      "error_p99": 0.013716047174205692
    }
  },
  "deeponet": {
    "status": "ok",
    "elapsed": 93.4,
    "test_metrics": {
      "error_mean": 0.21872004788493318,
      "error_std": 0.12342529605220995,
      "error_p50": 0.18637677359003832,
      "error_p95": 0.4485046393671991,
      "error_p99": 0.5029330187592034
    }
  },
  "patchtst": {
    "status": "ok",
    "elapsed": 205.3,
    "test_metrics": {
      "error_mean": 0.06105871956613691,
      "error_std": 0.06070830121774076,
      "error_p50": 0.04653081070165435,
      "error_p95": 0.14639097498659695,
      "error_p99": 0.23513303604404873
    }
  },
  "chronos": {
    "status": "ok",
    "elapsed": 3243.4,
    "test_metrics": {
      "error_mean": 24.80873302120912,
      "error_std": 19.19347170137855,
      "error_p50": 19.660306218333666,
      "error_p95": 60.916722147095236,
      "error_p99": 82.89200215800656
    }
  },
  "timesfm": {
    "status": "ok",
    "elapsed": 101.2,
    "test_metrics": {
      "error_mean": 24.883854904818566,
      "error_std": 20.99467930569682,
      "error_p50": 19.065597229080186,
      "error_p95": 64.8879068101957,
      "error_p99": 90.24242635169134
    }
  },
  "tirex": {
    "status": "ok",
    "elapsed": 463.6,
    "test_metrics": {
      "error_mean": 24.8839078122168,
      "error_std": 20.478288878892364,
      "error_p50": 19.206588910832846,
      "error_p95": 63.19375646888525,
      "error_p99": 85.2176897377017
    }
  }
}