{
  "test_metrics": {
    "accuracy": 0.911646392870047,
    "f1_macro": 0.8947412318061744,
    "f1_weighted": 0.9114167294584554,
    "auc_pr": 0.9375796916295893,
    "edr": 1.0,
    "confusion_matrix": [
      [
        5978,
        11,
        0,
        0,
        95,
        15,
        4,
        42,
        409,
        5
      ],
      [
        266,
        4468,
        0,
        85,
        3,
        9,
        4,
        43,
        38,
        0
      ],
      [
        54,
        46,
        270,
        0,
        1,
        10,
        4,
        1,
        5,
        7
      ],
      [
        0,
        292,
        9,
        2391,
        1,
        0,
        0,
        0,
        3,
        0
      ],
      [
        411,
        15,
        0,
        48,
        1406,
        1,
        1,
        11,
        6,
        15
      ],
      [
        115,
        14,
        0,
        0,
        0,
        6844,
        21,
        52,
        2,
        213
      ],
      [
        1,
        2,
        0,
        0,
        0,
        321,
        2818,
        1,
        6,
        10
      ],
      [
        271,
        7,
        1,
        0,
        0,
        0,
        0,
        5390,
        1,
        0
      ],
      [
        12,
        114,
        6,
        2,
        0,
        0,
        0,
        70,
        3389,
        138
      ],
      [
        45,
        6,
        0,
        1,
        8,
        232,
        24,
        1,
        1,
        4893
      ]
    ],
    "class_labels": [
      0,
      1,
      2,
      3,
      4,
      5,
      6,
      7,
      8,
      9
    ]
  },
  "cv_aggregate": {
    "accuracy_mean": 0.8987419828473063,
    "accuracy_std": 0.020986079352142143,
    "f1_macro_mean": 0.8731535912412246,
    "f1_macro_std": 0.01867717348676659,
    "f1_weighted_mean": 0.8972571067435113,
    "f1_weighted_std": 0.021500244689924335,
    "auc_pr_mean": 0.9290637456089943,
    "auc_pr_std": 0.01801555926291546,
    "edr_mean": 1.0,
    "edr_std": 0.0
  },
  "cv_fold_results": [
    {
      "fold_idx": 0,
      "metrics": {
        "accuracy": 0.890964988210011,
        "f1_macro": 0.8683896865036578,
        "f1_weighted": 0.8910283028472726,
        "auc_pr": 0.9372022501651314,
        "edr": 1.0,
        "confusion_matrix": [
          [
            5048,
            19,
            0,
            1,
            100,
            2,
            1,
            49,
            16,
            7
          ],
          [
            11,
            3802,
            0,
            42,
            0,
            52,
            9,
            51,
            47,
            0
          ],
          [
            55,
            51,
            176,
            3,
            1,
            1,
            2,
            0,
            20,
            0
          ],
          [
            58,
            235,
            0,
            1843,
            25,
            1,
            0,
            1,
            6,
            1
          ],
          [
            381,
            7,
            0,
            18,
            1105,
            0,
            0,
            26,
            0,
            3
          ],
          [
            310,
            15,
            0,
            0,
            0,
            5027,
            126,
            1,
            5,
            322
          ],
          [
            62,
            7,
            0,
            0,
            12,
            264,
            2205,
            1,
            1,
            6
          ],
          [
            472,
            76,
            0,
            0,
            0,
            1,
            0,
            3913,
            89,
            27
          ],
          [
            3,
            66,
            1,
            0,
            9,
            7,
            0,
            31,
            2932,
            81
          ],
          [
            48,
            2,
            0,
            0,
            210,
            76,
            14,
            0,
            6,
            3799
          ]
        ],
        "class_labels": [
          0,
          1,
          2,
          3,
          4,
          5,
          6,
          7,
          8,
          9
        ]
      }
    },
    {
      "fold_idx": 1,
      "metrics": {
        "accuracy": 0.930621292912348,
        "f1_macro": 0.908469388725902,
        "f1_weighted": 0.9298392360573088,
        "auc_pr": 0.9564301685872006,
        "edr": 1.0,
        "confusion_matrix": [
          [
            5079,
            11,
            0,
            0,
            81,
            15,
            5,
            30,
            15,
            6
          ],
          [
            30,
            3751,
            3,
            56,
            0,
            13,
            1,
            122,
            32,
            0
          ],
          [
            35,
            31,
            209,
            1,
            0,
            16,
            5,
            0,
            22,
            2
          ],
          [
            0,
            159,
            0,
            2021,
            5,
            0,
            0,
            0,
            0,
            0
          ],
          [
            460,
            1,
            0,
            0,
            1053,
            4,
            1,
            1,
            15,
            5
          ],
          [
            31,
            14,
            0,
            1,
            0,
            5592,
            8,
            4,
            1,
            157
          ],
          [
            4,
            15,
            0,
            0,
            0,
            191,
            2341,
            0,
            0,
            4
          ],
          [
            217,
            96,
            2,
            2,
            0,
            1,
            0,
            4274,
            5,
            1
          ],
          [
            19,
            30,
            3,
            1,
            0,
            0,
            2,
            2,
            2831,
            79
          ],
          [
            64,
            5,
            0,
            0,
            10,
            137,
            26,
            1,
            0,
            3915
          ]
        ],
        "class_labels": [
          0,
          1,
          2,
          3,
          4,
          5,
          6,
          7,
          8,
          9
        ]
      }
    },
    {
      "fold_idx": 2,
      "metrics": {
        "accuracy": 0.8806657750037152,
        "f1_macro": 0.8526174510884645,
        "f1_weighted": 0.8749586386971326,
        "auc_pr": 0.9234787216112104,
        "edr": 1.0,