{
  "hpo": {
    "best_params": {
      "hidden_size": 512,
      "num_layers": 3,
      "dropout": 0.23173865236874508,
      "lr": 0.00023565764749858075
    },
    "best_value": 0.9363965365105378,
    "n_trials": 30
  },
  "test_metrics": {
    "f1_macro": 0.9609522714887175,
    "f1_weighted": 0.9662061291688911,
    "accuracy": 0.9660604600746718,
    "auc_pr": 0.9281712352395204,
    "edr": 1.0,
    "confusion_matrix": [
      [
        6097,
        0,
        0,
        0,
        64,
        0,
        0,
        0,
        396,
        2
      ],
      [
        276,
        4592,
        0,
        0,
        34,
        0,
        13,
        1,
        0,
        0
      ],
      [
        0,
        0,
        354,
        0,
        2,
        0,
        19,
        0,
        23,
        0
      ],
      [
        0,
        102,
        0,
        2594,
        0,
        0,
        0,
        0,
        0,
        0
      ],
      [
        126,
        0,
        2,
        30,
        1752,
        0,
        0,
        0,
        0,
        4
      ],
      [
        0,
        0,
        0,
        0,
        0,
        7222,
        36,
        0,
        0,
        3
      ],
      [
        0,
        0,
        0,
        0,
        0,
        3,
        3156,
        0,
        0,
        0
      ],
      [
        188,
        2,
        0,
        0,
        26,
        0,
        0,
        5438,
        0,
        16
      ],
      [
        5,
        0,
        2,
        0,
        0,
        1,
        5,
        0,
        3708,
        10
      ],
      [
        0,
        1,
        3,
        0,
        0,
        14,
        0,
        0,
        0,
        5193
      ]
    ],
    "class_labels": [
      0,
      1,
      2,
      3,
      4,
      5,
      6,
      7,
      8,
      9
    ]
  },
  "cv_aggregate": {
    "accuracy_mean": 0.9404968945587951,
    "accuracy_std": 0.02707226032107523,
    "auc_pr_mean": 0.8556941531563556,
    "auc_pr_std": 0.042805123571297565,
    "edr_mean": 1.0,
    "edr_std": 0.0,
    "f1_macro_mean": 0.9157894704631451,
    "f1_macro_std": 0.027031377974422816,
    "f1_weighted_mean": 0.9409529634030296,
    "f1_weighted_std": 0.027368481129679937
  },
  "baseline_kwargs": {
    "task": "classification",
    "n_vars": 27,
    "window_size": 14,
    "n_classes": 10,
    "hidden_size": 256,
    "num_layers": 2,
    "dropout": 0.3,
    "bidirectional": true
  },
  "best_kwargs": {
    "task": "classification",
    "n_vars": 27,
    "window_size": 14,
    "n_classes": 10,
    "hidden_size": 512,
    "num_layers": 3,
    "dropout": 0.23173865236874508,
    "bidirectional": true
  }
}