{
  "hpo": {
    "best_params": {
      "d_model": 128,
      "n_heads": 16,
      "n_layers": 4,
      "lr": 6.813404348545254e-05,
      "dropout": 0.24342220800410075
    },
    "best_value": 0.9494377339445454,
    "n_trials": 30
  },
  "test_metrics": {
    "f1_macro": 0.9624391844947653,
    "f1_weighted": 0.9649269369075356,
    "accuracy": 0.9647356377213056,
    "auc_pr": 0.9308685217415034,
    "edr": 1.0,
    "confusion_matrix": [
      [
        6116,
        0,
        0,
        0,
        46,
        0,
        0,
        1,
        396,
        0
      ],
      [
        271,
        4587,
        2,
        1,
        41,
        0,
        6,
        8,
        0,
        0
      ],
      [
        1,
        0,
        370,
        0,
        0,
        0,
        0,
        0,
        27,
        0
      ],
      [
        1,
        28,
        3,
        2657,
        0,
        0,
        0,
        3,
        0,
        4
      ],
      [
        97,
        0,
        0,
        13,
        1803,
        0,
        0,
        0,
        0,
        1
      ],
      [
        1,
        0,
        1,
        0,
        0,
        7208,
        36,
        0,
        5,
        10
      ],
      [
        0,
        0,
        0,
        0,
        0,
        1,
        3158,
        0,
        0,
        0
      ],
      [
        195,
        1,
        1,
        1,
        47,
        2,
        7,
        5408,
        0,
        8
      ],
      [
        28,
        0,
        3,
        0,
        0,
        9,
        29,
        104,
        3538,
        20
      ],
      [
        0,
        0,
        1,
        0,
        0,
        4,
        0,
        0,
        0,
        5206
      ]
    ],
    "class_labels": [
      0,
      1,
      2,
      3,
      4,
      5,
      6,
      7,
      8,
      9
    ]
  },
  "cv_aggregate": {
    "accuracy_mean": 0.9638636692088399,
    "accuracy_std": 0.009833898481798426,
    "auc_pr_mean": 0.9026071681801271,
    "auc_pr_std": 0.02484219776370498,
    "edr_mean": 1.0,
    "edr_std": 0.0,
    "f1_macro_mean": 0.9453408329508965,
    "f1_macro_std": 0.014783228387900168,
    "f1_weighted_mean": 0.9639768938760505,
    "f1_weighted_std": 0.009809749686478181
  },
  "baseline_kwargs": {
    "task": "classification",
    "n_vars": 27,
    "window_size": 14,
    "n_classes": 10,
    "pretrained": false,
    "d_model": 256,
    "d_ff": 512,
    "n_heads": 8,
    "n_layers": 3,
    "patch_len": 7,
    "stride": 4,
    "dropout": 0.15
  },
  "best_kwargs": {
    "task": "classification",
    "n_vars": 27,
    "window_size": 14,
    "n_classes": 10,
    "pretrained": false,
    "d_model": 128,
    "d_ff": 512,
    "n_heads": 16,
    "n_layers": 4,
    "patch_len": 7,
    "stride": 4,
    "dropout": 0.24342220800410075
  }
}