{
  "test_metrics": {
    "error_std": 0.17977325835693328,
    "error_p50": 0.2252698169612014,
    "error_p95": 0.6075030315787977,
    "error_p99": 0.7349201029650393,
    "forecast_error_mean": 0.26334288919074095
  },
  "cv_aggregate": {
    "error_p50_mean": 0.7132647617084741,
    "error_p50_std": 0.42820960745584674,
    "error_p95_mean": 2.2856512628368617,
    "error_p95_std": 1.1856588850936876,
    "error_p99_mean": 2.790278249989051,
    "error_p99_std": 1.3317520784203234,
    "error_std_mean": 0.7144536821217177,
    "error_std_std": 0.35115827116299614,
    "forecast_error_mean_mean": 0.9403249483857601,
    "forecast_error_mean_std": 0.5239785634452208
  },
  "cv_fold_results": [
    {
      "fold_idx": 0,
      "metrics": {
        "error_std": 0.2575073126068668,
        "error_p50": 0.11493697461806467,
        "error_p95": 0.6828012941095234,
        "error_p99": 0.9928426045342832,
        "forecast_error_mean": 0.20339947457373422
      }
    },
    {
      "fold_idx": 1,
      "metrics": {
        "error_std": 0.7744982213057893,
        "error_p50": 1.093348963414583,
        "error_p95": 2.660655714140164,
        "error_p99": 3.2018983177413913,
        "forecast_error_mean": 1.241438320332876
      }
    },
    {
      "fold_idx": 2,
      "metrics": {
        "error_std": 1.1113555124524972,
        "error_p50": 0.9315083470927747,
        "error_p95": 3.513496780260897,
        "error_p99": 4.176093827691479,
        "forecast_error_mean": 1.37613705025067
      }
    }
  ],
  "metric_note": "FM error is one-step-ahead forecasting error on normalized inputs; trained model error is multi-step reconstruction error.",
  "n_train": 3417,
  "n_test": 855,
  "n_cv_folds": 3
}