{
  "test_metrics": {
    "mae": 0.5936000452078806,
    "rmse": 0.8968692115832473,
    "r2": 0.14453031205750733,
    "r2_prod": -0.6931603016355605,
    "mase": 1.208904600538026
  },
  "cv_aggregate": {
    "mae_mean": 0.8727866459296543,
    "mae_std": 0.06647274827798309,
    "rmse_mean": 1.3508224373352746,
    "rmse_std": 0.14903405267695993,
    "r2_mean": -0.44997516890068406,
    "r2_std": 0.051561650836813994,
    "r2_prod_mean": -3.013053374487631,
    "r2_prod_std": 1.1837939490532057,
    "mase_mean": 1.652272503304386,
    "mase_std": 0.09198348347133653
  },
  "cv_fold_results": [
    {
      "fold_idx": 0,
      "metrics": {
        "mae": 0.8771561964905732,
        "rmse": 1.5541373007438886,
        "r2": -0.3891656093324154,
        "r2_prod": -4.131209423400037,
        "mase": 1.5612071414881838
      }
    },
    {
      "fold_idx": 1,
      "metrics": {
        "mae": 0.9519260347479659,
        "rmse": 1.2972692988263859,
        "r2": -0.4455294988403591,
        "r2_prod": -1.3749260191698016,
        "mase": 1.6173578924293224
      }
    },
    {
      "fold_idx": 2,
      "metrics": {
        "mae": 0.7892777065504238,
        "rmse": 1.2010607124355492,
        "r2": -0.5152303985292777,
        "r2_prod": -3.533024680893054,
        "mase": 1.7782524759956515
      }
    }
  ],
  "n_train": 5542,
  "n_test": 1386,
  "n_cv_folds": 3,
  "well": "49/22-Z04"
}