{
  "test_metrics": {
    "mae": 1.8460925960905012,
    "rmse": 2.7325602965615,
    "r2": 0.055926567784860826,
    "r2_prod": -0.3416103379498654,
    "mase": 2.5254256944020734
  },
  "cv_aggregate": {
    "mae_mean": 1.0274250194165881,
    "mae_std": 0.20831931074003388,
    "rmse_mean": 1.8784053021283205,
    "rmse_std": 0.517402531455703,
    "r2_mean": 0.30889342847334383,
    "r2_std": 0.08436425630734651,
    "r2_prod_mean": 0.188087685925761,
    "r2_prod_std": 0.08907449002874505,
    "mase_mean": 1.7198203946695545,
    "mase_std": 0.010289668086262558
  },
  "cv_fold_results": [
    {
      "fold_idx": 0,
      "metrics": {
        "mae": 1.232684921551566,
        "rmse": 2.578306589012748,
        "r2": 0.19421588744041063,
        "r2_prod": 0.06801114555373444,
        "mase": 1.7102569257836044
      }
    },
    {
      "fold_idx": 1,
      "metrics": {
        "mae": 0.7417740797372498,
        "rmse": 1.3436257897335089,
        "r2": 0.3377227654560234,
        "r2_prod": 0.2151469400555711,
        "mase": 1.7151036581230086
      }
    },
    {
      "fold_idx": 2,
      "metrics": {
        "mae": 1.107816056960948,
        "rmse": 1.713283527638705,
        "r2": 0.3947416325235975,
        "r2_prod": 0.2811049721679775,
        "mase": 1.7341006001020507
      }
    }
  ],
  "n_train": 4816,
  "n_test": 1204,
  "n_cv_folds": 3,
  "well": "49/22-Z02Z"
}