{
  "test_metrics": {
    "mae": 0.019897222442984024,
    "rmse": 0.05095869357422947,
    "r2": -0.12332907828936301,
    "r2_prod": -1.1488673211836944,
    "mase": 0.5903951536399459
  },
  "cv_aggregate": {
    "mae_mean": 0.9479491492602304,
    "mae_std": 0.5879373077547487,
    "rmse_mean": 1.8580075856207354,
    "rmse_std": 1.1715371109859134,
    "r2_mean": -0.07002778859047742,
    "r2_std": 0.04477206974745194,
    "r2_prod_mean": -0.4894752342645377,
    "r2_prod_std": 0.2374903837856032,
    "mase_mean": 0.8931264985270841,
    "mase_std": 0.1517764398405114
  },
  "cv_fold_results": [
    {
      "fold_idx": 0,
      "metrics": {
        "mae": 1.2961617229772149,
        "rmse": 2.4095141781982017,
        "r2": -0.021948144774995848,
        "r2_prod": -0.4983586722412501,
        "mase": 0.794724987711219
      }
    },
    {
      "fold_idx": 1,
      "metrics": {
        "mae": 1.4277284941477637,
        "rmse": 2.9352617403031798,
        "r2": -0.12974769222652105,
        "r2_prod": -0.19427014587894287,
        "mase": 1.1075301247873628
      }
    },
    {
      "fold_idx": 2,
      "metrics": {
        "mae": 0.11995723065571325,
        "rmse": 0.229246838360824,
        "r2": -0.058387528769915376,
        "r2_prod": -0.7757968846734202,
        "mase": 0.7771243830826705
      }
    }
  ],
  "n_train": 2940,
  "n_test": 736,
  "n_cv_folds": 3,
  "well": "49/22-Z01Z"
}