{
  "test_metrics": {
    "mae": 1.7188657080295766,
    "rmse": 2.591287397800066,
    "r2": 0.011092113755609478,
    "r2_prod": -0.2602379722150039,
    "mase": 1.1255819876861823
  },
  "cv_aggregate": {
    "mae_mean": 0.47559574161004026,
    "mae_std": 0.2853662952471534,
    "rmse_mean": 0.7894194330110222,
    "rmse_std": 0.5079727400649464,
    "r2_mean": -0.15572890393777872,
    "r2_std": 0.045452626529326245,
    "r2_prod_mean": -0.5487925038837651,
    "r2_prod_std": 0.10775812803465495,
    "mase_mean": 1.0457801189111873,
    "mase_std": 0.09504717296725794
  },
  "cv_fold_results": [
    {
      "fold_idx": 0,
      "metrics": {
        "mae": 0.2298924967235345,
        "rmse": 0.3902519685652515,
        "r2": -0.21628112083332285,
        "r2_prod": -0.5064474557755116,
        "mase": 1.163428646216504
      }
    },
    {
      "fold_idx": 1,
      "metrics": {
        "mae": 0.3211869805077719,
        "rmse": 0.4717474659230299,
        "r2": -0.10677169114904617,
        "r2_prod": -0.44318611047985423,
        "mase": 1.0432591913121714
      }
    },
    {
      "fold_idx": 2,
      "metrics": {
        "mae": 0.8757077475988145,
        "rmse": 1.5062588645447854,
        "r2": -0.14413389983096714,
        "r2_prod": -0.6967439453959294,
        "mase": 0.9306525192048866
      }
    }
  ],
  "n_train": 4490,
  "n_test": 1123,
  "n_cv_folds": 3,
  "well": "49/22-Z07"
}