{
  "test_metrics": {
    "mae": 0.7071376007158375,
    "rmse": 1.0713892706958354,
    "r2": 0.14343841345964814,
    "r2_prod": -0.5174171134374483,
    "mase": 0.8067809728154188
  },
  "cv_aggregate": {
    "mae_mean": 1.293761753065347,
    "mae_std": 0.27430309516404183,
    "rmse_mean": 1.7494585785623868,
    "rmse_std": 0.3702390489730492,
    "r2_mean": -0.030058654687556568,
    "r2_std": 0.18487917716830565,
    "r2_prod_mean": -1.01812678660584,
    "r2_prod_std": 1.0630629117629238,
    "mase_mean": 2.147558987994787,
    "mase_std": 0.3823375262982006
  },
  "cv_fold_results": [
    {
      "fold_idx": 0,
      "metrics": {
        "mae": 0.9894240869051115,
        "rmse": 1.3453594476170996,
        "r2": 0.1905079803113604,
        "r2_prod": 0.1539019590885935,
        "mase": 1.700194287077555
      }
    },
    {
      "fold_idx": 1,
      "metrics": {
        "mae": 1.6542505821659281,
        "rmse": 2.2398540289608424,
        "r2": -0.018755645366991702,
        "r2_prod": -0.7887175909941557,
        "mase": 2.1082364063633987
      }
    },
    {
      "fold_idx": 2,
      "metrics": {
        "mae": 1.237610590125001,
        "rmse": 1.6631622591092188,
        "r2": -0.2619282990070384,
        "r2_prod": -2.419564727911958,
        "mase": 2.634246270543407
      }
    }
  ],
  "n_train": 799,
  "n_test": 200,
  "n_cv_folds": 3,
  "well": "49/22-Z08"
}