{
  "test_metrics": {
    "mae": 0.5311287736742661,
    "rmse": 0.8083050927457519,
    "r2": 0.39883387636459555,
    "r2_prod": 0.15294920738673234,
    "mase": 1.5869124472281821
  },
  "cv_aggregate": {
    "mae_mean": 0.4335554722956884,
    "mae_std": 0.017504986069791117,
    "rmse_mean": 0.8615225117670864,
    "rmse_std": 0.08350181489454124,
    "r2_mean": 0.04720562930383768,
    "r2_std": 0.028510640380288044,
    "r2_prod_mean": -0.5603441561303454,
    "r2_prod_std": 0.255757762624701,
    "mase_mean": 1.8755687106029801,
    "mase_std": 0.11151031675143412
  },
  "cv_fold_results": [
    {
      "fold_idx": 0,
      "metrics": {
        "mae": 0.4167886914232149,
        "rmse": 0.9771883881029682,
        "r2": 0.07878526242220962,
        "r2_prod": -0.7537691328311795,
        "mase": 1.9260887355775034
      }
    },
    {
      "fold_idx": 1,
      "metrics": {
        "mae": 0.4261656861230041,
        "rmse": 0.7830768730334084,
        "r2": 0.00970567683022372,
        "r2_prod": -0.19894669747484905,
        "mase": 1.7209347385240066
      }
    },
    {
      "fold_idx": 2,
      "metrics": {
        "mae": 0.4577120393408462,
        "rmse": 0.8243022741648829,
        "r2": 0.053125948659079714,
        "r2_prod": -0.7283166380850075,
        "mase": 1.9796826577074305
      }
    }
  ],
  "n_train": 4812,
  "n_test": 1203,
  "n_cv_folds": 3,
  "well": "49/22-Z04"
}