{
  "test_metrics": {
    "mae": 0.9489694364765345,
    "rmse": 1.7364731790029149,
    "r2": 0.6234163957059465,
    "r2_prod": 0.6558540450581241,
    "mase": 1.1170144390491379
  },
  "cv_aggregate": {
    "mae_mean": 4.2783849635427496,
    "mae_std": 2.3761018561824008,
    "rmse_mean": 9.68882404137578,
    "rmse_std": 5.673270901877484,
    "r2_mean": 0.40219854958950935,
    "r2_std": 0.06738485210894123,
    "r2_prod_mean": 0.484345823589051,
    "r2_prod_std": 0.17356347049951046,
    "mase_mean": 1.2149480571632412,
    "mase_std": 0.09105077518227245
  },
  "cv_fold_results": [
    {
      "fold_idx": 0,
      "metrics": {
        "mae": 0.9196371044452292,
        "rmse": 1.7105072004035473,
        "r2": 0.31254775040133276,
        "r2_prod": 0.24479725185664047,
        "mase": 1.1841978639780835
      }
    },
    {
      "fold_idx": 1,
      "metrics": {
        "mae": 6.046638928454017,
        "rmse": 14.412046068049262,
        "r2": 0.41903952325940286,
        "r2_prod": 0.5577651876726308,
        "mase": 1.3386106632213428
      }
    },
    {
      "fold_idx": 2,
      "metrics": {
        "mae": 5.868878857729004,
        "rmse": 12.943918855674529,
        "r2": 0.4750083751077925,
        "r2_prod": 0.6504750312378815,
        "mase": 1.1220356442902972
      }
    }
  ],
  "n_train": 23260,
  "n_test": 5815,
  "n_cv_folds": 3
}