{
  "test_metrics": {
    "mae": 0.4553564454240648,
    "rmse": 0.6161340935714736,
    "r2": -0.33043609735193735,
    "r2_prod": -2.689891449591575,
    "mase": 2.2725563153925075
  },
  "cv_aggregate": {
    "mae_mean": 1.93779025236704,
    "mae_std": 1.8687942824044437,
    "rmse_mean": 3.308655220137496,
    "rmse_std": 3.355164055072031,
    "r2_mean": -0.3395262208717613,
    "r2_std": 0.3910168950919275,
    "r2_prod_mean": -1.9674157472991822,
    "r2_prod_std": 1.0843704862899635,
    "mase_mean": 2.102181056780166,
    "mase_std": 0.6578474834697625
  },
  "cv_fold_results": [
    {
      "fold_idx": 0,
      "metrics": {
        "mae": 4.580109557977962,
        "rmse": 8.05082618306076,
        "r2": -0.011711761516069785,
        "r2_prod": -0.535555472834103,
        "mase": 3.03240151559237
      }
    },
    {
      "fold_idx": 1,
      "metrics": {
        "mae": 0.5697304895598813,
        "rmse": 1.0773898855670658,
        "r2": -0.117759263509563,
        "r2_prod": -3.158867853647439,
        "mase": 1.6498140909536823
      }
    },
    {
      "fold_idx": 2,
      "metrics": {
        "mae": 0.6635307095632776,
        "rmse": 0.7977495917846639,
        "r2": -0.8891076375896512,
        "r2_prod": -2.207823915416004,
        "mase": 1.6243275637944472
      }
    }
  ],
  "n_train": 2241,
  "n_test": 561,
  "n_cv_folds": 3,
  "well": "49/22-Z05Z"
}