{
  "test_metrics": {
    "mae": 0.16243234004292773,
    "rmse": 0.41301269006015573,
    "r2": -0.0901367402506621,
    "r2_prod": -0.7022267832339464,
    "mase": 0.7384551416129366
  },
  "cv_aggregate": {
    "mae_mean": 2.7711443774306552,
    "mae_std": 0.9795827269947983,
    "rmse_mean": 4.382319788174641,
    "rmse_std": 1.1461262853471157,
    "r2_mean": -0.030035883957373555,
    "r2_std": 0.13704170482081404,
    "r2_prod_mean": -0.31100316087822333,
    "r2_prod_std": 0.44847547777932706,
    "mase_mean": 1.117430943883871,
    "mase_std": 0.1863580449001426
  },
  "cv_fold_results": [
    {
      "fold_idx": 0,
      "metrics": {
        "mae": 4.116326582197571,
        "rmse": 5.995242948666199,
        "r2": 0.14771856913450554,
        "r2_prod": 0.2003428234552489,
        "mase": 1.3808512847953962
      }
    },
    {
      "fold_idx": 1,
      "metrics": {
        "mae": 1.8117831484236893,
        "rmse": 3.7146650943135464,
        "r2": -0.05203143068889826,
        "r2_prod": -0.24173101231560823,
        "mase": 0.9785601628363195
      }
    },
    {
      "fold_idx": 2,
      "metrics": {
        "mae": 2.385323401670705,
        "rmse": 3.4370513215441783,
        "r2": -0.18579479031772794,
        "r2_prod": -0.8916212937743107,
        "mase": 0.9928813840198973
      }
    }
  ],
  "n_train": 2097,
  "n_test": 525,
  "n_cv_folds": 3,
  "well": "49/22-Z06"
}