{
  "test_metrics": {
    "mae": 1.0209544962875654,
    "rmse": 1.8878392277427836,
    "r2": 0.41142414841399466,
    "r2_prod": 0.4132745106050669,
    "mase": 1.414777565395126
  },
  "cv_aggregate": {
    "mae_mean": 4.68303320541045,
    "mae_std": 3.4457452763076266,
    "rmse_mean": 9.767640061234966,
    "rmse_std": 7.374561934319387,
    "r2_mean": 0.24833915989929212,
    "r2_std": 0.23837095081363244,
    "r2_prod_mean": 0.34952660318447065,
    "r2_prod_std": 0.28335039135212686,
    "mase_mean": 1.5318766951783491,
    "mase_std": 0.16770644310979343
  },
  "cv_fold_results": [
    {
      "fold_idx": 0,
      "metrics": {
        "mae": 0.9612670366698066,
        "rmse": 1.6439256756773182,
        "r2": 0.09594378927701563,
        "r2_prod": 0.012337229548799011,
        "mase": 1.6798347478725915
      }
    },
    {
      "fold_idx": 1,
      "metrics": {
        "mae": 9.268082805012115,
        "rmse": 19.493435285196824,
        "r2": 0.06412792918149135,
        "r2_prod": 0.330614860380566,
        "mase": 1.618426443737796
      }
    },
    {
      "fold_idx": 2,
      "metrics": {
        "mae": 3.8197497745494315,
        "rmse": 8.165559222830755,
        "r2": 0.5849457612393694,
        "r2_prod": 0.705627719624047,
        "mase": 1.2973688939246606
      }
    }
  ],
  "n_train": 25087,
  "n_test": 6272,
  "n_cv_folds": 3
}