{
  "test_metrics": {
    "f1_macro": 0.9466309004189769,
    "f1_weighted": 0.9617200079338324,
    "accuracy": 0.961435625677466,
    "auc_pr": 0.90359640855857,
    "edr": 1.0,
    "confusion_matrix": [
      [
        5921,
        0,
        50,
        0,
        167,
        0,
        0,
        25,
        396,
        0
      ],
      [
        274,
        4592,
        2,
        0,
        46,
        0,
        0,
        2,
        0,
        0
      ],
      [
        0,
        0,
        360,
        0,
        19,
        0,
        1,
        0,
        18,
        0
      ],
      [
        0,
        54,
        4,
        2636,
        2,
        0,
        0,
        0,
        0,
        0
      ],
      [
        101,
        0,
        21,
        15,
        1773,
        0,
        0,
        0,
        0,
        4
      ],
      [
        0,
        0,
        1,
        0,
        0,
        7214,
        32,
        0,
        0,
        14
      ],
      [
        0,
        0,
        0,
        0,
        0,
        4,
        3155,
        0,
        0,
        0
      ],
      [
        184,
        1,
        0,
        0,
        27,
        0,
        0,
        5442,
        0,
        16
      ],
      [
        0,
        0,
        33,
        0,
        0,
        0,
        0,
        35,
        3614,
        49
      ],
      [
        0,
        0,
        3,
        0,
        0,
        1,
        0,
        0,
        0,
        5207
      ]
    ],
    "class_labels": [
      0,
      1,
      2,
      3,
      4,
      5,
      6,
      7,
      8,
      9
    ]
  },
  "cv_aggregate": {
    "accuracy_mean": 0.9530687842075928,
    "accuracy_std": 0.013340452127809047,
    "auc_pr_mean": 0.8754220013414902,
    "auc_pr_std": 0.027251917115866178,
    "edr_mean": 1.0,
    "edr_std": 0.0,
    "f1_macro_mean": 0.9276038864419787,
    "f1_macro_std": 0.017270994300173877,
    "f1_weighted_mean": 0.9541295142600952,
    "f1_weighted_std": 0.012879521556861801
  },
  "cv_fold_results": [
    {
      "fold_idx": 0,
      "metrics": {
        "f1_macro": 0.9113492143236257,
        "f1_weighted": 0.9451922036023804,
        "accuracy": 0.9427215473241203,
        "auc_pr": 0.8506005479560036,
        "edr": 1.0,
        "confusion_matrix": [
          [
            4744,
            0,
            4,
            0,
            453,
            0,
            1,
            25,
            0,
            16
          ],
          [
            7,
            3946,
            28,
            9,
            0,
            0,
            0,
            8,
            16,
            0
          ],
          [
            11,
            20,
            266,
            0,
            0,
            2,
            0,
            0,
            10,
            0
          ],
          [
            1,
            0,
            0,
            2068,
            100,
            1,
            0,
            0,
            0,
            0
          ],
          [
            42,
            0,
            15,
            10,
            1456,
            1,
            1,
            0,
            0,
            15
          ],
          [
            68,
            0,
            95,
            146,
            58,
            5376,
            16,
            3,
            22,
            22
          ],
          [
            14,
            0,
            0,
            0,
            37,
            4,
            2503,
            0,
            0,
            0
          ],
          [
            11,
            5,
            0,
            0,
            1,
            0,
            0,
            4133,
            0,
            428
          ],
          [
            0,
            0,
            73,
            1,
            0,
            5,
            4,
            19,
            3025,
            3
          ],
          [
            0,
            0,
            2,
            0,
            83,
            0,
            0,
            3,
            0,
            4067
          ]
        ],
        "class_labels": [
          0,
          1,
          2,
          3,
          4,
          5,
          6,
          7,
          8,
          9
        ]
      },
      "history": {
        "epochs_run": 2,
        "best_epoch": 1,
        "stopped_early": false,
        "final_train_loss": 0.07522268531815583,
        "final_val_loss": 0.2512748593542342
      },
      "cost": {
        "wall_time_seconds": 8.7,
        "gpu_memory_peak_mb": 146.64,
        "param_count": 426250,
        "trainable_params": 426250,
        "model_size_mb": 1.626
      }
    },
    {
      "fold_idx": 1,
      "metrics": {
        "f1_macro": 0.9568671180606984,
        "f1_weighted": 0.9732881979198698,
        "accuracy": 0.9727397998921574,
        "auc_pr": 0.9217301949402487,
        "edr": 1.0,
        "confusion_matrix": [
          [
            4965,
            1,
            1,
            0,
            274,
            0,
            1,
            0,
            0,
            0
          ],
          [
            8,
            3821,
            0,
            0,
            0,
            0,
            0,
            179,
            0,
            0
          ],
          [
            26,
            0,
            291,
            0,
            0,
            0,
            0,
            0,
            4,
            0
          ],
          [
            0,
            0,
            0,
            2129,
            29,
            0,
            0,
            0,
            27,
            0
          ],
          [
            38,
            0,
            7,
            0,
            1494,
            0,
            1,
            0,
            0,
            0
          ],
          [
            0,
            0,
            10,
            0,
            1,
            5773,
            24,
            0,
            0,
            0
          ],
          [
            0,
            0,
            0,
            0,
            0,
            13,
            2542,
            0,
            0,
            0
          ],
          [
            14,
            92,
            5,
            0,
            0,
            0,
            0,
            4487,
            0,
            0
          ],
          [
            0,
            0,
            42,
            0,
            0,
            0,
            0,
            0,
            2900,
            25
          ],
          [
            0,
            0,
            8,
            0,
            69,
            10,
            0,
            0,
            1,
            4070
          ]
        ],
        "class_labels": [
          0,
          1,
          2,
          3,
          4,
          5,
          6,
          7,
          8,
          9
        ]
      },
      "history": {
        "epochs_run": 2,
        "best_epoch": 1,
        "stopped_early": false,
        "final_train_loss": 0.0761764232026598,
        "final_val_loss": 0.09062769406038458
      },
      "cost": {
        "wall_time_seconds": 8.25,
        "gpu_memory_peak_mb": 146.64,
        "param_count": 426250,
        "trainable_params": 426250,
        "model_size_mb": 1.626
      }
    },
    {
      "fold_idx": 2,
      "metrics": {
        "f1_macro": 0.9252670452326759,
        "f1_weighted": 0.9578702084674613,
        "accuracy": 0.9569029573487888,
        "auc_pr": 0.8738053425456103,
        "edr": 1.0,