{
  "test_metrics": {
    "f1_macro": 0.9605130201748919,
    "f1_weighted": 0.9657564635934307,
    "accuracy": 0.9656027941707817,
    "auc_pr": 0.9272677302353989,
    "edr": 1.0,
    "confusion_matrix": [
      [
        6115,
        0,
        7,
        1,
        38,
        0,
        0,
        2,
        396,
        0
      ],
      [
        280,
        4567,
        0,
        0,
        41,
        0,
        3,
        24,
        1,
        0
      ],
      [
        0,
        0,
        357,
        0,
        7,
        0,
        12,
        0,
        22,
        0
      ],
      [
        0,
        38,
        3,
        2648,
        0,
        0,
        0,
        6,
        1,
        0
      ],
      [
        122,
        1,
        6,
        25,
        1757,
        0,
        1,
        0,
        0,
        2
      ],
      [
        0,
        0,
        0,
        0,
        0,
        7215,
        42,
        0,
        0,
        4
      ],
      [
        0,
        0,
        0,
        0,
        0,
        7,
        3152,
        0,
        0,
        0
      ],
      [
        198,
        3,
        0,
        0,
        16,
        0,
        0,
        5436,
        0,
        17
      ],
      [
        10,
        1,
        1,
        1,
        4,
        6,
        0,
        46,
        3633,
        29
      ],
      [
        0,
        0,
        1,
        0,
        1,
        2,
        0,
        0,
        0,
        5207
      ]
    ],
    "class_labels": [
      0,
      1,
      2,
      3,
      4,
      5,
      6,
      7,
      8,
      9
    ]
  },
  "cv_aggregate": {
    "accuracy_mean": 0.952001431257466,
    "accuracy_std": 0.015178018678377708,
    "auc_pr_mean": 0.875153620207451,
    "auc_pr_std": 0.024279136124937966,
    "edr_mean": 1.0,
    "edr_std": 0.0,
    "f1_macro_mean": 0.9278658555725394,
    "f1_macro_std": 0.015836908332876654,
    "f1_weighted_mean": 0.9526807548323394,
    "f1_weighted_std": 0.01520717105037872
  },
  "cv_fold_results": [
    {
      "fold_idx": 0,
      "metrics": {
        "f1_macro": 0.9073144314732658,
        "f1_weighted": 0.9504402340683528,
        "accuracy": 0.9478554159329016,
        "auc_pr": 0.8494972060441345,
        "edr": 1.0,
        "confusion_matrix": [
          [
            5024,
            0,
            94,
            0,
            96,
            0,
            6,
            12,
            0,
            11
          ],
          [
            0,
            3979,
            15,
            1,
            0,
            0,
            0,
            7,
            12,
            0
          ],
          [
            2,
            1,
            275,
            1,
            0,
            0,
            0,
            7,
            23,
            0
          ],
          [
            8,
            0,
            0,
            2078,
            83,
            0,
            0,
            0,
            1,
            0
          ],
          [
            103,
            0,
            57,
            9,
            1358,
            0,
            0,
            0,
            2,
            11
          ],
          [
            49,
            3,
            165,
            32,
            12,
            5495,
            22,
            8,
            2,
            18
          ],
          [
            3,
            0,
            19,
            0,
            33,
            3,
            2500,
            0,
            0,
            0
          ],
          [
            0,
            202,
            0,
            0,
            0,
            7,
            0,
            4179,
            0,
            190
          ],
          [
            108,
            1,
            48,
            8,
            2,
            5,
            27,
            25,
            2896,
            10
          ],
          [
            1,
            1,
            9,
            10,
            148,
            8,
            0,
            4,
            2,
            3972
          ]
        ],
        "class_labels": [
          0,
          1,
          2,
          3,
          4,
          5,
          6,
          7,
          8,
          9
        ]
      },
      "history": {
        "epochs_run": 38,
        "best_epoch": 17,
        "stopped_early": true,
        "final_train_loss": 0.030657020175317656,
        "final_val_loss": 0.4182444024874991
      },
      "cost": {
        "wall_time_seconds": 126.63,
        "gpu_memory_peak_mb": 128.03,
        "param_count": 124042,
        "trainable_params": 124042,
        "model_size_mb": 0.4732
      }
    },
    {
      "fold_idx": 1,
      "metrics": {
        "f1_macro": 0.9428382116105419,
        "f1_weighted": 0.9689310602001628,
        "accuracy": 0.9682763165777964,
        "auc_pr": 0.8990385139571421,
        "edr": 1.0,
        "confusion_matrix": [
          [
            5022,
            10,
            6,
            0,
            202,
            0,
            0,
            1,
            0,
            1
          ],
          [
            1,
            3836,
            0,
            0,
            0,
            0,
            0,
            171,
            0,
            0
          ],
          [
            25,
            1,
            278,
            0,
            0,
            0,
            0,
            0,
            17,
            0
          ],
          [
            0,
            3,
            3,
            2135,
            33,
            0,
            0,
            0,
            9,
            2
          ],
          [
            107,
            4,
            23,
            0,
            1405,
            0,
            0,
            0,
            0,
            1
          ],
          [
            0,
            0,
            6,
            1,
            1,
            5760,
            34,
            0,
            6,
            0
          ],
          [
            0,
            0,
            0,
            0,
            0,
            9,
            2546,
            0,
            0,
            0
          ],
          [
            3,
            174,
            0,
            0,
            0,
            0,
            0,
            4420,
            1,
            0
          ],
          [
            0,
            1,
            88,
            0,
            0,
            0,
            0,
            0,
            2854,
            24
          ],
          [
            0,
            0,
            20,
            0,
            70,
            1,
            0,
            0,
            0,
            4067
          ]
        ],
        "class_labels": [
          0,
          1,
          2,
          3,
          4,
          5,
          6,
          7,
          8,
          9
        ]
      },
      "history": {
        "epochs_run": 23,
        "best_epoch": 2,
        "stopped_early": true,
        "final_train_loss": 0.04301341909040761,
        "final_val_loss": 0.10222642714962597
      },
      "cost": {
        "wall_time_seconds": 76.25,
        "gpu_memory_peak_mb": 128.03,
        "param_count": 124042,
        "trainable_params": 124042,
        "model_size_mb": 0.4732
      }
    },
    {
      "fold_idx": 2,
      "metrics": {
        "f1_macro": 0.9461207138699637,
        "f1_weighted": 0.962169139131415,
        "accuracy": 0.9619854361717938,
        "auc_pr": 0.9027613566459003,
        "edr": 1.0,