{
  "test_metrics": {
    "f1_macro": 0.9618557992993468,
    "f1_weighted": 0.9662746518702895,
    "accuracy": 0.9661327231121282,
    "auc_pr": 0.9297416788313011,
    "edr": 1.0,
    "confusion_matrix": [
      [
        6095,
        2,
        4,
        0,
        56,
        0,
        0,
        6,
        396,
        0
      ],
      [
        279,
        4553,
        0,
        3,
        44,
        0,
        3,
        34,
        0,
        0
      ],
      [
        0,
        0,
        359,
        0,
        1,
        0,
        18,
        0,
        20,
        0
      ],
      [
        0,
        24,
        0,
        2669,
        2,
        0,
        0,
        0,
        1,
        0
      ],
      [
        88,
        1,
        1,
        34,
        1786,
        0,
        3,
        0,
        0,
        1
      ],
      [
        0,
        0,
        0,
        0,
        0,
        7208,
        44,
        1,
        0,
        8
      ],
      [
        0,
        0,
        0,
        0,
        0,
        0,
        3159,
        0,
        0,
        0
      ],
      [
        206,
        20,
        0,
        2,
        5,
        0,
        0,
        5437,
        0,
        0
      ],
      [
        7,
        1,
        6,
        0,
        21,
        0,
        0,
        5,
        3650,
        41
      ],
      [
        0,
        0,
        3,
        3,
        1,
        10,
        0,
        0,
        1,
        5193
      ]
    ],
    "class_labels": [
      0,
      1,
      2,
      3,
      4,
      5,
      6,
      7,
      8,
      9
    ]
  },
  "cv_aggregate": {
    "accuracy_mean": 0.9545975827431494,
    "accuracy_std": 0.01530280086807728,
    "auc_pr_mean": 0.8879315674827735,
    "auc_pr_std": 0.026976786324841663,
    "edr_mean": 1.0,
    "edr_std": 0.0,
    "f1_macro_mean": 0.936699746775172,
    "f1_macro_std": 0.016556970250324706,
    "f1_weighted_mean": 0.9551375522972873,
    "f1_weighted_std": 0.014552405547918187
  },
  "cv_fold_results": [
    {
      "fold_idx": 0,
      "metrics": {
        "f1_macro": 0.9095674692276858,
        "f1_weighted": 0.9327828546163571,
        "accuracy": 0.9303047488284631,
        "auc_pr": 0.8440244185257431,
        "edr": 1.0,
        "confusion_matrix": [
          [
            4584,
            37,
            35,
            10,
            523,
            0,
            0,
            52,
            0,
            2
          ],
          [
            0,
            3846,
            15,
            6,
            0,
            2,
            2,
            142,
            1,
            0
          ],
          [
            0,
            20,
            270,
            0,
            0,
            0,
            0,
            9,
            6,
            4
          ],
          [
            1,
            0,
            1,
            2076,
            88,
            0,
            0,
            1,
            2,
            1
          ],
          [
            82,
            0,
            21,
            13,
            1420,
            2,
            0,
            1,
            0,
            1
          ],
          [
            2,
            0,
            2,
            0,
            17,
            5500,
            27,
            231,
            0,
            27
          ],
          [
            44,
            1,
            0,
            0,
            30,
            12,
            2470,
            1,
            0,
            0
          ],
          [
            2,
            1,
            1,
            0,
            0,
            59,
            0,
            4170,
            0,
            345
          ],
          [
            42,
            5,
            46,
            5,
            0,
            12,
            0,
            2,
            2988,
            30
          ],
          [
            1,
            0,
            0,
            2,
            205,
            5,
            1,
            6,
            91,
            3844
          ]
        ],
        "class_labels": [
          0,
          1,
          2,
          3,
          4,
          5,
          6,
          7,
          8,
          9
        ]
      },
      "history": {
        "epochs_run": 21,
        "best_epoch": 0,
        "stopped_early": true,
        "final_train_loss": 0.0410329939340746,
        "final_val_loss": 0.36794469934612584
      },
      "cost": {
        "wall_time_seconds": 67.24,
        "gpu_memory_peak_mb": 87.16,
        "param_count": 271442,
        "trainable_params": 271442,
        "model_size_mb": 1.0355
      }
    },
    {
      "fold_idx": 1,
      "metrics": {
        "f1_macro": 0.9591564121119897,
        "f1_weighted": 0.9730421946109451,
        "accuracy": 0.9729794500029956,
        "auc_pr": 0.9248965631204011,
        "edr": 1.0,
        "confusion_matrix": [
          [
            5038,
            10,
            0,
            1,
            183,
            0,
            0,
            9,
            0,
            1
          ],
          [
            3,
            3819,
            0,
            0,
            0,
            0,
            0,
            186,
            0,
            0
          ],
          [
            26,
            2,
            279,
            0,
            0,
            0,
            0,
            0,
            14,
            0
          ],
          [
            0,
            0,
            0,
            2167,
            9,
            0,
            0,
            0,
            9,
            0
          ],
          [
            181,
            0,
            2,
            1,
            1335,
            0,
            12,
            2,
            0,
            7
          ],
          [
            0,
            0,
            3,
            7,
            13,
            5735,
            49,
            0,
            1,
            0
          ],
          [
            0,
            0,
            0,
            0,
            0,
            6,
            2549,
            0,
            0,
            0
          ],
          [
            6,
            73,
            0,
            0,
            0,
            0,
            0,
            4519,
            0,
            0
          ],
          [
            0,
            3,
            26,
            0,
            0,
            0,
            0,
            0,
            2938,
            0
          ],
          [
            0,
            1,
            0,
            0,
            36,
            16,
            0,
            0,
            4,
            4101
          ]
        ],
        "class_labels": [
          0,
          1,
          2,
          3,
          4,
          5,
          6,
          7,
          8,
          9
        ]
      },
      "history": {
        "epochs_run": 23,
        "best_epoch": 2,
        "stopped_early": true,
        "final_train_loss": 0.047028353000557375,
        "final_val_loss": 0.09387563277632129
      },
      "cost": {
        "wall_time_seconds": 71.02,
        "gpu_memory_peak_mb": 87.16,
        "param_count": 271442,
        "trainable_params": 271442,
        "model_size_mb": 1.0355
      }
    },
    {
      "fold_idx": 2,
      "metrics": {
        "f1_macro": 0.945044330508815,
        "f1_weighted": 0.9629046240332956,
        "accuracy": 0.9628473770248179,
        "auc_pr": 0.9009511791801825,
        "edr": 1.0,